id,code,name,brand,category,applications,short_description,full_description,image,featured,status,issues,source_url
7,822,822 TPR - KEO DÁN ĐỊNH VỊ,TPR,Keo xịt và hóa chất TPR,Mỹ Thuật|Nghệ Thuật Quảng Cáo|May Mặc,"Một sản phẩm rất cần thiết cho các xưởng dệt may & xưởng thêu. Giúp xử lý được nhiều vấn đề trong qúa trình ráp nối & định vị các chi tiếtCó thể lột ra dán lại nhiều lần, không làm nhăn bề mặt vải. Không gây dính keo...","Một sản phẩm rất cần thiết cho các xưởng dệt may & xưởng thêu.
Giúp xử lý được nhiều vấn đề trong qúa trình ráp nối & định vị các chi tiếtCó thể lột ra dán lại nhiều lần, không làm nhăn bề mặt vải.
Không gây dính keo lên thân kim may & kim thêu
Công thức pha chế rất sạch, không bị ngấm qua vải & qua giấy.",data/crawl/assets/12923f274ee76bfa.png,true,needs_review,,https://sprayway-tpr.com/vn/san-pham/7/822-tpr-keo-dan-dinh-vi.html
16,961,961 - DẦU CHỐNG RỈ SÉT,Sprayway,Bình xịt công nghiệp Sprayway,Ngoại Thất Ô tô|Thiết Bị Tự Động|Kiếng và Gương|Dịch Vụ Sửa Chữa|Dịch Vụ Bảo Trì|Siêu Thị|May Mặc|Quảng Cáo,"Chai xịt 961 giúp tháo gỡ dễ dàng các bu-lông, ốc vít, cơ cấu kim loại, ... bị rỉ sét do lâu ngày. Có tác dụng bôi trơn & bảo vệ cho các chi tiết cơ khí khi tháo gỡ (giảm hư hại phần răng ốc, giảm đứt gãy ốc, ...) Cha...","Chai xịt 961 giúp tháo gỡ dễ dàng các bu-lông, ốc vít, cơ cấu kim loại, ... bị rỉ sét do lâu ngày.
Có tác dụng bôi trơn & bảo vệ cho các chi tiết cơ khí khi tháo gỡ (giảm hư hại phần răng ốc, giảm đứt gãy ốc, ...)
Chai xịt 961 có tác dụng bôi trơn & chống rỉ sét khi phun lên chi tiết kim loại, công cụ cơ khí, ...
Không dẫn điện, lâu bị khô.",data/crawl/assets/efa83ed845ca4f99.png,false,needs_review,,https://sprayway-tpr.com/vn/san-pham/16/hoil-penetrating-oil---rust-preventative.html
28,043,043 - CHẤT LAU KIẾNG (CÓ CHỨA CHẤT AMMONIATE),Sprayway,Bình xịt công nghiệp Sprayway,Ngoại Thất Ô tô|Phụ Tùng Ô tô|Thiết Bị Ô tô|Thiết Bị Tự Động|Gia Dụng & Nội Thất|Kiếng và Gương|Dịch Vụ Sửa Chữa|Hàng Tiêu Dùng|Dịch Vụ Bảo Trì|Siêu Thị|Ngành Gỗ,"Chất tẩy cao cấp dạng bọt, không bị chảy phí. Tẩy sạch các vết bẩn trên bề mặt tiếp xúc Nhanh khô, không để lại bụi. Chứa chất ammonia -không gây hại","Chất tẩy cao cấp dạng bọt, không bị chảy phí.
Tẩy sạch các vết bẩn trên bề mặt tiếp xúc
Nhanh khô, không để lại bụi.
Chứa chất ammonia -không gây hại",data/crawl/assets/114344ee615eed16.jpg,false,needs_review,,https://sprayway-tpr.com/vn/san-pham/28/ammoniated-glass-cleaner.html
42,938,938 - TỰ ĐỘNG SÁNG BÓNG NGAY TỨC THÌ (Không chứa silicone),Sprayway,Bình xịt công nghiệp Sprayway,Ngoại Thất Ô tô|Phụ Tùng Ô tô|Thiết Bị Ô tô|Thiết Bị Tự Động,Tạo độ sáng bóng cho các ứng dụng nói chung và các khu vực khó tiếp cận. Tuyệt vời để sử dụng cho các chi tiết sản phẩm sơn. Làm sáng bóng nhanh và lâu dài. Không làm tổn hại bề mặt sơn tươi. Không chứa silicone.,"Tạo độ sáng bóng cho các ứng dụng nói chung và các khu vực khó tiếp cận.
Tuyệt vời để sử dụng cho các chi tiết sản phẩm sơn.
Làm sáng bóng nhanh và lâu dài.
Không làm tổn hại bề mặt sơn tươi.
Không chứa silicone.",data/crawl/assets/e61511a939b32de1.jpg,true,needs_review,,https://sprayway-tpr.com/vn/san-pham/42/auto-care-non-silicone-instant-shine.html
52,077,077 - DẦU SILICONE BÔI TRƠN DẠNG ƯỚT,Sprayway,Bình xịt công nghiệp Sprayway,Phụ Tùng Ô tô|Thiết Bị Tự Động|Điện Tử & Văn Phòng|Gia Dụng & Nội Thất|Kiếng và Gương|Nghệ Thuật Quảng Cáo|Dịch Vụ Sửa Chữa|Dịch Vụ Bảo Trì|May Mặc|Ngành Gỗ,"Loại dầu bôi trơn có hiệu quả kinh tế cao dùng trong ngành tiêu dùng, ngành may. Tránh được hiện tượng máy bị khô, giảm tiếng ồn do ma sát. Ngoài ra còn có lớp bảo vệ kim loại không rỉ sét, tăng tuổi thọ máy. Dùng để...","Loại dầu bôi trơn có hiệu quả kinh tế cao dùng trong ngành tiêu dùng, ngành may.
Tránh được hiện tượng máy bị khô, giảm tiếng ồn do ma sát. Ngoài ra còn có lớp bảo vệ kim loại không rỉ sét, tăng tuổi thọ máy.
Dùng để bôi trơn các thiết bị truyền động, dao cắt, máy ép và các loại cơ khí...Sử dụng rộng rãi trong ngàng tiêu dùng, ngành dệt may, thêu (bôi trơn máy, chỉ) hạn chế tối đa hiện tượng đứt chỉ, nhảy mũi...tăng tốc độ và hiệu quả công việc.",data/crawl/assets/8c462b9e59d41d1c.png,true,needs_review,,https://sprayway-tpr.com/vn/san-pham/52/industrial-silicone-lubricant.html
54,092,092 - KEO DÁN CHỊU NHIỆT VÀ CHỊU NẶNG CAO,Sprayway,Bình xịt công nghiệp Sprayway,Ngoại Thất Ô tô|Phụ Tùng Ô tô|Thiết Bị Tự Động|Gia Dụng & Nội Thất|Kiếng và Gương|Dịch Vụ Sửa Chữa|Dịch Vụ Bảo Trì|Siêu Thị|Quảng Cáo|Ngành Gỗ,"Công thức cho ô tô chuyên nghiệp Dễ dàng kết dính những vật nặng như sắt, gỗ, nhựa. Chịu nhiệt cao, chịu nặng tốt, Chịu nhiệt và nước tuyệt vời, có phạm vi kết dính rộng, cho phép tái định vị.","Công thức cho ô tô chuyên nghiệp
Dễ dàng kết dính những vật nặng như sắt, gỗ, nhựa.
Chịu nhiệt cao, chịu nặng tốt,
Chịu nhiệt và nước tuyệt vời, có phạm vi kết dính rộng, cho phép tái định vị.",data/crawl/assets/0aed205a45288745.jpg,true,needs_review,,https://sprayway-tpr.com/vn/san-pham/54/fast-tack-hi-temp-heavy-duty-trim-adhesive.html
57,715,"715 - CHẤT BÔI TRƠN CHỊU NHIỆT CAO, KHÔNG BỊ KHÔ",Sprayway,Bình xịt công nghiệp Sprayway,Ngoại Thất Ô tô|Phụ Tùng Ô tô|Kiếng và Gương|Nghệ Thuật Quảng Cáo|Dịch Vụ Sửa Chữa|Dịch Vụ Bảo Trì|May Mặc|Quảng Cáo,"Được chế tạo cho các ứng dụng khi có kim loại tiếp xúc với kim loại & cần có bôi trơn Tạo ra lớp phim bôi trơn dạng mỡ, chịu nhiệt độ cao. Giúp chống rỉ sét cho các chi tiết được phun Giúp các máy móc chạy êm, tăng hi...","Được chế tạo cho các ứng dụng khi có kim loại tiếp xúc với kim loại & cần có bôi trơn
Tạo ra lớp phim bôi trơn dạng mỡ, chịu nhiệt độ cao.
Giúp chống rỉ sét cho các chi tiết được phun
Giúp các máy móc chạy êm, tăng hiệu qủa sử dụng máy.
Lớp mỡ tạo ra sẽ không bị rửa trôi, không bị chảy tuột, không bị khô nhanh.",data/crawl/assets/165479b83f1f9755.jpg,false,needs_review,,https://sprayway-tpr.com/vn/san-pham/57/industrial-white-grease-lubricant.html
88,676,676 - CHẤT LÀM SẠCH THẢM,Sprayway,Bình xịt công nghiệp Sprayway,Thiết Bị Ô tô|Điện Tử & Văn Phòng|Gia Dụng & Nội Thất|Hàng Tiêu Dùng|Dịch Vụ Bảo Trì|Siêu Thị,Thợ tẩy thảm bẩn cực mạnh với công thức đặc biệt tẩy điểm khó và vết bẩn trên thảm ngay lập tức Lý tưởng dùng để tẩy vết bẩn trước khi giặt Tầy sạch các vết bẩn nhanh chóng. Tia phun mạnh với công thức không tạo bọt g...,"Thợ tẩy thảm bẩn cực mạnh với công thức đặc biệt tẩy điểm khó và vết bẩn trên thảm ngay lập tức
Lý tưởng dùng để tẩy vết bẩn trước khi giặt
Tầy sạch các vết bẩn nhanh chóng.
Tia phun mạnh với công thức không tạo bọt giúp tẩy nhanh các vết bẩn mà không cần chà xát hoặc cọ rửa",data/crawl/assets/60dbacd8402f93a5.png,false,needs_review,,https://sprayway-tpr.com/vn/san-pham/88/carpet-spotter-plus.html
165,920,920 - DẦU ĐÁNH BÓNG,Sprayway,Bình xịt công nghiệp Sprayway,Gia Dụng & Nội Thất|Kiếng và Gương|Dịch Vụ Bảo Trì,"Công thức dành cho thủy tinh/gương và ngành mài ,đánh bóng kim loại và thủy tinh. Giảm thiểu băng và thay đổi. Giữ những góc cạnh mềm mại và dễ cắt gọt. Kéo dài tuổi thọ của vành đai và bánh xe. Tăng năng xuất. Cải th...","Công thức dành cho thủy tinh/gương và ngành mài ,đánh bóng kim loại và thủy tinh.
Giảm thiểu băng và thay đổi.
Giữ những góc cạnh mềm mại và dễ cắt gọt.
Kéo dài tuổi thọ của vành đai và bánh xe.
Tăng năng xuất.
Cải thiện chất lượng sản phẩm.",data/crawl/assets/4fc0c0894f9fe8d6.jpg,false,needs_review,,https://sprayway-tpr.com/vn/san-pham/165/industrial-polishing-oil.html
203,836,836 - DẦU TẨY RỬA CƯA VÀ CAO SU,Sprayway,Bình xịt công nghiệp Sprayway,Gia Dụng & Nội Thất|Dịch Vụ Sửa Chữa|Ngành Gỗ,"Được tạo với phần cứng chuyện nghiệp và ngành chế biến gỗ. Nhanh chóng làm sạch cưa, những phần bộ định vị và máy cắt máy ép. Dễ sử dụng, hoạt động chỉ trong vài phút. An toàn để sử dụng trên cacbua, thép tốc độ cao,...","Được tạo với phần cứng chuyện nghiệp và ngành chế biến gỗ.
Nhanh chóng làm sạch cưa, những phần bộ định vị và máy cắt máy ép.
Dễ sử dụng, hoạt động chỉ trong vài phút.
An toàn để sử dụng trên cacbua, thép tốc độ cao, thép stianless, và bề mặt gang.",data/crawl/assets/50f5112967067b95.jpg,true,needs_review,,https://sprayway-tpr.com/vn/san-pham/203/saw-cleaner-pitch---gum-remover.html
225,106,106 - CHẤT KHỬ MÙI HƯƠNG DÂU,Sprayway,Bình xịt công nghiệp Sprayway,Thiết Bị Ô tô|Hàng Tiêu Dùng|Siêu Thị,"Phun sương dạng khô, làm không khí mát mẻ, trong lành. Loại bỏ khói thuốc lá, các khí nặng mùi khác trong vài giây sau khi xịt. Sử dụng khoảng 30 ngày sau khi mở nắp. Có 9 mùi hương thơm dễ chịu.","Phun sương dạng khô, làm không khí mát mẻ, trong lành.
Loại bỏ khói thuốc lá, các khí nặng mùi khác trong vài giây sau khi xịt.
Sử dụng khoảng 30 ngày sau khi mở nắp.
Có 9 mùi hương thơm dễ chịu.",data/crawl/assets/5c63b8513d24fbfb.jpg,false,needs_review,,https://sprayway-tpr.com/vn/san-pham/225/mulberry-breeze-metered-air-freshener.html
229,110,110 - CHẤT KHỬ MÙI HƯƠNG VẢI GAI,Sprayway,Bình xịt công nghiệp Sprayway,Thiết Bị Ô tô|Hàng Tiêu Dùng|Siêu Thị,"Phun sương dạng khô, làm không khí mát mẻ, trong lành. Loại bỏ khói thuốc lá, các khí nặng mùi khác trong vài giây sau khi xịt. Sử dụng khoảng 30 ngày sau khi mở nắp. Có 9 mùi hương thơm dễ chịu.","Phun sương dạng khô, làm không khí mát mẻ, trong lành.
Loại bỏ khói thuốc lá, các khí nặng mùi khác trong vài giây sau khi xịt.
Sử dụng khoảng 30 ngày sau khi mở nắp.
Có 9 mùi hương thơm dễ chịu.",data/crawl/assets/5aac46ec586b1640.jpg,false,needs_review,,https://sprayway-tpr.com/vn/san-pham/229/fresh-linen-metered-air-freshener.html
231,116,116 - CHẤT KHỬ MÙI HƯƠNG XOÀI,Sprayway,Bình xịt công nghiệp Sprayway,Thiết Bị Ô tô|Hàng Tiêu Dùng|Siêu Thị,"Phun sương dạng khô, làm không khí mát mẻ, trong lành. Loại bỏ khói thuốc lá, các khí nặng mùi khác trong vài giây sau khi xịt. Sử dụng khoảng 30 ngày sau khi mở nắp. Có 9 mùi hương thơm dễ chịu.","Phun sương dạng khô, làm không khí mát mẻ, trong lành.
Loại bỏ khói thuốc lá, các khí nặng mùi khác trong vài giây sau khi xịt.
Sử dụng khoảng 30 ngày sau khi mở nắp.
Có 9 mùi hương thơm dễ chịu.",data/crawl/assets/2aba12b7ae8ab588.jpg,false,needs_review,,https://sprayway-tpr.com/vn/san-pham/231/marvelous-mango-metered-air-freshener.html
236,508,508 - SẢN PHẨM LÀM SẠCH VẢI,Sprayway,Bình xịt công nghiệp Sprayway,Thiết Bị Ô tô|Thiết Bị Tự Động|Điện Tử & Văn Phòng|Gia Dụng & Nội Thất|Hàng Tiêu Dùng|Siêu Thị,"Tẩy sạch vết bẩn tr&ecirc;n vải bọc nhanh ch&oacute;ng, hiệu quả. Chất tẩy dạng bọt cao cấp tẩy sạch vải nhanh ch&oacute;ng, v&agrave; kh&ocirc;.","Tẩy sạch vết bẩn trên vải bọc nhanh chóng, hiệu quả.
Chất tẩy dạng bọt cao cấp tẩy sạch vải nhanh chóng, và khô.",data/crawl/assets/d802c091347f0fb1.jpg,false,needs_review,,https://sprayway-tpr.com/vn/san-pham/236/fabric-cleaner-plus.html
237,558,558 - SẢN PHẨM LÀM SẠCH VẢI (PLUS),Sprayway,Bình xịt công nghiệp Sprayway,Thiết Bị Ô tô|Thiết Bị Tự Động|Gia Dụng & Nội Thất|Hàng Tiêu Dùng|Siêu Thị,"Tẩy sạch vết bẩn trên vải bọc nhanh chóng, hiệu quả. Có thể tẩy sạch vết bẩn ở những nơi khó nhất.. Sử dụng như chất tẩy rửa, tẩy sạch vết bẩn nhanh chóng, giúp vải trở nên sạch và khô ráo. Hương bạc hà tươi mát","Tẩy sạch vết bẩn trên vải bọc nhanh chóng, hiệu quả.
Có thể tẩy sạch vết bẩn ở những nơi khó nhất..
Sử dụng như chất tẩy rửa, tẩy sạch vết bẩn nhanh chóng, giúp vải trở nên sạch và khô ráo.
Hương bạc hà tươi mát",data/crawl/assets/898104d15b6e9bc3.jpg,false,needs_review,,https://sprayway-tpr.com/vn/san-pham/237/fabric-cleaner.html
238,575,575 - CHẤT LÀM SẠCH KHÔNG KHÍ,Sprayway,Bình xịt công nghiệp Sprayway,Thiết Bị Ô tô|Hàng Tiêu Dùng,"Tạo không khí dễ chịu, hương thơm lâu. Sử dụng trên rèm cửa, thảm, ghế nệm, giường, thùng rác, trong xe ô tô,&hellip; Có chứa thành phần hoạt chất - Ordenone TM","Tạo không khí dễ chịu, hương thơm lâu.
Sử dụng trên rèm cửa, thảm, ghế nệm, giường, thùng rác, trong xe ô tô,&hellip;
Có chứa thành phần hoạt chất - Ordenone TM",data/crawl/assets/46e26dafd6905288.jpg,false,needs_review,,https://sprayway-tpr.com/vn/san-pham/238/clean-breeze-air-freshener.html
240,811,811 - CHAI XỊT ĐÁNH BÓNG VÀ BẢO VỆ ĐỒ NỘI THẤT,Sprayway,Bình xịt công nghiệp Sprayway,Gia Dụng & Nội Thất|Hàng Tiêu Dùng|Siêu Thị|Ngành Gỗ,"Video giới thiệu chai xịt đánh bóng và bảo vệ đồ nội thất - 811: Liên hệ để được tư vấn: Phạm vi sử dụng rộng rãi, dùng cho bất kỳ bề mặt gỗ và nhiều bề mặt khác mà cần sự bảo vệ và chăm sóc đặc biệt. Chai xịt 811 tẩy...","Video giới thiệu chai xịt đánh bóng và bảo vệ đồ nội thất - 811:
Liên hệ để được tư vấn:
Phạm vi sử dụng rộng rãi, dùng cho bất kỳ bề mặt gỗ và nhiều bề mặt khác mà cần sự bảo vệ và chăm sóc đặc biệt.
Chai xịt 811 tẩy bụi, làm sạch và tạo lớp màng bảo vệ chống thấm khí, bụi. Còn có công dụng chống mài mòn, bảo vệ gỗ không bị ẩm ướt bên trong vì vậy đảm bảo được độ tươi sáng của gỗ. Ngoài ra còn có khả năng chống ánh nắng mặt trời và tia tử ngoại gây hại đồ nội thất bị phai màu, nứt nẻ và hiện tượng lão hóa.
Chai xịt 811 Bảo vệ tốt đồ nội thất, đồ gỗ, formica, nhựa, chrome, cẩm thạch, đồ sứ, đồ da.
Sử dụng hiệu quả và đơn giản. Chứa tinh dầu chanh.",data/crawl/assets/8ca7203bfcd2ca33.jpg,false,needs_review,,https://sprayway-tpr.com/vn/san-pham/240/furniture-polish.html
241,813,813 - CHẤT TẨY KẸO CAO SU,Sprayway,Bình xịt công nghiệp Sprayway,Dịch Vụ Sửa Chữa|Dịch Vụ Bảo Trì,"Hiệu quả trong việc tẩy kẹo cao su, sáp. Làm kẹo cao su đông cứng lại, giúp dễ dàng gỡ bỏ. Tẩy sạch không để lại cặn. Mùi hương cherry dễ chịu.","Hiệu quả trong việc tẩy kẹo cao su, sáp.
Làm kẹo cao su đông cứng lại, giúp dễ dàng gỡ bỏ.
Tẩy sạch không để lại cặn.
Mùi hương cherry dễ chịu.",data/crawl/assets/8bd97a2e4106cbda.jpg,true,needs_review,,https://sprayway-tpr.com/vn/san-pham/241/chewing-gum-remover.html
244,856,856 - CHẤT VỆ SINH VÁN CHÂN TƯỜNG,Sprayway,Bình xịt công nghiệp Sprayway,Dịch Vụ Sửa Chữa|Hàng Tiêu Dùng|Siêu Thị,"Công thức đặc biệt phục vụ vệ sinh chuyên nghiệp nơi máy hút bụi không làm được. Bọt thấm dễ dàng loại bỏ vết bẩn, sáp trên tường, sàn nhà, gạch ốp tường bằng sứ. Nhanh và dễ sử dụng, đặc biệt cho những bề mặt thẳng đ...","Công thức đặc biệt phục vụ vệ sinh chuyên nghiệp nơi máy hút bụi không làm được.
Bọt thấm dễ dàng loại bỏ vết bẩn, sáp trên tường, sàn nhà, gạch ốp tường bằng sứ.
Nhanh và dễ sử dụng, đặc biệt cho những bề mặt thẳng đứng.
Làm sạch trong vòng vài phút sau khi xịt.",data/crawl/assets/ce8981de480dbbd9.jpg,false,needs_review,,https://sprayway-tpr.com/vn/san-pham/244/baseboard-cleaner---wax-stripper.html
268,767,767 - BÌNH XỊT SILICONE ĐỘ DÍNH THẤP,Sprayway,Bình xịt công nghiệp Sprayway,Điện Tử & Văn Phòng|Dịch Vụ Sửa Chữa|Dịch Vụ Bảo Trì,"Bình xịt silicone đa năng kết hợp hiệu suất và giải phóng chất bôi trơn vào sản phẩm. Làm giảm ma sát, bảo vệ chống lại độ ẩm và tạo các bề mặt trơn cho các khu vực sản xuất. Cho phép xịt trên bề mặt sản phẩm và/hoặc...","Bình xịt silicone đa năng kết hợp hiệu suất và giải phóng chất bôi trơn vào sản phẩm.
Làm giảm ma sát, bảo vệ chống lại độ ẩm và tạo các bề mặt trơn cho các khu vực sản xuất.
Cho phép xịt trên bề mặt sản phẩm và/hoặc chất nền bao phủ tối đa và thời gian dừng với chất dư không đáng kể.",data/crawl/assets/ad50ba376e3d5d28.jpg,true,needs_review,,https://sprayway-tpr.com/vn/san-pham/268/industrial-silicone-spray-low-viscosity.html
272,945,945 - DẦU SILICONE BÔI TRƠN DẠNG KHÔ,Sprayway,Bình xịt công nghiệp Sprayway,Mỹ Thuật|Thiết Bị Tự Động|Gia Dụng & Nội Thất|Kiếng và Gương|Nghệ Thuật Quảng Cáo|Dịch Vụ Sửa Chữa|Dịch Vụ Bảo Trì|Siêu Thị|Khung Ảnh|In Lưới|May Mặc|Quảng Cáo|Ngành Gỗ,"Chai xịt bôi trơn 945 giúp chấm dứt sự kẹt dính của các chi tiết chuyển động, máy móc, công cụ điện, ... . Khô nhanh, không để lại trên chi tiết được phun lớp phim dầu ướt. Giúp giữ cho các chi tiết được phun được trơ...","Chai xịt bôi trơn 945 giúp chấm dứt sự kẹt dính của các chi tiết chuyển động, máy móc, công cụ điện, ... .
Khô nhanh, không để lại trên chi tiết được phun lớp phim dầu ướt.
Giúp giữ cho các chi tiết được phun được trơn & sạch sẽ.
Bảo vệ và giữ gìn thiết bị
Tiết kiệm thời gian và tăng năng suất.
Chai xịt bôi trơn 945 giup tăng tốc độ trong thao tác sản xuất.
Cắt đứt sự rít, kẹt máy, bảo vệ các bề mặt làm việc và làm chậm sự ăn mòn",data/crawl/assets/0f691612d6a126cb.jpg,true,needs_review,,https://sprayway-tpr.com/vn/san-pham/272/silicone-spray.html
273,946,946 - CHẤT BÔI TRƠN DẠNG SILICONE,Sprayway,Bình xịt công nghiệp Sprayway,Dịch Vụ Bảo Trì,Giúp thiết bị hoạt động dễ dàng hơn,"Giúp thiết bị hoạt động dễ dàng hơn
Giúp chấm dứt sự kẹt dính của các chi tiết chuyển động, máy móc, công cụ điện, ..., và bảo vệ thiết bị
Giảm sự ma sát, giảm mài mòn, giữ lớp ngoài vật thể không dễ bám bụi, tiết kiệm thời gian, tăng tốc độ trong thao tác sản xuất.
Mau khô, không để lại tỳ vết
Được FDA phê duyệt, có thể sử dụng trong các nhà máy chế biến thực phẩm, khu vực bếp.",data/crawl/assets/73746b7d88e8f984.jpg,true,needs_review,,https://sprayway-tpr.com/vn/san-pham/273/silicone-spray.html
275,958,958 - CHẤT TẨY NHANH KEO DÁN,Sprayway,Bình xịt công nghiệp Sprayway,Ngoại Thất Ô tô|Thiết Bị Tự Động|Kiếng và Gương|Dịch Vụ Sửa Chữa|Dịch Vụ Bảo Trì,"Giúp dễ dàng tẩy vết keo dán trên thủy tinh, thảm,.. Tẩy sạch vết keo dán decals, chrome trên khuôn đúc,&hellip; Làm mềm một số loại kính chắn gió chống thấm Cung cấp độ chính xác tuyệt đối khi vệ sinh ở những điểm kh...","Giúp dễ dàng tẩy vết keo dán trên thủy tinh, thảm,..
Tẩy sạch vết keo dán decals, chrome trên khuôn đúc,&hellip;
Làm mềm một số loại kính chắn gió chống thấm
Cung cấp độ chính xác tuyệt đối khi vệ sinh ở những điểm khó nhất.",data/crawl/assets/c8b9c0c819b7ec2b.jpg,true,needs_review,,https://sprayway-tpr.com/vn/san-pham/275/auto-glass-quick-release-agent.html
292,875,875 - CHẤT LÀM SẠCH BỤI BẨN TRÊN SÀN,Sprayway,Bình xịt công nghiệp Sprayway,Dịch Vụ Sửa Chữa|Hàng Tiêu Dùng|Siêu Thị,"Giúp vệ sinh và bảo trì dễ dàng hơn. Giúp bụi bám trên dẻ lau sàn- không đẩy bụi ra xung quanh. Giúp bụi bám trên xơ vải để dễ dàng vệ sinh. Tẩy sạch không để lại dầu. Sử dụng trên bề tông, và sàn đàn hồi.","Giúp vệ sinh và bảo trì dễ dàng hơn.
Giúp bụi bám trên dẻ lau sàn- không đẩy bụi ra xung quanh.
Giúp bụi bám trên xơ vải để dễ dàng vệ sinh.
Tẩy sạch không để lại dầu.
Sử dụng trên bề tông, và sàn đàn hồi.",data/crawl/assets/b4a897e8081d34fe.jpg,false,needs_review,,https://sprayway-tpr.com/vn/san-pham/292/dust-up-floor-dressing.html
296,990,990 - CHAI XỊT VỆ SINH VÀ BẢO VỆ ĐỒ DA,Sprayway,Bình xịt công nghiệp Sprayway,Ngoại Thất Ô tô|Thiết Bị Ô tô|Thiết Bị Tự Động|Gia Dụng & Nội Thất|Dịch Vụ Sửa Chữa|Hàng Tiêu Dùng|Siêu Thị,"Chai xịt 990 thích hợp dùng cho đồ nội thất, ô tô và vải trang trí Tẩy sạch, bảo vệ, khôi phục vinyl và tường trắng trông như mới. Sản phẩm có chứa dầu chồn, làm sản phẩm trở nên sang trọng hơn. Dễ dàng loại bỏ vết bẩ...","Chai xịt 990 thích hợp dùng cho đồ nội thất, ô tô và vải trang trí
Tẩy sạch, bảo vệ, khôi phục vinyl và tường trắng trông như mới.
Sản phẩm có chứa dầu chồn, làm sản phẩm trở nên sang trọng hơn.
Dễ dàng loại bỏ vết bẩn, vết ố, dấu vân tay, muối và bụi bẩn
Chai xịt 990 thích hợp để sử dụng cho các chất liệu naugahyde, vinyl và đồ da.
Một số hình ảnh chai xịt 990
Video Chai xịt 990:",data/crawl/assets/32f7d3fd4a12f396.jpg,false,needs_review,,https://sprayway-tpr.com/vn/san-pham/296/vinyl-leather-cleaner.html
312,032,032 - CHẤT DÙNG CHO IN ẤN,Sprayway,Bình xịt công nghiệp Sprayway,In Lưới|Quảng Cáo,Mở ra những vùng bị khô trên màn hình. Tương thích với tất cả các loại mực in màn hình. Mùi hương dễ chịu. Đảm bảo không để lại vết bám.,"Mở ra những vùng bị khô trên màn hình.
Tương thích với tất cả các loại mực in màn hình.
Mùi hương dễ chịu.
Đảm bảo không để lại vết bám.",data/crawl/assets/e07588483b71a609.png,false,needs_review,,https://sprayway-tpr.com/vn/san-pham/312/fast-open-premium-water-based-screen-opener.html
316,082,082 - KEO XỊT DẠNG PHUN SƯƠNG DÙNG TRONG IN VẢI,Sprayway,Bình xịt công nghiệp Sprayway,In Lưới,"Chuyên dùng định vị cho các sản phẩm dệt vải thun, giấy carton, sợi tổng hợp hoặc in lụa... Tái dán nhiều lần vẫn đảm bảo độ dính. Không thấm qua bề mặt khác của chất liệu.","Chuyên dùng định vị cho các sản phẩm dệt vải thun, giấy carton, sợi tổng hợp hoặc in lụa...
Tái dán nhiều lần vẫn đảm bảo độ dính.
Không thấm qua bề mặt khác của chất liệu.",data/crawl/assets/d64c3e7e3bc38fb0.jpg,true,needs_review,,https://sprayway-tpr.com/vn/san-pham/316/mist-type-spray-adhesive.html
317,083,083 - KEO XỊT LOẠI VẢI IN MÀU,Sprayway,Bình xịt công nghiệp Sprayway,In Lưới,Công thức đặc biệt cho các studio in ấn. Keo xịt kinh tế cho các loại máy in dệt may làm việc với áo nỉ và các vật liệu nặng khác. Gắn kết một cách dễ dàng với nhiều loại vật liệu mà không cần di chuyển vải. Không cho...,"Công thức đặc biệt cho các studio in ấn.
Keo xịt kinh tế cho các loại máy in dệt may làm việc với áo nỉ và các vật liệu nặng khác.
Gắn kết một cách dễ dàng với nhiều loại vật liệu mà không cần di chuyển vải.
Không cho phép chuyển đổi vật liệu trong quá trình in.",data/crawl/assets/cee497c14a6fe08e.jpg,true,needs_review,,https://sprayway-tpr.com/vn/san-pham/317/web-type-spray-adhesive.html
318,084,084 - KEO XỊT ĐỊNH VỊ VẢI KHI IN LỤA(chịu nhiệt cao),Sprayway,Bình xịt công nghiệp Sprayway,In Lưới,Công thức được thiết kế đặc biệt cho các cửa hàng in ấn màn hình. Hoàn hảo cho các ứng dụng và nhiệt độ cần thiết để khắc phục plastisol mực. An toàn để sử dụng trên nhiều loại vải. Keo xịt cao cấp chất lượng cao. Sẽ...,"Công thức được thiết kế đặc biệt cho các cửa hàng in ấn màn hình.
Hoàn hảo cho các ứng dụng và nhiệt độ cần thiết để khắc phục plastisol mực.
An toàn để sử dụng trên nhiều loại vải.
Keo xịt cao cấp chất lượng cao.
Sẽ không in lại hoặc cho phép thay đổi trong quá trình in ấn màn hình.",data/crawl/assets/301708b7f12c6dee.jpg,true,needs_review,,https://sprayway-tpr.com/vn/san-pham/318/super-flash-spray-adhesive.html
320,206,206 - CHẤT TẨY BẨN PHIM MÀU,Sprayway,Bình xịt công nghiệp Sprayway,Điện Tử & Văn Phòng|Nghệ Thuật Quảng Cáo|In Lưới,"Chuyên dùng cho văn phòng, cơ sở in lụa, xưởng in ấn,&hellip; Giúp tẩy an toàn phim, màn hình màu, drum máy scan,&hellip; Loại bỏ dấu tay, vết băng keo, mỡ, bút chì, vết dơ. Giúp tăng độ sắc nét của phim màu. Dễ sử dụ...","Chuyên dùng cho văn phòng, cơ sở in lụa, xưởng in ấn,&hellip;
Giúp tẩy an toàn phim, màn hình màu, drum máy scan,&hellip;
Loại bỏ dấu tay, vết băng keo, mỡ, bút chì, vết dơ.
Giúp tăng độ sắc nét của phim màu.
Dễ sử dụng, nhanh khô, không để lại dấu vết",data/crawl/assets/e37a36a536a53f49.jpg,true,needs_review,,https://sprayway-tpr.com/vn/san-pham/320/specialty-film-cleaner.html
322,211,211 - KEO HOẠT TÍNH,Sprayway,Bình xịt công nghiệp Sprayway,In Lưới,"Đối với các ứng dụng trong ngành ô tô, lắp ráp đèn, và sửa chữa nhanh chóng trong Keo cyanoacrylate làm việc với tất cả hầu hết để tạo liên kết nhanh chóng và vĩnh viễn. Xịt aerosol loại bỏ nguyên nhân chồng đè lên nh...","Đối với các ứng dụng trong ngành ô tô, lắp ráp đèn, và sửa chữa nhanh chóng trong
Keo cyanoacrylate làm việc với tất cả hầu hết để tạo liên kết nhanh chóng và vĩnh viễn.
Xịt aerosol loại bỏ nguyên nhân chồng đè lên nhau và bỏ qua liên kết với các sản phẩm phun bơm.
Đạt được phù hợp thời gian bảo dưỡng sau một thời gian.",data/crawl/assets/6abe9f1335e8539f.jpg,true,needs_review,,https://sprayway-tpr.com/vn/san-pham/322/adhesive-activator.html
328,957,957 - CHẤT LÀM THÔNG LƯỚI KHUNG IN,Sprayway,Bình xịt công nghiệp Sprayway,In Lưới|Quảng Cáo,"Mở các khu vực khô trên màn hình các máy in được sử dụng và màn hình cá nhân. Thích hợp cho tất cả các loại mực in Đảm bảo tính thông thoáng, không bị nghẽn của các lỗ lưới, caro.. Đảm bảo không để lại bụi bẩn Chỉ sử...","Mở các khu vực khô trên màn hình các máy in được sử dụng và màn hình cá nhân.
Thích hợp cho tất cả các loại mực in
Đảm bảo tính thông thoáng, không bị nghẽn của các lỗ lưới, caro..
Đảm bảo không để lại bụi bẩn
Chỉ sử dụng cho các loại bảng phim trực tiếp hoặc gián tiếp dạng lưới, bảng định hình, giấy sáp.",data/crawl/assets/6993093665bd25a6.png,false,needs_review,,https://sprayway-tpr.com/vn/san-pham/328/instant-screen-opener.html
338,821,821 - KEO XỊT CHỐNG TƯA MÉP VẢI,Sprayway,Bình xịt công nghiệp Sprayway,Gia Dụng & Nội Thất|May Mặc,"Đặc biệt được tạo ra để giúp nhân viên ngành may làm việc hiệu quả hơn. Loại bỏ sự thất thoát và lãng phí trong quá trình may, hao phí nguyên liệu. Ngăn chặn tình trạng sơ mép và trượt vải - tiết kiệm lao động và thời...","Đặc biệt được tạo ra để giúp nhân viên ngành may làm việc hiệu quả hơn.
Loại bỏ sự thất thoát và lãng phí trong quá trình may, hao phí nguyên liệu.
Ngăn chặn tình trạng sơ mép và trượt vải - tiết kiệm lao động và thời gian.
Nhanh khô; hoàn hảo và an toàn cho các loại vải.",data/crawl/assets/23d3dd6d63757746.jpg,true,needs_review,,https://sprayway-tpr.com/vn/san-pham/338/no-fray-spray.html
339,823,823 - TẨY BĂNG CHUYỀN MÁY ÉP CỔ ÁO,Sprayway,Bình xịt công nghiệp Sprayway,May Mặc,chai xit sprayway,"Chai xịt 823 được thiết kế và sản xuất cho ngành may mặc.
Hiệu quả loại bỏ cặn bám trên các bề mặt điều hành máy móc, bàn là, thắt lưng, và ép.
Giảm liên kết của chất kết dính tráng trên bề mặt Teflon&reg;.
Chai xịt 823 không cháy trong điều kiện nung chảy. (Điểm cháy: 240 &deg; C/465 &deg; F; điểm đánh lửa: trên 240 &deg; C/465 &deg; F)
Chứa chất silicone cao.
Liên hệ ngay để được tư vấn:",data/crawl/assets/baae2269d59e5627.jpg,true,needs_review,,https://sprayway-tpr.com/vn/san-pham/339/fusing-machine-cleaner.html
367,208,208 - DUNG DỊCH HỖ TRỢ MỰC TONER,Sprayway,Bình xịt công nghiệp Sprayway,Điện Tử & Văn Phòng|Nghệ Thuật Quảng Cáo|In Lưới,"100% trong suốt, tăng độ tương phản sáng tối cho mực toner. Giúp tăng độ phân giải khi xuất bản phim in lụa. Hình ảnh trên phim rõ ràng, sắc nét.","100% trong suốt, tăng độ tương phản sáng tối cho mực toner.
Giúp tăng độ phân giải khi xuất bản phim in lụa.
Hình ảnh trên phim rõ ràng, sắc nét.",data/crawl/assets/e65540503d786ae0.jpg,false,needs_review,,https://sprayway-tpr.com/vn/san-pham/367/toner-aide.html
373,880,880 - CHAI XỊT TẨY VẾT MỰC VÀ SƠN PHUN,Sprayway,Bình xịt công nghiệp Sprayway,Kiếng và Gương|Dịch Vụ Sửa Chữa|Hàng Tiêu Dùng|Dịch Vụ Bảo Trì|Siêu Thị,"Tẩy các vết bút chì màu, son môi, mực in và sơn phun. Sử dụng trên các loại vật liệu như đá, gạch, thép men, thủy tinh, formica và nhiều bề mặt khác. Các công trình trên đá, gạch, thép men, thủy tinh, sứ, phoocmica và...","Tẩy các vết bút chì màu, son môi, mực in và sơn phun. Sử dụng trên các loại vật liệu như đá, gạch, thép men, thủy tinh, formica và nhiều bề mặt khác.
Các công trình trên đá, gạch, thép men, thủy tinh, sứ, phoocmica và các bề mặt khác.
Có thể tẩy các vết bẩn từ băng keo và dầu.",data/crawl/assets/6ab94a4f88469d7a.jpg,true,needs_review,,https://sprayway-tpr.com/vn/san-pham/373/gel-vandal-mark-remover.html
376,950,950 - CHẤT CHỐNG ĐÔNG MỰC – Thời gian dài,Sprayway,Bình xịt công nghiệp Sprayway,Nghệ Thuật Quảng Cáo|In Lưới|Quảng Cáo,"Tránh tình trạng mực bị khô trong chai, khung in lụa,&hellip; trong khoảng thời gian dài ( mực để qua đêm hoặc ngày nghỉ cuối tuần). Được sử dụng đúng cách, ngăn ngừa mực đông trên con lăn, máy in, mực trong chai. Giú...","Tránh tình trạng mực bị khô trong chai, khung in lụa,&hellip; trong khoảng thời gian dài ( mực để qua đêm hoặc ngày nghỉ cuối tuần).
Được sử dụng đúng cách, ngăn ngừa mực đông trên con lăn, máy in, mực trong chai.
Giúp mực lâu khô trên màn hình.
Thích hợp cho tất cả các loại mực in.",data/crawl/assets/e8e8a2f9ccda551c.png,false,needs_review,,"https://sprayway-tpr.com/vn/san-pham/376/ink-anti-skin,-long-term.html"
377,955,955 - BÌNH XỊT KHỬ TĨNH ĐIỆN,Sprayway,Bình xịt công nghiệp Sprayway,Điện Tử & Văn Phòng|Nghệ Thuật Quảng Cáo|Dịch Vụ Sửa Chữa|Dịch Vụ Bảo Trì|Siêu Thị|In Lưới|Quảng Cáo,"Chống tĩnh điện, giúp ngăn ngừa bụi, bảo vệ thiết bị điện. Giúp ngăn ngừa mất dữ liệu và thiệt hại cho bộ nhớ của máy tính. Sử dụng trên thảm tự nhiên hay tổng hợp, đồ nội thất,rèm, ghế. Có thể sử dụng trên con lăn ki...","Chống tĩnh điện, giúp ngăn ngừa bụi, bảo vệ thiết bị điện.
Giúp ngăn ngừa mất dữ liệu và thiệt hại cho bộ nhớ của máy tính.
Sử dụng trên thảm tự nhiên hay tổng hợp, đồ nội thất,rèm, ghế.
Có thể sử dụng trên con lăn kim loại, chuyển động dây cuaro, máy scan, thiết bị xử lý hình ảnh điện tử.",data/crawl/assets/47aa97ba7edcd4a4.png,false,needs_review,,https://sprayway-tpr.com/vn/san-pham/377/anti-static-spray.html
389,050,050 - CHAI XỊT VỆ SINH KÍNH,Sprayway,Bình xịt công nghiệp Sprayway,Ngoại Thất Ô tô|Phụ Tùng Ô tô|Thiết Bị Ô tô|Thiết Bị Tự Động|Gia Dụng & Nội Thất|Kiếng và Gương|Dịch Vụ Sửa Chữa|Hàng Tiêu Dùng|Dịch Vụ Bảo Trì|Siêu Thị|Ngành Gỗ,"Hãy liên hệ ngay để được tư vấn: Chai xịt 050 - Sản phẩm chai xịt kiếng tốt nhất trên thế giới. Thích hợp vệ sinh kiếng, cửa sổ, gương, kính che gió,đồ bằng men, sứ, chrome, ngói,&hellip; Tẩy sạch bụi bẩn, vết dầu mỡ....","Hãy liên hệ ngay để được tư vấn:
Chai xịt 050 - Sản phẩm chai xịt kiếng tốt nhất trên thế giới. Thích hợp vệ sinh kiếng, cửa sổ, gương, kính che gió,đồ bằng men, sứ, chrome, ngói,&hellip;
Tẩy sạch bụi bẩn, vết dầu mỡ.
Đảm bảo không để lại bụi.
Chai xịt 050 có mùi thơm rất dễ chịu.",data/crawl/assets/b2fdc25564025f2a.jpg,false,needs_review,,https://sprayway-tpr.com/vn/san-pham/389/glass-cleaner.html
394,805,805 - CHAI TẨY BỤI CHỊU NHIỆT DẠNG HƠI,Sprayway,Bình xịt công nghiệp Sprayway,Mỹ Thuật|Điện Tử & Văn Phòng|Nghệ Thuật Quảng Cáo|Dịch Vụ Sửa Chữa|Dịch Vụ Bảo Trì|Siêu Thị|Khung Ảnh|In Lưới|May Mặc|Quảng Cáo,"Chai siêu tẩy bụi dạng áp suất hơi có thề thổi sạch các chất lớp bụi bám cho các bề mặt tiếp xúc cực nhỏ hoặc các vi mạch, dùng cho bàn phím, thiết bị chụp hoặc các thiết bị dẫn điện trong gia đình, cơ quan, văn phòng...","Chai siêu tẩy bụi dạng áp suất hơi có thề thổi sạch các chất lớp bụi bám cho các bề mặt tiếp xúc cực nhỏ hoặc các vi mạch, dùng cho bàn phím, thiết bị chụp hoặc các thiết bị dẫn điện trong gia đình, cơ quan, văn phòng, xưởng may, phòng tranh,&hellip;
Khó bắt lửa, áp suất xịt cực mạnh
Sử dụng an toàn trên tất cả các thiết bị điện tử.",data/crawl/assets/209b1b88ff72bd6f.jpg,true,needs_review,,https://sprayway-tpr.com/vn/san-pham/394/clean-jet-100.html
397,848,848 - CHẤT TẨY NHỰA,Sprayway,Bình xịt công nghiệp Sprayway,Mỹ Thuật|Thiết Bị Ô tô|Điện Tử & Văn Phòng|Kiếng và Gương|Dịch Vụ Sửa Chữa|Khung Ảnh|Quảng Cáo|Ngành Gỗ,"Có thể sử dụng trên nhiều bề mặt như nhựa acrylics, thủy tinh, chrome, formica, đồ sứ,cẩm thạch,&hellip; Không để lại dấu tay, bụi bẩn. Chống tĩnh điện, chống sương mù. Nhanh khô Không chứa hóa chất hay chất làm mòn ả...","Có thể sử dụng trên nhiều bề mặt như nhựa acrylics, thủy tinh, chrome, formica, đồ sứ,cẩm thạch,&hellip;
Không để lại dấu tay, bụi bẩn.
Chống tĩnh điện, chống sương mù. Nhanh khô
Không chứa hóa chất hay chất làm mòn ảnh hưởng đến bề mặt phẳng.",data/crawl/assets/35e070fa0fd45f4b.jpg,true,needs_review,,https://sprayway-tpr.com/vn/san-pham/397/plastic-cleaner.html
404,563,563 - LÀM SẠCH BỘ CHẾ HÒA KHÍ VÀ CHOKE (BƯỚM GIÓ) Ô TÔ,Sprayway,Bình xịt công nghiệp Sprayway,Phụ Tùng Ô tô,"Loại bỏ cao su và véc ni tích tụ. Loại bỏ những chi tiết bị kẹt, giảm hao nhiên liệu. Rửa sạch hệ thống phun nhiên liệu. Không để lại vết. Làm sạch ống cổ bộ chế hòa khí, tự động sặc van bướm, van PCV , liên kết...","Loại bỏ cao su và véc ni tích tụ.
Loại bỏ những chi tiết bị kẹt, giảm hao nhiên liệu.
Rửa sạch hệ thống phun nhiên liệu.
Không để lại vết.
Làm sạch ống cổ bộ chế hòa khí, tự động sặc van bướm, van PCV , liên kết...",data/crawl/assets/b7a7f1d130ea01d5.jpg,false,needs_review,,https://sprayway-tpr.com/vn/san-pham/404/automotive-carburetor---choke-cleaner.html
405,719,719 - TẨY MIẾNG ĐỆM,Sprayway,Bình xịt công nghiệp Sprayway,Ngoại Thất Ô tô|Phụ Tùng Ô tô|Dịch Vụ Sửa Chữa|Dịch Vụ Bảo Trì,"Tiết kiệm thời gian và sức lao động cho nhân viên Tẩy miếng đệm dễ dàng, ngay cả khi khó khăn. Phù hợp cho các máy móc thiết bị ô tô, hàng hải, nông nghiệp... An toàn để sử dụng trên các bề mặt kim loại. Không để lại...","Tiết kiệm thời gian và sức lao động cho nhân viên
Tẩy miếng đệm dễ dàng, ngay cả khi khó khăn.
Phù hợp cho các máy móc thiết bị ô tô, hàng hải, nông nghiệp...
An toàn để sử dụng trên các bề mặt kim loại.
Không để lại vết và dư lượng.",data/crawl/assets/9354863027273b81.jpg,true,needs_review,,https://sprayway-tpr.com/vn/san-pham/405/gasket-remover.html
406,725,725 - CHỐNG TIA HÀN VĂNG,Sprayway,Bình xịt công nghiệp Sprayway,Ngoại Thất Ô tô|Phụ Tùng Ô tô|Kiếng và Gương|Dịch Vụ Sửa Chữa|Dịch Vụ Bảo Trì|Quảng Cáo,"Tiện dụng cho ô tô, điện tử, phần cứng, bảng trưng bày, hàn,&hellip; Ngăn chặn sự tích tụ của các tia hàn ở đầu vòi súng hàn Giảm thời gian chết bởi sự văng các tia hàn. Chịu nhiệt cao, không ảnh hưởng đến các hoạt động","Tiện dụng cho ô tô, điện tử, phần cứng, bảng trưng bày, hàn,&hellip;
Ngăn chặn sự tích tụ của các tia hàn ở đầu vòi súng hàn
Giảm thời gian chết bởi sự văng các tia hàn.
Chịu nhiệt cao, không ảnh hưởng đến các hoạt động",data/crawl/assets/5149467a6b28ae8b.jpg,false,needs_review,,https://sprayway-tpr.com/vn/san-pham/406/industrial-welders-anti-spatter-spray.html
407,731,731 - CHẤT VỆ SINH NỘI THẤT CỦA XE HƠI,Sprayway,Bình xịt công nghiệp Sprayway,Ngoại Thất Ô tô|Phụ Tùng Ô tô|Thiết Bị Ô tô|Thiết Bị Tự Động,"Hiệu quả trong việc vệ sinh ghế, thảm, cửa xe,&hellip; Giúp nội thất xe hơi và xe tải trông như mới. Không để lại vải ướt. Mùi hương tươi mới.","Hiệu quả trong việc vệ sinh ghế, thảm, cửa xe,&hellip;
Giúp nội thất xe hơi và xe tải trông như mới.
Không để lại vải ướt.
Mùi hương tươi mới.",data/crawl/assets/252478fd7e09be60.jpg,false,needs_review,,https://sprayway-tpr.com/vn/san-pham/407/auto-care-velour-shampoo---interior-cleaner.html
408,735,735 - CHẤT BẢO VỆ LỚP SƠN XE HƠI,Sprayway,Bình xịt công nghiệp Sprayway,Ngoại Thất Ô tô|Thiết Bị Ô tô|Dịch Vụ Sửa Chữa|Dịch Vụ Bảo Trì,"Công thức đặc biệt dùng cho ô tô chuyên nghiệp. Bảo vệ những nơi thay thế, panel mới, những nơi sửa chữa và mối hàn. Ngăn ngừa rỉ sét, giảm cường độ âm thanh, chống ẩm mốc. Bề mặt phủ sơn được bảo vệ không bị ăn mòn.","Công thức đặc biệt dùng cho ô tô chuyên nghiệp.
Bảo vệ những nơi thay thế, panel mới, những nơi sửa chữa và mối hàn.
Ngăn ngừa rỉ sét, giảm cường độ âm thanh, chống ẩm mốc.
Bề mặt phủ sơn được bảo vệ không bị ăn mòn.",data/crawl/assets/bb5843896d11f668.jpg,false,needs_review,,https://sprayway-tpr.com/vn/san-pham/408/auto-body-rubberized-undercoating.html
409,753,753 - CHAI XỊT BÔI TRƠN LÀM BÓNG,Sprayway,Bình xịt công nghiệp Sprayway,Ngoại Thất Ô tô|Phụ Tùng Ô tô|Thiết Bị Ô tô,"Sản phẩm có công thức đặc biệt chứa chất Carnauba Wax & DuPont ZONYL&reg;. Giúp cho lớp sơn có độ bóng tối đa, đồng thời hiệu quả trong việc ngăn ngừa quá trình oxy hóa của bề mặt sơn. Cung cấp độ bóng tối đa, độ bền,...","Sản phẩm có công thức đặc biệt chứa chất Carnauba Wax & DuPont ZONYL&reg;.
Giúp cho lớp sơn có độ bóng tối đa, đồng thời hiệu quả trong việc ngăn ngừa quá trình oxy hóa của bề mặt sơn. Cung cấp độ bóng tối đa, độ bền, và tăng tuổi thọ.
Sản phẩm thiết kế dành cho ngành ô tô, sử dụng làm bóng bề mặt ôtô.",data/crawl/assets/c544c9885d18508e.png,false,needs_review,,https://sprayway-tpr.com/vn/san-pham/409/wax-and-shine.html
410,758,758 - CHẤT CHỐNG BĂNG,Sprayway,Bình xịt công nghiệp Sprayway,Phụ Tùng Ô tô|Dịch Vụ Sửa Chữa|Dịch Vụ Bảo Trì,"Giúp làm tan băng nhanh chóng và dễ dàng từ ổ khóa, gạt kính xe, cửa sổ, kính chắn gió, hoặc đèn pha. Sử dụng cho ô tô, xe tải, xe buýt, taxi, máy bay,&hellip; bất cứ nơi nào có băng và sương mù gây trở ngại. Nên dùng...","Giúp làm tan băng nhanh chóng và dễ dàng từ ổ khóa, gạt kính xe, cửa sổ, kính chắn gió, hoặc đèn pha.
Sử dụng cho ô tô, xe tải, xe buýt, taxi, máy bay,&hellip; bất cứ nơi nào có băng và sương mù gây trở ngại.
Nên dùng trước khi thời tiết giá lạnh để chống hiện tượng đông cứng.
Không gây hại cho xe.",data/crawl/assets/ef24580cf0261462.jpg,false,needs_review,,https://sprayway-tpr.com/vn/san-pham/410/industrial-de-icer.html
412,869,869 - CHAI XỊT VỆ SINH THẢM & VẢI BỌC GHẾ DẠNG BỌT,Sprayway,Bình xịt công nghiệp Sprayway,Phụ Tùng Ô tô|Thiết Bị Ô tô|Thiết Bị Tự Động|Gia Dụng & Nội Thất|Dịch Vụ Sửa Chữa|Hàng Tiêu Dùng|Siêu Thị,"Chai xịt 869 tẩy sạch vết bẩn trên thảm, vải bọc, vải nhung. Không sử dụng trên chất liệu bọc lụa. Mùi hương tươi mát Hình ảnh chai xịt 869: Video chai xịt 869: Liên hệ ngay để được tư vấn: Chai xịt 869 tẩy sạch vết b...","Chai xịt 869 tẩy sạch vết bẩn trên thảm, vải bọc, vải nhung.
Không sử dụng trên chất liệu bọc lụa.
Mùi hương tươi mát
Hình ảnh chai xịt 869:
Video chai xịt 869:
Liên hệ ngay để được tư vấn:
Chai xịt 869 tẩy sạch vết bẩn trên thảm, vải bọc, vải nhung.
Không sử dụng trên chất liệu bọc lụa.
Mùi hương tươi mát",data/crawl/assets/4b61c3ed0eadc138.jpg,false,needs_review,,https://sprayway-tpr.com/vn/san-pham/412/foaming-rug---upholstery-cleaner.html
413,879,"879 - CHAI XỊT TẨY VẾT BẨN TRÊN THẢM, GHẾ NỆM.",Sprayway,Bình xịt công nghiệp Sprayway,Ngoại Thất Ô tô|Phụ Tùng Ô tô|Thiết Bị Ô tô|Thiết Bị Tự Động|Gia Dụng & Nội Thất|Hàng Tiêu Dùng|Siêu Thị,"Chai xịt 879 làm sạch và khử mùi trên thảm, ghế nệm. Loại bỏ các vết ố từ sơn dầu và sơn nước. Làm sạch nhanh chóng nhờ thẩm thấu nhanh. Chứa chất tẩy rửa mạnh để loại bỏ vết bẩn do bụi bẩn, mực in, dầu, mỡ, máu, cà p...","Chai xịt 879 làm sạch và khử mùi trên thảm, ghế nệm.
Loại bỏ các vết ố từ sơn dầu và sơn nước.
Làm sạch nhanh chóng nhờ thẩm thấu nhanh.
Chứa chất tẩy rửa mạnh để loại bỏ vết bẩn do bụi bẩn, mực in, dầu, mỡ, máu, cà phê, nước giải khát,&hellip;
Chai xịt 879 không làm mềm lớp thảm.
Một số hình ảnh chai xịt 879
Xem Video chai xịt 879",data/crawl/assets/ff95734d7e22a25e.jpg,true,needs_review,,https://sprayway-tpr.com/vn/san-pham/413/carpet---upholstery-spotter.html
414,936,936 - SÁNG BÓNG TỨC THÌ,Sprayway,Bình xịt công nghiệp Sprayway,Phụ Tùng Ô tô|Thiết Bị Ô tô|Thiết Bị Tự Động,Nhựa Vinyl Đường gờ Công cụ ngăn,"Nhựa Vinyl
Đường gờ
Công cụ ngăn",data/crawl/assets/b895a2e8d2d987ff.jpg,false,needs_review,,https://sprayway-tpr.com/vn/san-pham/414/instant-shine.html
416,031,031 - CHAI XỊT TẨY ĐA NĂNG,Sprayway,Bình xịt công nghiệp Sprayway,Ngoại Thất Ô tô|Thiết Bị Ô tô|Điện Tử & Văn Phòng|Kiếng và Gương|Dịch Vụ Sửa Chữa|Hàng Tiêu Dùng|Dịch Vụ Bảo Trì|Siêu Thị|In Lưới|May Mặc|Quảng Cáo|Ngành Gỗ,"Liên hệ ngay để được tư vấn: Chai xịt 031 với chất tẩy đa năng, tiết kiệm và hiệu quả trong việc tẩy sạch vết vân tay, vết sáp, ám khói, dầu mỡ trên vải, tường, thiết bị in ấn, thiết bị văn phòng... Chất tẩy dạng bọt,...","Liên hệ ngay để được tư vấn:
Chai xịt 031 với chất tẩy đa năng, tiết kiệm và hiệu quả trong việc tẩy sạch vết vân tay, vết sáp, ám khói, dầu mỡ trên vải, tường, thiết bị in ấn, thiết bị văn phòng...
Chất tẩy dạng bọt, dễ dàng tẩy sạch các vết bẩn mà không làm hại bề mặt vật tẩy.
Chai xịt tẩy đa năng đem lại độ sáng bóng khi sử dụng trên bề mặt cứng như: cửa, mành che.",data/crawl/assets/01c555b5584a5b4d.jpg,true,needs_review,,https://sprayway-tpr.com/vn/san-pham/416/crazy-clean-all-purpose-cleaner.html
418,841,841 - CHẤT LÀM SẠCH VÀ ĐÁNH BÓNG THIẾT BỊ INOX,Sprayway,Bình xịt công nghiệp Sprayway,Dịch Vụ Sửa Chữa|Hàng Tiêu Dùng|Dịch Vụ Bảo Trì|Siêu Thị|Khung Ảnh|Quảng Cáo,"Công thức đặc biệt sử dụng cho các vật dụng và thiết bị bằng inox. Không cần dụng cụ cọ rửa vẫn có thể dễ dàn g làm sạch, đánh bóng và bảo vệ inox. Không có bột tụ lại trên sản phẩm tầy. Loại bỏ vết mỡ tích tụ lâu ngà...","Công thức đặc biệt sử dụng cho các vật dụng và thiết bị bằng inox.
Không cần dụng cụ cọ rửa vẫn có thể dễ dàn g làm sạch, đánh bóng và bảo vệ inox. Không có bột tụ lại trên sản phẩm tầy.
Loại bỏ vết mỡ tích tụ lâu ngày, vết bẩn do thức ăn, hoặc vết bẩn dầu.
Không sử dụng trên dụng cụ nấu ăn
Dễ sử dụng và đơn giản, không cần chà nhám. Tiết kiệm thời gian và nước.",data/crawl/assets/21228cdeace5f586.jpg,false,needs_review,,https://sprayway-tpr.com/vn/san-pham/418/stainless-steel-polish---cleaner.html
421,085,085 - KEO ĐỊNH VỊ NHANH KHÔ,Sprayway,Bình xịt công nghiệp Sprayway,Thiết Bị Tự Động|Gia Dụng & Nội Thất|Dịch Vụ Bảo Trì|Quảng Cáo|Ngành Gỗ,"Keo xịt hiệu suất kết dính cao được sử dụng cho các liên kết tạm thời và vĩnh viễn. Không thấm nước, linh hoạt, trong suốt và không bị nhuộm màu. Lý tưởng cho các chất nền xốp hoặc không xốp. Không chứa chất clo.","Keo xịt hiệu suất kết dính cao được sử dụng cho các liên kết tạm thời và vĩnh viễn.
Không thấm nước, linh hoạt, trong suốt và không bị nhuộm màu.
Lý tưởng cho các chất nền xốp hoặc không xốp.
Không chứa chất clo.",data/crawl/assets/ad8e4802d6fc7c9e.jpg,true,needs_review,,https://sprayway-tpr.com/vn/san-pham/421/fast-tack-general-purpose-web-adhesive.html
422,055,055 - KEO XỊT DẠNG BỌT NHANH KHÔ,Sprayway,Bình xịt công nghiệp Sprayway,Mỹ Thuật|Thiết Bị Tự Động|Gia Dụng & Nội Thất|Dịch Vụ Sửa Chữa|Quảng Cáo,"Hiệu quả khi dùng để dán vải vào kim loại, mặt phẳng bằng gỗ, hoặc dán vào vải. Nhanh khô, độ phủ keo rộng, mối dán chặt.. Không làm đen, dơ vải, không để lại mùi. Không sử dụng cho vải vinyl","Hiệu quả khi dùng để dán vải vào kim loại, mặt phẳng bằng gỗ, hoặc dán vào vải.
Nhanh khô, độ phủ keo rộng, mối dán chặt..
Không làm đen, dơ vải, không để lại mùi.
Không sử dụng cho vải vinyl",data/crawl/assets/902c0e478c83f6b8.jpg,true,needs_review,,https://sprayway-tpr.com/vn/san-pham/422/foam---fabric-adhesive.html
423,087,087 - KEO DÁN PHUN SƯƠNG,Sprayway,Bình xịt công nghiệp Sprayway,Mỹ Thuật|Thiết Bị Tự Động|Gia Dụng & Nội Thất|Dịch Vụ Sửa Chữa|Dịch Vụ Bảo Trì|Khung Ảnh|Quảng Cáo|Ngành Gỗ,"Sử dụng cho cả 2 mục đích dán tạm thời và vĩnh viễn Nhanh dính khi sử dụng trên quần áo, nhựa, lá kim loại, kim loại, giấy và các tông. Công thức không gỉ thích hợp cho nhiều chất liệu. Không chứa dung môi clo.","Sử dụng cho cả 2 mục đích dán tạm thời và vĩnh viễn
Nhanh dính khi sử dụng trên quần áo, nhựa, lá kim loại, kim loại, giấy và các tông.
Công thức không gỉ thích hợp cho nhiều chất liệu.
Không chứa dung môi clo.",data/crawl/assets/90aa9118c8c457d6.jpg,true,needs_review,,https://sprayway-tpr.com/vn/san-pham/423/fast-tack-mist-adhesive.html
424,088,088 - KEO XỊT ĐA NĂNG,Sprayway,Bình xịt công nghiệp Sprayway,Mỹ Thuật|Điện Tử & Văn Phòng|Nghệ Thuật Quảng Cáo|Dịch Vụ Sửa Chữa|Siêu Thị|Khung Ảnh|May Mặc|Quảng Cáo,"Chai phun keo dán, loại keo dán đa năng, có độ hoàn hảo cao, thích hợp dùng trong phòng tranh, họa phẩm, liễn chương, in ấn&hellip; Cho phép dán tạm thời & dán vĩnh viễn lên các chất liệu nhẹ. Tăng tốc độ trong sản xu...","Chai phun keo dán, loại keo dán đa năng, có độ hoàn hảo cao, thích hợp dùng trong phòng tranh, họa phẩm, liễn chương, in ấn&hellip;
Cho phép dán tạm thời & dán vĩnh viễn lên các chất liệu nhẹ.
Tăng tốc độ trong sản xuất, lắp ráp.
Khô nhanh, chịu được nhiệt độ cao & chịu được nước
Có mức độ ngấm keo thấp, độ phủ keo rộng, mối dán chặt..",data/crawl/assets/18a90fb74b3774d9.png,true,needs_review,,https://sprayway-tpr.com/vn/san-pham/424/multi-purpose-spray-adhesive.html
425,089,089 - KEO ĐẶC BIỆT NHANH KHÔ,Sprayway,Bình xịt công nghiệp Sprayway,Mỹ Thuật|Dịch Vụ Sửa Chữa|Dịch Vụ Bảo Trì|In Lưới|May Mặc,"Keo xịt phun sương áp lực làm nhanh khô cho những gắn kết tạm thời và những ứng dụng có thể đặt lại vị trí. Lý tưởng cho nghệ thuật và hàng thủ công, gắn appliques, biển báo tạm thời ... Công thức không bị nhuộm màu....","Keo xịt phun sương áp lực làm nhanh khô cho những gắn kết tạm thời và những ứng dụng có thể đặt lại vị trí.
Lý tưởng cho nghệ thuật và hàng thủ công, gắn appliques, biển báo tạm thời ...
Công thức không bị nhuộm màu.
Không chứa chất clo.",data/crawl/assets/f1b74434d4cc7e7c.jpg,true,needs_review,,https://sprayway-tpr.com/vn/san-pham/425/fast-tack-specialty-adhesive.html
426,190,190 - CHAI XỊT KHỬ MÙI,Sprayway,Bình xịt công nghiệp Sprayway,Mỹ Thuật|Ngoại Thất Ô tô|Phụ Tùng Ô tô|Thiết Bị Ô tô|Thiết Bị Tự Động|Gia Dụng & Nội Thất|Kiếng và Gương|Nghệ Thuật Quảng Cáo|Dịch Vụ Sửa Chữa|Hàng Tiêu Dùng|Dịch Vụ Bảo Trì|Siêu Thị|In Lưới|May Mặc|Quảng Cáo|Ngành Gỗ,"Làm cho không khí trong lành, mùi hương tự nhiên, dễ chịu. Giữ cho căn phòng tươi mát và thơm ngát. Khử mùi hôi tanh, ẩm mốc, mùi thuốc lá, hoặc các mùi gây khó chịu khác trên thảm, ghế nệm, không để lại bụi bẩn, hơi...","Làm cho không khí trong lành, mùi hương tự nhiên, dễ chịu.
Giữ cho căn phòng tươi mát và thơm ngát.
Khử mùi hôi tanh, ẩm mốc, mùi thuốc lá, hoặc các mùi gây khó chịu khác trên thảm, ghế nệm, không để lại bụi bẩn, hơi ướt
Thích hợp cho phòng tắm, phòng bệnh, tầng hầm, phòng hút thuốc, văn phòng, ô tô, nhà máy,&hellip;",data/crawl/assets/764ea37ea30ceaaa.png,false,needs_review,,https://sprayway-tpr.com/vn/san-pham/426/malodor-neutralizer.html
427,201,201 - CHẤT KEO BẢO VỆ TRONG SUỐT,Sprayway,Bình xịt công nghiệp Sprayway,Mỹ Thuật|Điện Tử & Văn Phòng|Nghệ Thuật Quảng Cáo|Dịch Vụ Sửa Chữa|Khung Ảnh|In Lưới|Quảng Cáo,"Lớp màn bảo vệ an toàn dùng cho máy in, khung ảnh. Bảo vệ các tác phẩm nghệ thuật, hình ảnh, thiết kế,&hellip; không bị cũ, nhuốm vàng hay nhòe. Tính linh hoạt cao, không thấm nước, nhanh khô. An toàn khi sử dụng trên...","Lớp màn bảo vệ an toàn dùng cho máy in, khung ảnh.
Bảo vệ các tác phẩm nghệ thuật, hình ảnh, thiết kế,&hellip; không bị cũ, nhuốm vàng hay nhòe.
Tính linh hoạt cao, không thấm nước, nhanh khô.
An toàn khi sử dụng trên màu nước, chì than, bút chì,&hellip;",data/crawl/assets/df62604be583b7af.jpg,true,needs_review,,https://sprayway-tpr.com/vn/san-pham/427/plastic-spray.html
429,209,209 - KEO BẢO VỆ CẠNH GƯƠNG,Sprayway,Bình xịt công nghiệp Sprayway,Mỹ Thuật|Gia Dụng & Nội Thất|Kiếng và Gương|Dịch Vụ Sửa Chữa|Khung Ảnh,"Sản phẩm chuyên dùng cho gương/kính chuyên nghiệp, khung ảnh. Bảo vệ cạnh gương không bị đen khi mới cắt, giúp gương luôn sáng, bóng. Dễ sử dụng, khô trong vài phút.","Sản phẩm chuyên dùng cho gương/kính chuyên nghiệp, khung ảnh.
Bảo vệ cạnh gương không bị đen khi mới cắt, giúp gương luôn sáng, bóng.
Dễ sử dụng, khô trong vài phút.",data/crawl/assets/507d56e048edb171.jpg,true,needs_review,,https://sprayway-tpr.com/vn/san-pham/429/mirror-edge-sealant.html
431,822,822 - KEO DÁN ĐỊNH VỊ,Sprayway,Bình xịt công nghiệp Sprayway,Mỹ Thuật|Nghệ Thuật Quảng Cáo|May Mặc,"Một sản phẩm rất cần thiết cho các xưởng dệt may & xưởng thêu. Giúp xử lý được nhiều vấn đề trong qúa trình ráp nối & định vị các chi tiếtCó thể lột ra dán lại nhiều lần, không làm nhăn bề mặt vải. Không gây dính keo...","Một sản phẩm rất cần thiết cho các xưởng dệt may & xưởng thêu.
Giúp xử lý được nhiều vấn đề trong qúa trình ráp nối & định vị các chi tiếtCó thể lột ra dán lại nhiều lần, không làm nhăn bề mặt vải.
Không gây dính keo lên thân kim may & kim thêu
Công thức pha chế rất sạch, không bị ngấm qua vải & qua giấy.",data/crawl/assets/a75cb9a54fedfe2c.png,true,needs_review,,https://sprayway-tpr.com/vn/san-pham/431/fast-track-adhesive.html
433,063,063 - CHAI XỊT TẨY RỬA CHẤT DẦU MỠ,Sprayway,Bình xịt công nghiệp Sprayway,Mỹ Thuật|Ngoại Thất Ô tô|Phụ Tùng Ô tô|Thiết Bị Tự Động|Gia Dụng & Nội Thất|Nghệ Thuật Quảng Cáo|Dịch Vụ Sửa Chữa|Dịch Vụ Bảo Trì|Khung Ảnh|In Lưới|May Mặc|Quảng Cáo|Ngành Gỗ,"Chuyên dùng để tẩy rửa các thiết bị trong nghệ thuật, tranh ảnh, hội họa, may mặc. An toàn khi thao tác trên máy, không cần phải tắt máy- sẽ không làm gián đoạn quá trình sản xuất. Dễ dàng tẩy chất dầu mở, mực, lớp sơ...","Chuyên dùng để tẩy rửa các thiết bị trong nghệ thuật, tranh ảnh, hội họa, may mặc.
An toàn khi thao tác trên máy, không cần phải tắt máy- sẽ không làm gián đoạn quá trình sản xuất.
Dễ dàng tẩy chất dầu mở, mực, lớp sơn mới ,..
Nhanh khô, khó bắt lửa, độc tính thấp, không để lại bụi bẩn.
Không sử dụng trên sản phẩm có chất liệu nhựa.",data/crawl/assets/26e0ab883e94ea09.jpg,true,needs_review,,https://sprayway-tpr.com/vn/san-pham/433/c60-solvent-cleaner-degraser.html
434,066,066 - KEO XỊT DẠNG PHUN SƯƠNG,Sprayway,Bình xịt công nghiệp Sprayway,Mỹ Thuật|Điện Tử & Văn Phòng|Nghệ Thuật Quảng Cáo|Dịch Vụ Sửa Chữa|Siêu Thị|Khung Ảnh|May Mặc|Quảng Cáo,"Giúp dán & giữ cho các rập giấy, mẫu in, ... không bị dịch chuyển.. . Có tính năng dán tạm thời & dán vĩnh viễn.. Lớp keo phun lên không gây nhăn vải, có thể lột ra dán lại nhiều lần, chịu nước tốt. Không tạo ra vết b...","Giúp dán & giữ cho các rập giấy, mẫu in, ... không bị dịch chuyển.. .
Có tính năng dán tạm thời & dán vĩnh viễn..
Lớp keo phun lên không gây nhăn vải, có thể lột ra dán lại nhiều lần, chịu nước tốt. Không tạo ra vết bẩn khi dán lên vải.
Là công cụ lý tưởng cho các công việc trong ngành dệt may, in lụa, ...
Dùng trong các ngành : in ấn, in lụa, may mặc,...",data/crawl/assets/ef37b0f7d025ca63.png,true,needs_review,,https://sprayway-tpr.com/vn/san-pham/434/premium-mist-spray-adhesive.html
451,040,040 - BÌNH XỊT TẨY RỬA KÍNH CHUYÊN DỤNG,Sprayway,Bình xịt công nghiệp Sprayway,Điện Tử & Văn Phòng|Nghệ Thuật Quảng Cáo|Khung Ảnh|In Lưới|May Mặc|Quảng Cáo|Ngành Gỗ,"Khả năng khử tĩnh điện Tẩy sạch vết bẩn, ám khói trên bề mặt kính của khung hình, máy in, tác phẩm nghệ thuật, khung in lụa, ống kính máy chụp ảnh, photocopy&hellip;, không để lại dấu vết. Không chứa chất ammonia Đặc...","Khả năng khử tĩnh điện
Tẩy sạch vết bẩn, ám khói trên bề mặt kính của khung hình, máy in, tác phẩm nghệ thuật, khung in lụa, ống kính máy chụp ảnh, photocopy&hellip;, không để lại dấu vết.
Không chứa chất ammonia
Đặc biệt sử dụng màn hình máy vi tính, thiết bị xuất phim",data/crawl/assets/90c32cb50e6c1532.png,true,needs_review,,https://sprayway-tpr.com/vn/san-pham/451/graphic-arts-glass-cleaner.html
452,727,727 - MÀNG BẢO VỆ FLEX - O,Sprayway,Bình xịt công nghiệp Sprayway,Nghệ Thuật Quảng Cáo,Sản phẩm chuyên dùng trên photopolymer và flexo. Tăng chất lượng hình ảnh in Làm tăng tốc độ in và tăng cường thời gian sử dụng của thiết bị,"Sản phẩm chuyên dùng trên photopolymer và flexo.
Tăng chất lượng hình ảnh in
Làm tăng tốc độ in và tăng cường thời gian sử dụng của thiết bị",data/crawl/assets/676f09dce6b25b7a.jpg,false,needs_review,,https://sprayway-tpr.com/vn/san-pham/452/flex-o-spray-coat.html
472,104,104 - CHẤT KHỬ MÙI HƯƠNG TÁO,Sprayway,Bình xịt công nghiệp Sprayway,Phụ Tùng Ô tô|Hàng Tiêu Dùng|Siêu Thị,"Phun sương dạng khô, làm không khí mát mẻ, trong lành. Loại bỏ khói thuốc lá, các khí nặng mùi khác trong vài giây sau khi xịt. Sử dụng khoảng 30 ngày sau khi mở nắp. Có 9 mùi hương thơm dễ chịu.","Phun sương dạng khô, làm không khí mát mẻ, trong lành.
Loại bỏ khói thuốc lá, các khí nặng mùi khác trong vài giây sau khi xịt.
Sử dụng khoảng 30 ngày sau khi mở nắp.
Có 9 mùi hương thơm dễ chịu.",data/crawl/assets/a7fd47619ea9c7df.jpg,false,needs_review,,https://sprayway-tpr.com/vn/san-pham/472/dutch-apple-metered-air.html
473,161,161 - CHẤT KHỬ MÙI VẢI VÀ KHÔNG KHÍ HƯƠNG TÁO,Sprayway,Bình xịt công nghiệp Sprayway,Phụ Tùng Ô tô|Hàng Tiêu Dùng|Siêu Thị,"Khử mùi hiệu quả cho tất cả không gian trong nhà. Giữ phòng sạch thoáng và thơm mát. Đẩy lùi tất cả các mùi khó chịu trong thảm, ghế, rèm cửa mà không làm vấy bẩn. Công thức đặc biệt để loại bỏ mùi hôi gây khó chịu mà...","Khử mùi hiệu quả cho tất cả không gian trong nhà.
Giữ phòng sạch thoáng và thơm mát.
Đẩy lùi tất cả các mùi khó chịu trong thảm, ghế, rèm cửa mà không làm vấy bẩn.
Công thức đặc biệt để loại bỏ mùi hôi gây khó chịu mà không có bụi phóng xạ ướt.
Hoàn hảo cho phòng tắm, phòng bệnh, tầng hầm, phòng đầy khói thuốc, văn phòng hoặc ô tô.",data/crawl/assets/a25e8beb6f6f6861.jpg,false,needs_review,,https://sprayway-tpr.com/vn/san-pham/473/161-CH%E1%BA%A4T%20KH%E1%BB%AC%20M%C3%99I%20V%E1%BA%A2I%20V%C3%80%20KH%C3%94NG%20KH%C3%8D%20H%C6%AF%C6%A0NG%20T%C3%81O.html
474,162,162 - CHẤT KHỬ MÙI VẢI VÀ KHÔNG KHÍ HƯƠNG QUẾ,Sprayway,Bình xịt công nghiệp Sprayway,Phụ Tùng Ô tô|Hàng Tiêu Dùng|Siêu Thị,"Khử mùi hiệu quả cho tất cả không gian trong nhà. Giữ phòng sạch thoáng và thơm mát. Đẩy lùi tất cả các mùi khó chịu trong thảm, ghế, rèm cửa mà không làm vấy bẩn. Công thức đặc biệt để loại bỏ mùi hôi gây khó chịu mà...","Khử mùi hiệu quả cho tất cả không gian trong nhà.
Giữ phòng sạch thoáng và thơm mát.
Đẩy lùi tất cả các mùi khó chịu trong thảm, ghế, rèm cửa mà không làm vấy bẩn.
Công thức đặc biệt để loại bỏ mùi hôi gây khó chịu mà không có bụi phóng xạ ướt.
Hoàn hảo cho phòng tắm, phòng bệnh, tầng hầm, phòng đầy khói thuốc, văn phòng hoặc ô tô.",data/crawl/assets/611cae5821354af2.jpg,false,needs_review,,https://sprayway-tpr.com/vn/san-pham/474/cinnamon---dry-air---fabric-deodorizer.html
475,165,165 - CHẤT KHỬ MÙI VẢI VÀ KHÔNG KHÍ HƯƠNG TRÁI CÂY NHIỆT ĐỚI,Sprayway,Bình xịt công nghiệp Sprayway,Phụ Tùng Ô tô|Hàng Tiêu Dùng|Siêu Thị,"Khử mùi hiệu quả cho tất cả không gian trong nhà. Giữ phòng sạch thoáng và thơm mát. Đẩy lùi tất cả các mùi khó chịu trong thảm, ghế, rèm cửa mà không làm vấy bẩn. Công thức đặc biệt để loại bỏ mùi hôi gây khó chịu mà...","Khử mùi hiệu quả cho tất cả không gian trong nhà.
Giữ phòng sạch thoáng và thơm mát.
Đẩy lùi tất cả các mùi khó chịu trong thảm, ghế, rèm cửa mà không làm vấy bẩn.
Công thức đặc biệt để loại bỏ mùi hôi gây khó chịu mà không có bụi phóng xạ ướt.
Hoàn hảo cho phòng tắm, phòng bệnh, tầng hầm, phòng đầy khói thuốc, văn phòng hoặc ô tô.",data/crawl/assets/582003744fe5edf6.jpg,false,needs_review,,https://sprayway-tpr.com/vn/san-pham/475/tropical-fruit---dry-air---fabric-deodorizer.html
476,167,167 - CHẤT KHỬ MÙI VẢI VÀ KHÔNG KHÍ HƯƠNG THƠM DỄ CHỊU,Sprayway,Bình xịt công nghiệp Sprayway,Phụ Tùng Ô tô|Hàng Tiêu Dùng|Siêu Thị,"Khử mùi hiệu quả cho tất cả không gian trong nhà. Giữ phòng sạch thoáng và thơm mát. Đẩy lùi tất cả các mùi khó chịu trong thảm, ghế, rèm cửa mà không làm vấy bẩn. Công thức đặc biệt để loại bỏ mùi hôi gây khó chịu mà...","Khử mùi hiệu quả cho tất cả không gian trong nhà.
Giữ phòng sạch thoáng và thơm mát.
Đẩy lùi tất cả các mùi khó chịu trong thảm, ghế, rèm cửa mà không làm vấy bẩn.
Công thức đặc biệt để loại bỏ mùi hôi gây khó chịu mà không có bụi phóng xạ ướt.
Hoàn hảo cho phòng tắm, phòng bệnh, tầng hầm, phòng đầy khói thuốc, văn phòng hoặc ô tô.",data/crawl/assets/3013162e95818b58.jpg,false,needs_review,,https://sprayway-tpr.com/vn/san-pham/476/167-CH%E1%BA%A4T%20KH%E1%BB%AC%20M%C3%99I%20V%E1%BA%A2I%20V%C3%80%20KH%C3%94NG%20KH%C3%8D%20H%C6%AF%C6%A0NG%20TH%C6%A0M%20D%E1%BB%84%20CH%E1%BB%8AU.html
477,708,708 - LÀM SẠCH CÁC BỘ PHẬN VÀ PHANH THẮNG,Sprayway,Bình xịt công nghiệp Sprayway,Phụ Tùng Ô tô,"Đươc thiết kế để sử dụng làm sạch chuyên nghiệp cho ô tô và các bộ phận dầu mỡ. Loại bỏ dầu phanh, dầu mỡ, dầu và các bì khác từ lót phanh và drums. Cải thiện hiệu suất, và chấm dứt tình trạng rít phanh. Không để lại...","Đươc thiết kế để sử dụng làm sạch chuyên nghiệp cho ô tô và các bộ phận dầu mỡ.
Loại bỏ dầu phanh, dầu mỡ, dầu và các bì khác từ lót phanh và drums.
Cải thiện hiệu suất, và chấm dứt tình trạng rít phanh.
Không để lại dư lượng.
Không chứa carbon tetrachloride hoặc silicon.
Công thức an toàn không Chloinated.",data/crawl/assets/3781229c43926d2e.jpg,false,needs_review,,https://sprayway-tpr.com/vn/san-pham/477/brake---parts-cleaner.html
478,789,789 - CHAI XỊT TẨY BỤI BẨN CÁC MẠCH ĐIỆN,Sprayway,Bình xịt công nghiệp Sprayway,Điện Tử & Văn Phòng|Dịch Vụ Bảo Trì,Hiệu quả loại bỏ đất và các chất gây ô nhiễm khác từ các thành phần điện tử. Khô nhanh. An toàn cho sử dụng trên hầu hết các sản phẩm nhựa.,"Hiệu quả loại bỏ đất và các chất gây ô nhiễm khác từ các thành phần điện tử.
Khô nhanh.
An toàn cho sử dụng trên hầu hết các sản phẩm nhựa.",data/crawl/assets/0c2af258d3ca3c4e.png,true,needs_review,,https://sprayway-tpr.com/vn/san-pham/478/precision-contact-cleaner.html
479,909,909 - CHẤT TẨY CỰC MẠNH,Sprayway,Bình xịt công nghiệp Sprayway,Phụ Tùng Ô tô|Dịch Vụ Sửa Chữa|Dịch Vụ Bảo Trì,"Bộ phận nặng, tẩy nhờn không chứa clo. Hiệu quả cho loại bỏ dầu mỡ, dầu, mực in, keo dính, nhựa đường, sáp, dư lượng khói thải, nhựa cây, các chất nhựa và graffiti nhất định Sử dụng để thay thế các sản phẩm có chứa ac...","Bộ phận nặng, tẩy nhờn không chứa clo.
Hiệu quả cho loại bỏ dầu mỡ, dầu, mực in, keo dính, nhựa đường, sáp, dư lượng khói thải, nhựa cây, các chất nhựa và graffiti nhất định
Sử dụng để thay thế các sản phẩm có chứa acetone, trichloroethylne, Butyl Cellosolve và các dung môi clo khác",data/crawl/assets/58b7cc04244005ff.jpg,true,needs_review,,https://sprayway-tpr.com/vn/san-pham/479/heavy-duty-orange-power-plus.html
480,003,003 - CHAI XỊT DIỆT VÀ CHỐNG CÔN TRÙNG,Sprayway,Bình xịt công nghiệp Sprayway,Ngoại Thất Ô tô|Điện Tử & Văn Phòng|Gia Dụng & Nội Thất|Dịch Vụ Sửa Chữa|Hàng Tiêu Dùng|Dịch Vụ Bảo Trì|Siêu Thị,"Chai xịt diệt và chống côn trùng với công thức độc đáo và sản xuất tại Mỹ, sản phẩm phù hợp với Luật Làm sạch Khí quyển (CAA) và Nghị định Montreal Protocol do cục bảo vệ môi trường Mỹ (EPA) công bố. Không sử dụng các...","Chai xịt diệt và chống côn trùng với công thức độc đáo và sản xuất tại Mỹ, sản phẩm phù hợp với Luật Làm sạch Khí quyển (CAA) và Nghị định Montreal Protocol do cục bảo vệ môi trường Mỹ (EPA) công bố. Không sử dụng các chất hóa học cấm theo quy định của quốc tế, không gây hại đến cơ thể con người, có thể yên tâm khi sử dụng trong nội thất gia đình, thân thiện với môi trường.
Sử dụng đơn giản, chỉ cần cầm chai xịt , mở nắp chai, lắc đều là có thể xịt.
Nhanh chóng mà không để lại bất kỳ dấu vết, sản phẩm chứa 100% hợp chất dễ bay hơi. Trong khoảng 30 phút đã bay hơi hoàn toàn.
Phạm vi sử dụng cho việc diệt côn trùng, hiệu quả cho diệt rệp, bọ ve, bọ chét, chấy rận và các loại côn trùng gây hại khác.
Có thể xịt trực tiếp vào gối, nệm, chăn,thảm, ghế Sofa, ghế, túi ngủ, đồ trang trí nội thất, tủ, thú nhồi bông và các nơi dễ sản sinh các loài gây hại khác.
Liên hệ ngay để được tư vấn:",data/crawl/assets/3529ac99575af4e7.jpg,false,needs_review,,https://sprayway-tpr.com/vn/san-pham/480/003-Chai-xit-diet-va-chong-con-trung.html
481,986,986 - 360 TẨY RỬA TẤT CẢ MỤC ĐÍCH,Sprayway,Bình xịt công nghiệp Sprayway,Ngoại Thất Ô tô|Phụ Tùng Ô tô|Thiết Bị Tự Động|Gia Dụng & Nội Thất|Dịch Vụ Sửa Chữa|Hàng Tiêu Dùng|Siêu Thị,"SW-986 360 &deg; vòng tất cả các đại lý làm sạch, các United States độc đáo công thức, nguồn gốc của Hoa Kỳ, các sản phẩm đáp ứng Cơ quan Bảo vệ Môi trường (EPA) Montreal Nghị định thư (Nghị định thư Montreal) và các...","SW-986 360 &deg; vòng tất cả các đại lý làm sạch, các United States độc đáo công thức, nguồn gốc của Hoa Kỳ, các sản phẩm đáp ứng Cơ quan Bảo vệ Môi trường (EPA) Montreal Nghị định thư (Nghị định thư Montreal) và các Air sạch Act (CAA), không bao gồm các chất hóa học quốc tế người khuyết tật nguy hiểm,vô hại với cơ thể con người và môi trường, nhà có thể yên tâm rằng việc sử dụng các thuốc xịt thân thiện với môi trường.
Sạch có chứa chất khử mùi tự nhiên cam chanh dung môi, phần lớn các bề mặt, mùi tươi.
Giải quyết hầu hết các vấn đề làm sạch, chẳng hạn như dầu, bụi, blot, bồ hóng, chỗ khói.
Dễ sử dụng và đơn giản, tiết kiệm thời gian, tiết kiệm nước.",data/crawl/assets/cec9d01f7a4c8f2e.jpg,true,needs_review,,https://sprayway-tpr.com/vn/san-pham/481/986%E5%8F%B7360%E5%85%A8%E8%83%BD%E6%B8%85%E6%B4%81%E5%89%82.html
483,824,824 - CHAI XỊT TẨY RỬA LÒ NƯỚNG VÀ VỈ NƯỚNG,Sprayway,Bình xịt công nghiệp Sprayway,Dịch Vụ Sửa Chữa|Hàng Tiêu Dùng|Dịch Vụ Bảo Trì|Siêu Thị,"Chai xịt tẩy rửa hiệu quả thân thiện với môi trường. Có khả năng tẩy dầu mỡ mạnh mẽ một cách hiệu quả khi loại bỏ các vết dầu mỡ, phần còn lại của thức ăn sau những buổi BBQ và tăng độ sáng và sạch sẽ cho sản phẩm tẩy...","Chai xịt tẩy rửa hiệu quả thân thiện với môi trường. Có khả năng tẩy dầu mỡ mạnh mẽ một cách hiệu quả khi loại bỏ các vết dầu mỡ, phần còn lại của thức ăn sau những buổi BBQ và tăng độ sáng và sạch sẽ cho sản phẩm tẩy.
Có chất bọt để bảo vệ bề mặt thiết bị, không trầy xước.
Dễ sử dụng và đơn giản, tiết kiệm thời gian và nước và không có mùi khó chịu.",data/crawl/assets/2036d404d1e67bfc.jpg,true,needs_review,,https://sprayway-tpr.com/vn/san-pham/483/824%E5%8F%B7%E7%83%A4%E6%9E%B6%E5%8F%8A%E7%83%A4%E7%AE%B1%E6%B8%85%E6%B4%81%E5%89%82.html
488,063,063 TPR - CHAI XỊT TẨY RỬA CHẤT DẦU MỠ,TPR,Keo xịt và hóa chất TPR,Mỹ Thuật|Ngoại Thất Ô tô|Phụ Tùng Ô tô|Thiết Bị Ô tô|Thiết Bị Tự Động|Điện Tử & Văn Phòng|Gia Dụng & Nội Thất|Kiếng và Gương|Nghệ Thuật Quảng Cáo|Hàng Tiêu Dùng|Dịch Vụ Bảo Trì|Khung Ảnh|May Mặc,"Chuyên dùng để tẩy rửa các thiết bị trong nghệ thuật, tranh ảnh, hội họa, may mặc. An toàn khi thao tác trên máy, không cần phải tắt máy- sẽ không làm gián đoạn quá trình sản xuất. Dễ dàng tẩy chất dầu mở, mực, lớp sơ...","Chuyên dùng để tẩy rửa các thiết bị trong nghệ thuật, tranh ảnh, hội họa, may mặc.
An toàn khi thao tác trên máy, không cần phải tắt máy- sẽ không làm gián đoạn quá trình sản xuất.
Dễ dàng tẩy chất dầu mở, mực, lớp sơn mới ,..
Nhanh khô, khó bắt lửa, độc tính thấp, không để lại bụi bẩn.
Không sử dụng trên sản phẩm có chất liệu nhựa.",data/crawl/assets/b6188a69fc4b9442.jpg,true,needs_review,,https://sprayway-tpr.com/vn/san-pham/488/063-tpr-chai-xit-tay-rua-chat-dau-mo.html
489,831,831 TPR - CHẤT TẨY DẦU (Nhanh khô),TPR,Keo xịt và hóa chất TPR,Mỹ Thuật|Thiết Bị Tự Động|Khung Ảnh|In Lưới|May Mặc,"Độ tẩy trung bình trên vải. Nhanh khô và có mùi thơm. Hiệu quả an toàn đối với các loại vải như len, bông, lụa, sợi tổng hợp và các loại vải nhạy cảm.","Độ tẩy trung bình trên vải.
Nhanh khô và có mùi thơm.
Hiệu quả an toàn đối với các loại vải như len, bông, lụa, sợi tổng hợp và các loại vải nhạy cảm.",data/crawl/assets/d4f2f298b4f23c00.png,true,needs_review,,https://sprayway-tpr.com/vn/san-pham/489/831-tpr-chat-tay-dau-(nhanh-kho).html
490,084,084 TPR - KEO XỊT ĐỊNH VỊ VẢI KHI IN LỤA(chịu nhiệt cao),TPR,Keo xịt và hóa chất TPR,In Lưới,Công thức được thiết kế đặc biệt cho các cửa hàng in ấn màn hình. Hoàn hảo cho các ứng dụng và nhiệt độ cần thiết để khắc phục plastisol mực. An toàn để sử dụng trên nhiều loại vải. Keo xịt cao cấp Sẽ không in lại hoặ...,"Công thức được thiết kế đặc biệt cho các cửa hàng in ấn màn hình.
Hoàn hảo cho các ứng dụng và nhiệt độ cần thiết để khắc phục plastisol mực.
An toàn để sử dụng trên nhiều loại vải.
Keo xịt cao cấp
Sẽ không in lại hoặc cho phép thay đổi trong quá trình in ấn màn hình.",data/crawl/assets/55e5bd3ce113d424.png,true,needs_review,,https://sprayway-tpr.com/vn/san-pham/490/084-tpr-keo-xit-dinh-vi-vai-khi-in-lua(chieu-nhiet-cao).html
491,099,099 TPR - Keo Xịt Đa Năng,TPR,Keo xịt và hóa chất TPR,Mỹ Thuật|Dịch Vụ Sửa Chữa,"Sản phẩm keo dán định vị không thể thiếu trong ngành may thêu, sản xuất tại Trung Quốc. • Có thể tái dán nhiều lần, dán dính lâu hoặc dán nhanh, không tạo nếp nhăn. • Tránh dính kim • Rất lý tưởng khi dùng trong lĩnh...","Sản phẩm keo dán định vị không thể thiếu trong ngành may thêu, sản xuất tại Trung Quốc.
• Có thể tái dán nhiều lần, dán dính lâu hoặc dán nhanh, không tạo nếp nhăn.
• Tránh dính kim
• Rất lý tưởng khi dùng trong lĩnh vực may mặc và dán con giống trong ngành thêu.
• Màu trong suốt; sẽ không thấm qua vải hoặc giấy.",data/crawl/assets/40802c031f245890.png,true,needs_review,,https://sprayway-tpr.com/vn/san-pham/491/099-tpr-fast-tack-adhesive.html
492,821,821 TPR - KEO XỊT CHỐNG TƯA MÉP VẢI,TPR,Keo xịt và hóa chất TPR,Gia Dụng & Nội Thất|May Mặc,"Đặc biệt được tạo ra để giúp nhân viên ngành may làm việc hiệu quả hơn. Loại bỏ sự thất thoát và lãng phí trong quá trình may, hao phí nguyên liệu. Ngăn chặn tình trạng sơ mép và trượt vải - tiết kiệm lao động và thời...","Đặc biệt được tạo ra để giúp nhân viên ngành may làm việc hiệu quả hơn.
Loại bỏ sự thất thoát và lãng phí trong quá trình may, hao phí nguyên liệu.
Ngăn chặn tình trạng sơ mép và trượt vải - tiết kiệm lao động và thời gian.
Nhanh khô; hoàn hảo và an toàn cho các loại vải.",data/crawl/assets/f65084e1519426ac.jpg,true,needs_review,,https://sprayway-tpr.com/vn/san-pham/492/821-tpr-keo-xit-chong-tua-mep-vai.html
494,823,823 TPR - TẨY BĂNG CHUYỀN MÁY ÉP CỔ ÁO,TPR,Keo xịt và hóa chất TPR,May Mặc,"Chai xịt 823 được thiết kế và sản xuất cho ngành may mặc. Hiệu quả loại bỏ cặn bám trên các bề mặt điều hành máy móc, bàn là, thắt lưng, và ép. Giảm liên kết của chất kết dính tráng trên bề mặt Teflon&reg;. Chai xịt 8...","Chai xịt 823 được thiết kế và sản xuất cho ngành may mặc.
Hiệu quả loại bỏ cặn bám trên các bề mặt điều hành máy móc, bàn là, thắt lưng, và ép.
Giảm liên kết của chất kết dính tráng trên bề mặt Teflon&reg;.
Chai xịt 823 không cháy trong điều kiện nung chảy. (Điểm cháy: 240 &deg; C/465 &deg; F; điểm đánh lửa: trên 240 &deg; C/465 &deg; F)
Chứa chất silicone cao.",data/crawl/assets/06423defa656e3f3.png,true,needs_review,,https://sprayway-tpr.com/vn/san-pham/494/823-tpr-tay-bang-chuyen-may-ep-co-ao.html
498,830,830 TPR - CHẤT TẨY DẦU (Công nghiệp),TPR,Keo xịt và hóa chất TPR,Thiết Bị Tự Động|Gia Dụng & Nội Thất|May Mặc,"Chuyên tẩy các vết dầu và vết bẩn trên bề vải ,vải bọc ô tô hoặc đồ nội thất, tấm trải sàn, thảm, quần áo, mũ và cà vạt.xịt tẩy dễ dàng mà không làm ảnh hưởng đến màu vải. An toàn và hiệu quả trên các chất liệu len, c...","Chuyên tẩy các vết dầu và vết bẩn trên bề vải ,vải bọc ô tô hoặc đồ nội thất, tấm trải sàn, thảm, quần áo, mũ và cà vạt.xịt tẩy dễ dàng mà không làm ảnh hưởng đến màu vải.
An toàn và hiệu quả trên các chất liệu len, cotton, lụa và tổng hợp.
Đảm bảo không để lại vết bẩn hoặc vòng trắng.
Công thức hiệu suất cao.",data/crawl/assets/748d44c2b9122b25.png,true,needs_review,,https://sprayway-tpr.com/vn/san-pham/498/830-tpr-spot-lifter-(industrial).html
499,833,833 TPR CHẤT TẨY DẦU (Không chất Chlorinated),TPR,Keo xịt và hóa chất TPR,Thiết Bị Tự Động|Gia Dụng & Nội Thất|May Mặc,"Công thức không có clo để đáp ứng các tiêu chuẩn nhà máy và yêu cầu về may mặc ngày nay. Đảm bảo không để lại vết bẩn hoặc vòng trắng. Loại bỏ vết dầu một cách an toàn khỏi nhiều loại vải: len, cotton, lụa, nhung, dac...","Công thức không có clo để đáp ứng các tiêu chuẩn nhà máy và yêu cầu về may mặc ngày nay.
Đảm bảo không để lại vết bẩn hoặc vòng trắng.
Loại bỏ vết dầu một cách an toàn khỏi nhiều loại vải: len, cotton, lụa, nhung, dacron, nylon, orlon và các vật liệu tổng hợp khác.",data/crawl/assets/1d1f98270ad3f058.png,true,needs_review,,https://sprayway-tpr.com/vn/san-pham/499/833%20TPR%20CH%E1%BA%A4T%20T%E1%BA%A8Y%20D%E1%BA%A6U%20(Kh%C3%B4ng%20ch%E1%BA%A5t%20Chlorinated).html
500,945,945 TPR DẦU SILICONE BÔI TRƠN DẠNG KHÔ,TPR,Keo xịt và hóa chất TPR,Mỹ Thuật|Thiết Bị Tự Động|Gia Dụng & Nội Thất|Kiếng và Gương|Nghệ Thuật Quảng Cáo|Dịch Vụ Sửa Chữa|Dịch Vụ Bảo Trì|Siêu Thị|Khung Ảnh|In Lưới|May Mặc|Quảng Cáo|Ngành Gỗ,945 TPR DẦU SILICONE BÔI TRƠN DẠNG KHÔ,"Giúp giảm sự ma sát của động cơ trong quá trình hoạt động.
Giúp kim may được hoạt động trơn tru và hạn chế gãy kim&hellip;
Làm chậm quá trình oxy hóa của kim loại, động cơ.
Bảo vệ và giữ tuổi thọ cho máy móc, kim may, động cơ,..
Khô nhanh; không để lại màng nhờn hoặc dầu.
Tiết kiệm thời gian và tăng năng suất.",data/crawl/assets/608ec712767237a0.png,true,needs_review,,https://sprayway-tpr.com/vn/san-pham/500/945-tpr-silicone-spray.html
501,SS945,"SS945 - SILICONE CHUYÊN DÙNG ĐỂ BÔI TRƠN CHỈ MAY, KHUNG IN, BẢNG IN, MÁY CẮT VẢI, CHI TIẾT MÁY MÓC VÀ CÁC LOẠI MÁY CẮT GIẤY",Sprayway Singapore,Vật tư ngành may,Gia Dụng & Nội Thất|May Mặc|Ngành Gỗ,dạng khô dễ sử dụng,"SPRAYWAY SINGAPORE #SS945 CHAI XỊT BÔI TRƠN CHO ĐỘNG CƠ HOẶC CHỈ MAY (DẠNG KHÔ)
Chai xịt silicone Sprayway Singapore giúp giảm ma sát, chống kết dính và làm chậm sự ăn mòn trên các thiết bị. Đánh dấu làm sạch nhanh, dễ dàng và nhanh khô hơn mà không có nhờn hoặc màng nhờn. Tiết kiệm thời gian, bảo vệ và giữ gìn thiết bị.
Sử dụng trên các bề mặt như kim loại, thủy tinh, cao su, hầu hết các loại nhựa, sơn lớp hoàn thiện và vải (ngoại trừ polystyrene). Không màu, không nhuộm màu, không sáp và ổn định nhiệt - không bị ảnh hưởng bởi nhiệt độ từ (-40℃ đến 204℃).
Giúp Máy in Bôi trơn và chống gỉ cho máy cắt giấy, máy khoan, khuôn dập, cưa,..
Ngăn chặn sự bám dính của keo vào thiết bị. Ngăn chặn giấy bóng kính, giấy, pliofilm, polyethlene, nhựa vinyl, sáp và các vật liệu khác dính vào kim loại.
Loại bỏ sự tích tụ carbon trên máy hàn miệng túi, bàn là cầm tay, tấm gia nhiệt và thiết bị hàn nhiệt tự động. Loại bỏ các vấn đề dính trong khuôn nhựa và cao su. Giúp chống rỉ sét trên công cụ và thiết bị. Ngăn chặn sự bám dính của thiết bị vật liệu dính.
Đối với máy khâu, bàn cắt và khuôn dập,ngăn vải bị dồn lại trong quá trình may hoặc cắt. Sử dụng trên bàn là tay và các thiết bị ép khác. Sử dụng trên các biểu mẫu lên máy bay để có thể dễ dàng cởi bỏ hàng dệt kim mà không bị tuột hoặc vướng. cửa, khớp,..
Bôi trơn đường gờ cốp xe, cửa sổ, cửa ra vào, ổ khóa, vận chuyển, giá đỡ, phanh khẩn cấp, trục bàn đạp, cơ cấu điều chỉnh ghế ô tô.",data/crawl/assets/1ae878dea85c9366.png,true,needs_review,name_too_long,https://sprayway-tpr.com/vn/san-pham/501/ss945.html
502,,PULL OUT 2 - CHAI XỊT TẨY VẾT DẦU TRÊN VẢI,ANC,Vật tư ngành may,May Mặc,PULL OUT 2 là Bình xịt tẩy dầu dạng bột. Sản phẩm cho kết quả tốt nhất khi sử dụng chung với dung dịch tẩy bẩn . Công thức đặc biệt này được thiết kế để loại bỏ các vết tròn loan còn xót lại trong một số loại vải nh...,PULL OUT 2 là Bình xịt tẩy dầu dạng bột. Sản phẩm cho kết quả tốt nhất khi sử dụng chung với dung dịch tẩy bẩn . Công thức đặc biệt này được thiết kế để loại bỏ các vết tròn loan còn xót lại trong một số loại vải nhất định dù vết bẩn hoặc vết dầu đã được xử lý trước đó. Sản phẩm như một chất tẩy rửa chuyên dụng để loại bỏ vết dầu mỡ trên vải.,data/crawl/assets/bd7d80abd85f9aac.png,true,needs_review,missing_code,https://sprayway-tpr.com/vn/san-pham/502/pull-out-2-chai-xit-tay-vet-dau-tren-vai.html
503,,PULL OUT PREMIUM - CHAI XỊT TẨY VẾT DẦU TRÊN VẢI,ANC,Vật tư ngành may,May Mặc,PULL OUT PREMIUM là Bình xịt tẩy dầu dạng bột không chứa chất CLO. Sản phẩm cho kết quả tốt nhất khi sử dụng chung với dung dịch tẩy bẩn. Công thức đặc biệt này được thiết kế để loại bỏ các vết tròn loan còn xót lại...,PULL OUT PREMIUM là Bình xịt tẩy dầu dạng bột không chứa chất CLO. Sản phẩm cho kết quả tốt nhất khi sử dụng chung với dung dịch tẩy bẩn. Công thức đặc biệt này được thiết kế để loại bỏ các vết tròn loan còn xót lại trong một số loại vải nhất định dù vết bẩn hoặc vết dầu đã được xử lý trước đó. Sản phẩm như một chất tẩy rửa chuyên dụng để loại bỏ vết dầu mỡ trên vải.,data/crawl/assets/b54c93c90e32ec6a.png,true,needs_review,missing_code,https://sprayway-tpr.com/vn/san-pham/503/pull-out-premium---chai-xit-tay-vet-dau-tren-vai.html
505,SS833,Chai xịt tẩy vết dầu trên vải Sprayway Singapore SS833,Sprayway Singapore,Bình xịt Sprayway Singapore,May Mặc,,"Chất tẩy không chứa chất Chlorinated, đạt tiêu chuẩn về an toàn môi trường có chứng nhận OEKO-TEX Hiệu quả an toàn đối với các loại vải như len, bông, lụa, sợi tổng hợp, corduory, dacron, nylon, orlon và các loại vải nhạy cảm. Chuyên tẩy các vết dầu và vết bẩn trên bề vải của nghành dệt may, xịt tẩy dễ dàng mà không làm ảnh hưởng đến màu vải. Tiện lợi cho các bạn thợ may. Hướng dẫn sử dụng : Xoay mũi tên chỗ bấm xịt đến vị trí đánh dấu mực để mở voan xịt. Lắc đều hướng lên xuống, xịt vào vết bẩn phù kín vết bẩn, sau khoảng 2 phút sẽ khô lớp bột, sau đó phủi sạch lớp bột khô các vết bẩn sẽ không còn trên vải, không để lại vết ố, không cần rửa lại nước. # Chaixittayvetdau #taydautrenvai #tayvetmuctrenvai #tayvetbantrenvai",data/crawl/assets/e35f97f5884e8b3a.png,true,needs_review,,https://sprayway-tpr.com/vn/san-pham/505/chai-xit-tay-vet-dau-tren-vai-sprayway-singapore-ss833.html
506,SS789,Chai xịt tẩy bụi bẩn các mạch điện Sprayway Singapore SS789,Sprayway Singapore,Bình xịt Sprayway Singapore,May Mặc,,"CHAI XỊT TẨY BỤI BẨN CÁC MẠCH ĐIỆN SPRAYWAY SINGAPORE SS789
- Làm sạch mạch điện bị nhiễm bẩn, dầu mỡ, bụi bẩn ngưng tụ và khử ẩm trên bảng mạch điện tử, đầu rắc nối điện, công tắc.
- Giảm điện trở của mạch điện, bảo vệ chống ăn mòn, rỉ sét hiệu quả
- An toàn với các loại nhựa và được tạo ra để sử dụng cho mạch điện trên xe và các hệ thống điện khác.
- Dung dịch tự làm sạch và sẽ khô ngay sau khi vệ sinh.",data/crawl/assets/183886d8097eb50c.png,true,needs_review,,https://sprayway-tpr.com/vn/san-pham/506/chai-xit-tay-bui-ban-cac-mach-dien-sprayway-singapore-ss789.html
507,90,"Chai xịt bôi trơn, chống rỉ cho máy móc và kim loại Sprayway Singapore SSRD - 90",Sprayway Singapore,Bình xịt Sprayway Singapore,May Mặc,,"Sprayway Singapore SSRD-90
• Chất bôi trơn sử dụng cho thiết bị ô tô, tất cả các loại cơ khí và thiết bị kim loại.
• Lớp phủ bôi trơn giúp thiết bị, máy móc vận hành dễ dàng. Tẩy sét, phòng gỉ, khử hơi nước.
• Sức bôi trơn bền bỉ, lâu khô, tiết kiệm thời gian, tăng tuổi thọ máy.",data/crawl/assets/d695e8411b6c8399.png,false,needs_review,,"https://sprayway-tpr.com/vn/san-pham/507/chai-xit-boi-tron,-chong-ri-cho-may-moc-va-kim-loai-sprayway-singapore-ssrd-90.html"
508,SS823,Chai xịt tẩy băng chuyền máy ép cổ áo Sprayway Singapore SS823,Sprayway Singapore,Bình xịt Sprayway Singapore,May Mặc,tay keo ss823,"Chai xịt tấy băng chuyền máy ép cổ áo Sprayway Singapore SS823
- SS823 được thiết kế và sản xuất cho ngành may mặc.
- Hiệu quả loại bỏ cặn bám trên các bề mặt điều hành máy móc, bàn là, thắt lưng, và ép.
- Giảm liên kết của chất kết dính tráng trên bề mặt Teflon&reg;.
- Chai xịt SS823 không cháy trong điều kiện nung chảy. (Điểm cháy: 240 &deg; C/465 &deg; F; điểm đánh lửa: trên 240 &deg; C/465 &deg; F)
- Chứa chất silicone cao.",data/crawl/assets/95ed389d2fa27c3e.png,true,needs_review,,https://sprayway-tpr.com/vn/san-pham/508/chai-xit-tay-bang-chuyen-may-ep-co-ao-sprayway-singapore-ss823.html
509,SS63,"Chai xịt tẩy rửa các chất dầu mỡ, keo dán Sprayway Singapore SS63",Sprayway Singapore,Bình xịt Sprayway Singapore,May Mặc,,"Chai xịt tẩy rửa các chất dầu mỡ, keo dán Sprayway Singapore SS63
- Chuyên dùng để tẩy rửa các thiết bị trong nghệ thuật, tranh ảnh, hội họa, may mặc.
- An toàn khi thao tác trên máy, không cần phải tắt máy
- sẽ không làm gián đoạn quá trình sản xuất. Dễ dàng tẩy chất dầu mở, mực, lớp sơn mới, keo dán,..
- Nhanh khô, khó bắt lửa, độc tính thấp, không để lại bụi bẩn.
- Không sử dụng trên sản phẩm có chất liệu nhựa.",data/crawl/assets/51a8f70a9fbe0c59.png,true,needs_review,,"https://sprayway-tpr.com/vn/san-pham/509/chai-xit-tay-rua-cac-chat-dau-mo,-keo-dan-sprayway-singapore-ss63.html"
510,SS831,Chai xịt tẩy dầu trên vải Sprayway Singapore SS831 nhanh khô,Sprayway Singapore,Bình xịt Sprayway Singapore,May Mặc,,"Chai xịt tẩy dầu trên vải Sprayway Singapore SS831
- Độ tẩy trung bình trên vải. Nhanh khô và có mùi thơm.
- Hiệu quả an toàn đối với các loại vải như len, bông, lụa, sợi tổng hợp và các loại vải nhạy cảm.
- Chuyên tẩy các vết dầu và vết bẩn trên bề vải của nghành dệt may, xịt tẩy dễ dàng mà không làm ảnh hưởng đến màu vải.
- Tiện lợi cho các bạn thợ may.
Hướng dẫn sử dụng : Xoay mũi tên chỗ bấm xịt đến vị trí đánh dấu mực để mở voan xịt. Lắc đều hướng lên xuống, xịt vào vết bẩn phù kín vết bẩn, sau khoảng 2 phút sẽ khô lớp bột, sau đó phủi sạch lớp bột khô các vết bẩn sẽ không còn trên vải, không để lại vết ố, không cần rửa lại nước.",data/crawl/assets/47b09f7437f1445b.png,true,needs_review,,https://sprayway-tpr.com/vn/san-pham/510/chai-xit-tay-dau-tren-vai-sprayway-singapore-ss831-nhanh-kho.html
511,SS830,Chai xịt tẩy vết dầu trên vải Sprayway Singapore SS830,Sprayway Singapore,Bình xịt Sprayway Singapore,May Mặc,,"Chai xịt tẩy vết dầu trên vải Sprayway Singapore SS830
- Độ tẩy mạnh, hiệu quả cao. Hiệu quả an toàn đối với các loại vải như len, bông, lụa, sợi tổng hợp.
- Chuyên tẩy các vết dầu và vết bẩn trên bề vải của nghành dệt may, xịt tẩy dễ dàng mà không làm ảnh hưởng đến màu vải.
- Tiện lợi cho các bạn thợ may.
Hướng dẫn sử dụng : Xoay mũi tên chỗ bấm xịt đến vị trí đánh dấu mực để mở voan xịt. Lắc đều hướng lên xuống, xịt vào vết bẩn phù kín vết bẩn, sau khoảng 2 phút sẽ khô lớp bột, sau đó phủi sạch lớp bột khô các vết bẩn sẽ không còn trên vải, không để lại vết ố, không cần rửa lại nước.",data/crawl/assets/bea448bb237e7436.png,true,needs_review,,https://sprayway-tpr.com/vn/san-pham/511/chai-xit-tay-vet-dau-tren-vai-sprayway-singapore-ss833-hieu-qua-cao.html
512,31,Chai Xịt Tẩy Đa Năng Sprayway Singapore 31,Sprayway Singapore,Bình xịt Sprayway Singapore,May Mặc,chai xit tay dan nang 31,"- Với chất tẩy rửa đa năng, tiết kiệm và hiệu quả trong việc tẩy sạch vết vân tay, vết sáp, ám khói, dầu mỡ trên vải, tường, thiết bị in ấn, thiết bị văn phòng...
- Chất tẩy dạng bọt tuyết, không chảy phí, dễ dàng tẩy sạch các vết bẩn mà không làm hại bề mặt vật tẩy.
- Bề mặt sáng bóng khi sử dụng trên bề mặt cứng, cửa, mành che.
- Vệ sinh vết bẩn, vết chì, vết chì màu trên tường mà không bong tróc màu sơn.",data/crawl/assets/6d2e48900ff6a8fc.jpg,true,needs_review,,https://sprayway-tpr.com/vn/san-pham/512/chai-xit-tay-da-nang-sprayway-singapore-31.html
513,222,Máy Tẩy Vết Bẩn Rarosa RS - 222,Rarosa,Vật tư ngành may,May Mặc,,,data/crawl/assets/6baca32023585379.png,true,needs_review,weak_description,https://sprayway-tpr.com/vn/san-pham/513/may-tay-vet-ban-rarosa-rs222.html
514,,Súng Tẩy ECORZA S1,Rarosa,Vật tư ngành may,May Mặc,"GIÁ: 18,610,400 VNĐ - Có thể sử dụng dung môi và nước chung một súng phun Solvent and water can be used with one gun - Có thể sử dụng hai loại dung môi khác nhau chung một súng phun Two different types of solvents can...","GIÁ: 18,610,400 VNĐ
- Có thể sử dụng dung môi và nước chung một súng phun
Solvent and water can be used with one gun
- Có thể sử dụng hai loại dung môi khác nhau chung một súng phun
Two different types of solvents can be used with one gun",data/crawl/assets/3c951783ba4a504e.png,true,needs_review,missing_code,https://sprayway-tpr.com/vn/san-pham/514/sung-tay-ecorza-s1.html
515,,"DUNG DỊCH R1,R2,R3,R4",Rarosa,Vật tư ngành may,May Mặc,Dung môi P trợ xử lý đa dạng các vết bẩn.,Dung môi P trợ xử lý đa dạng các vết bẩn.,data/crawl/assets/183e4658a8142af9.jpg,false,needs_review,missing_code,"https://sprayway-tpr.com/vn/san-pham/515/dung-moi-r1,r2,r3,r4.html"
516,,DUNG DỊCH AK35,Rarosa,Vật tư ngành may,May Mặc,Dung Môi Hỗn Hợp Hydro Carbon,Dung Môi Hỗn Hợp Hydro Carbon,data/crawl/assets/8a3e15bedfcd5406.png,false,needs_review,missing_code,https://sprayway-tpr.com/vn/san-pham/516/dung-moi-ak35.html
517,,Súng Tẩy Siêu Thanh RC15,Rarosa,Vật tư ngành may,May Mặc,Sản phẩm chai xịt SPRAYWAY & TPR trong công nghiệp...,Sản phẩm chai xịt SPRAYWAY & TPR trong công nghiệp...,data/crawl/assets/a9cfd1a079498424.jpg,true,needs_review,missing_code,https://sprayway-tpr.com/vn/san-pham/517/sung-tay-sieu-thanh-rc15.html
518,SS821,SS821 KEO XỊT CHỐNG TƯA MÉP VẢI,Sprayway Singapore,Bình xịt Sprayway Singapore,May Mặc,"Đặc biệt được tạo ra để giúp nhân viên ngành may làm việc hiệu quả hơn. Loại bỏ sự thất thoát và lãng phí trong quá trình may, hao phí nguyên liệu. Ngăn chặn tình trạng sơ mép và trượt vải - tiết kiệm lao động và thời...","Đặc biệt được tạo ra để giúp nhân viên ngành may làm việc hiệu quả hơn.
Loại bỏ sự thất thoát và lãng phí trong quá trình may, hao phí nguyên liệu.
Ngăn chặn tình trạng sơ mép và trượt vải - tiết kiệm lao động và thời gian.
Nhanh khô; hoàn hảo và an toàn cho các loại vải.",data/crawl/assets/4f1b1c7892870e8c.png,true,needs_review,,https://sprayway-tpr.com/vn/san-pham/518/ss821-keo-xit-chong-tua-mep-vai.html
519,SS66,SS66 KEO XỊT DẠNG PHUN SƯƠNG,Sprayway Singapore,Bình xịt Sprayway Singapore,May Mặc,"Giúp dán & giữ cho các rập giấy, mẫu in, ... không bị dịch chuyển.. . Có tính năng dán tạm thời & dán vĩnh viễn.. Lớp keo phun lên không gây nhăn vải, có thể lột ra dán lại nhiều lần, chịu nước tốt. Không tạo ra vết b...","Giúp dán & giữ cho các rập giấy, mẫu in, ... không bị dịch chuyển.. .
Có tính năng dán tạm thời & dán vĩnh viễn..
Lớp keo phun lên không gây nhăn vải, có thể lột ra dán lại nhiều lần, chịu nước tốt. Không tạo ra vết bẩn khi dán lên vải.
Là công cụ lý tưởng cho các công việc trong ngành dệt may, in lụa, ...
Dùng trong các ngành : in ấn, in lụa, may mặc, sửa chữa trong ngành văn phòng, gia dụng...",data/crawl/assets/e3e2ebe9007a85a6.png,true,needs_review,,https://sprayway-tpr.com/vn/san-pham/519/ss66-keo-xit-dang-phun-suong.html
520,SS82,SS82 KEO XỊT DẠNG PHUN SƯƠNG DÙNG TRONG IN VẢI,Sprayway Singapore,Bình xịt Sprayway Singapore,May Mặc,"Chuyên dùng định vị cho các sản phẩm dệt vải thun, giấy carton, sợi tổng hợp hoặc in lụa... Tái dán nhiều lần vẫn đảm bảo độ dính. Không thấm qua bề mặt khác của chất liệu.","Chuyên dùng định vị cho các sản phẩm dệt vải thun, giấy carton, sợi tổng hợp hoặc in lụa...
Tái dán nhiều lần vẫn đảm bảo độ dính.
Không thấm qua bề mặt khác của chất liệu.",data/crawl/assets/d764851f065e370f.png,true,needs_review,,https://sprayway-tpr.com/vn/san-pham/520/ss82-keo-xit-dang-phun-suong-dung-trong-in-vai.html
521,SS84,SS84 KEO XỊT ĐỊNH VỊ VẢI KHI IN LỤA (chịu nhiệt cao),Sprayway Singapore,Bình xịt Sprayway Singapore,May Mặc,Công thức được thiết kế đặc biệt cho các cửa hàng in ấn màn hình. Hoàn hảo cho các ứng dụng và nhiệt độ cần thiết để khắc phục plastisol mực. An toàn để sử dụng trên nhiều loại vải. Keo xịt cao cấp dùng cho công nghiệ...,"Công thức được thiết kế đặc biệt cho các cửa hàng in ấn màn hình.
Hoàn hảo cho các ứng dụng và nhiệt độ cần thiết để khắc phục plastisol mực.
An toàn để sử dụng trên nhiều loại vải.
Keo xịt cao cấp dùng cho công nghiệp chất lượng cao.
Sẽ không in lại hoặc cho phép thay đổi trong quá trình in ấn màn hình.",data/crawl/assets/c0b11020a0841595.png,true,needs_review,,https://sprayway-tpr.com/vn/san-pham/521/ss84-keo-xit-dinh-vi-vai-khi-in-lua-(chieu-nhiet-cao).html
522,SS88,SS88 KEO XỊT ĐA NĂNG,Sprayway Singapore,Bình xịt Sprayway Singapore,May Mặc,"Chai phun keo dán, loại keo dán đa năng, có độ hoàn hảo cao, thích hợp dùng trong phòng tranh, họa phẩm, liễn chương, in ấn&hellip; Cho phép dán tạm thời & dán vĩnh viễn lên các chất liệu nhẹ. Tăng tốc độ trong sản xu...","Chai phun keo dán, loại keo dán đa năng, có độ hoàn hảo cao, thích hợp dùng trong phòng tranh, họa phẩm, liễn chương, in ấn&hellip;
Cho phép dán tạm thời & dán vĩnh viễn lên các chất liệu nhẹ.
Tăng tốc độ trong sản xuất, lắp ráp.
Khô nhanh, chịu được nhiệt độ cao & chịu được nước
Có mức độ ngấm keo thấp, độ phủ keo rộng, mối dán chặt.",data/crawl/assets/15d7ca1aa970685f.png,true,needs_review,,https://sprayway-tpr.com/vn/san-pham/522/ss88-keo-xit-da-nang.html
523,SS822,SS822 KEO DÁN ĐỊNH VỊ,Sprayway Singapore,Bình xịt Sprayway Singapore,May Mặc,"Một sản phẩm rất cần thiết cho các xưởng dệt may & xưởng thêu. Giúp xử lý được nhiều vấn đề trong qúa trình ráp nối & định vị các chi tiếtCó thể lột ra dán lại nhiều lần, không làm nhăn bề mặt vải. Không gây dính keo...","Một sản phẩm rất cần thiết cho các xưởng dệt may & xưởng thêu.
Giúp xử lý được nhiều vấn đề trong qúa trình ráp nối & định vị các chi tiếtCó thể lột ra dán lại nhiều lần, không làm nhăn bề mặt vải.
Không gây dính keo lên thân kim may & kim thêu
Công thức pha chế rất sạch, không bị ngấm qua vải & qua giấy.",data/crawl/assets/8b562f3912535e89.png,true,needs_review,,https://sprayway-tpr.com/vn/san-pham/523/ss822-keo-dan-dinh-vi.html
524,SS99,SS99 Keo Xịt Đa Năng,Sprayway Singapore,Bình xịt Sprayway Singapore,May Mặc,"• Là sản phẩm không thể thiếu trong ngành may thêu, sản xuất tại Trung Quốc. • Có thể tái dán nhiều lần, dán tức hoặc để lâu mới dán, không tạo nếp nhăn. • Rất lý tưởng khi dùng trong lĩnh vực may mặc và dán con giống...","• Là sản phẩm không thể thiếu trong ngành may thêu, sản xuất tại Trung Quốc.
• Có thể tái dán nhiều lần, dán tức hoặc để lâu mới dán, không tạo nếp nhăn.
• Rất lý tưởng khi dùng trong lĩnh vực may mặc và dán con giống trong ngành thêu.",data/crawl/assets/baa11e6ee7307862.png,true,needs_review,,https://sprayway-tpr.com/vn/san-pham/524/ss99-keo-xit-da-nang.html
525,SS77,SS77 DẦU SILICONE BÔI TRƠN DẠNG ƯỚT,Sprayway Singapore,Bình xịt Sprayway Singapore,May Mặc,"Loại dầu bôi trơn có hiệu quả kinh tế cao dùng trong ngành tiêu dùng, ngành may. Tránh được hiện tượng máy bị khô, giảm tiếng ồn do ma sát. Ngoài ra còn có lớp bảo vệ kim loại không rỉ sét, tăng tuổi thọ máy. Dùng để...","Loại dầu bôi trơn có hiệu quả kinh tế cao dùng trong ngành tiêu dùng, ngành may.
Tránh được hiện tượng máy bị khô, giảm tiếng ồn do ma sát. Ngoài ra còn có lớp bảo vệ kim loại không rỉ sét, tăng tuổi thọ máy.
Dùng để bôi trơn các thiết bị truyền động, dao cắt, máy ép và các loại cơ khí...Sử dụng rộng rãi trong ngàng tiêu dùng, ngành dệt may, thêu (bôi trơn máy, chỉ) hạn chế tối đa hiện tượng đứt chỉ, nhảy mũi...tăng tốc độ và hiệu quả công việc.",data/crawl/assets/65bd6a48d36e8a8d.png,true,needs_review,,https://sprayway-tpr.com/vn/san-pham/525/ss77-dau-silicone-boi-tron-dang-uot.html
526,,ANC31 CHAI XỊT TẨY ĐA NĂNG,ANC,Gia dụng và nội thất,Gia Dụng & Nội Thất,"> Với chất tẩy rửa đa năng, tiết kiệm và hiệu quả trong việc tẩy sạch vết vân tay, vết sáp, ám khói, dầu mỡ trên vải, tường, thiết bị in ấn, thiết bị văn phòng... > Chất tẩy dạng bọt tuyết, không chảy phí, dễ dàng tẩy...","> Với chất tẩy rửa đa năng, tiết kiệm và hiệu quả trong việc tẩy sạch vết vân tay, vết sáp, ám khói, dầu mỡ trên vải, tường, thiết bị in ấn, thiết bị văn phòng...
> Chất tẩy dạng bọt tuyết, không chảy phí, dễ dàng tẩy sạch các vết bẩn mà không làm hại bề mặt vật tẩy.
> Bề mặt sáng bóng khi sử dụng trên bề mặt cứng, cửa, mành che.
> Vệ sinh vết bẩn, vết chì, vết chì màu trên tường mà không bong tróc màu sơn.",data/crawl/assets/f614d74a073e80f1.jpg,true,needs_review,missing_code,https://sprayway-tpr.com/vn/san-pham/526/anc31-chai-xit-tay-da-nang.html
527,945,"ANC945 Bôi trơn khung in, bảng in, máy cắt vải, chi tiết máy móc và các loại máy cắt giấy",ANC,Vật tư ngành may,May Mặc,,"ANC945 CHAI XỊT BÔI TRƠN CHO ĐỘNG CƠ HOẶC CHỈ MAY (DẠNG KHÔ)
Chai xịt silicone Sprayway Singapore giúp giảm ma sát, chống kết dính và làm chậm sự ăn mòn trên các thiết bị. Đánh dấu làm sạch nhanh, dễ dàng và nhanh khô hơn mà không có nhờn hoặc màng nhờn. Tiết kiệm thời gian, bảo vệ và giữ gìn thiết bị.
Sử dụng trên các bề mặt như kim loại, thủy tinh, cao su, hầu hết các loại nhựa, sơn lớp hoàn thiện và vải (ngoại trừ polystyrene). Không màu, không nhuộm màu, không sáp và ổn định nhiệt - không bị ảnh hưởng bởi nhiệt độ từ (-40℃ đến 204℃).
Giúp Máy in Bôi trơn và chống gỉ cho máy cắt giấy, máy khoan, khuôn dập, cưa,..
Ngăn chặn sự bám dính của keo vào thiết bị. Ngăn chặn giấy bóng kính, giấy, pliofilm, polyethlene, nhựa vinyl, sáp và các vật liệu khác dính vào kim loại.
Loại bỏ sự tích tụ carbon trên máy hàn miệng túi, bàn là cầm tay, tấm gia nhiệt và thiết bị hàn nhiệt tự động. Loại bỏ các vấn đề dính trong khuôn nhựa và cao su. Giúp chống rỉ sét trên công cụ và thiết bị. Ngăn chặn sự bám dính của thiết bị vật liệu dính.
Đối với máy khâu, bàn cắt và khuôn dập,ngăn vải bị dồn lại trong quá trình may hoặc cắt. Sử dụng trên bàn là tay và các thiết bị ép khác. Sử dụng trên các biểu mẫu lên máy bay để có thể dễ dàng cởi bỏ hàng dệt kim mà không bị tuột hoặc vướng. cửa, khớp,..
Bôi trơn đường gờ cốp xe, cửa sổ, cửa ra vào, ổ khóa, vận chuyển, giá đỡ, phanh khẩn cấp, trục bàn đạp, cơ cấu điều chỉnh ghế ô tô.",data/crawl/assets/5b6f9e6c0a7ccdde.jpg,false,needs_review,name_too_long,"https://sprayway-tpr.com/vn/san-pham/527/anc945-boi-tron-khung-in,-bang-in,-may-cat-vai,-chi-tiet-may-moc-va-cac-loai-may-cat-giay.html"
528,,ANC77 DẦU SILICONE BÔI TRƠN DẠNG ƯỚT,ANC,Vật tư ngành may,May Mặc,,"Loại dầu bôi trơn có hiệu quả kinh tế cao dùng trong ngành tiêu dùng, ngành may.
Tránh được hiện tượng máy bị khô, giảm tiếng ồn do ma sát. Ngoài ra còn có lớp bảo vệ kim loại không rỉ sét, tăng tuổi thọ máy.
Dùng để bôi trơn các thiết bị truyền động, dao cắt, máy ép và các loại cơ khí...Sử dụng rộng rãi trong ngàng tiêu dùng, ngành dệt may, thêu (bôi trơn máy, chỉ) hạn chế tối đa hiện tượng đứt chỉ, nhảy mũi...tăng tốc độ và hiệu quả công việc.",data/crawl/assets/ee5830ccb70372ec.jpg,true,needs_review,missing_code,https://sprayway-tpr.com/vn/san-pham/528/anc77-dau-silicone-boi-tron-dang-uot.html
529,,"ANCRD90 Chai xịt bôi trơn, chống rỉ cho máy móc và kim loại",ANC,Vật tư ngành may,May Mặc,,"Sprayway Singapore SSRD-90
• Chất bôi trơn sử dụng cho thiết bị ô tô, tất cả các loại cơ khí và thiết bị kim loại.
• Lớp phủ bôi trơn giúp thiết bị, máy móc vận hành dễ dàng. Tẩy sét, phòng gỉ, khử hơi nước.
• Sức bôi trơn bền bỉ, lâu khô, tiết kiệm thời gian, tăng tuổi thọ máy.",data/crawl/assets/d6594d9e928540d2.jpg,false,needs_review,missing_code,"https://sprayway-tpr.com/vn/san-pham/529/ancrd90-chai-xit-boi-tron,-chong-ri-cho-may-moc-va-kim-loai-.html"
530,,ANC99 Keo Xịt Đa Năng,ANC,Vật tư ngành may,May Mặc,,"• Là sản phẩm không thể thiếu trong ngành may thêu, sản xuất tại Trung Quốc.
• Có thể tái dán nhiều lần, dán tức hoặc để lâu mới dán, không tạo nếp nhăn.
• Rất lý tưởng khi dùng trong lĩnh vực may mặc và dán con giống trong ngành thêu.",data/crawl/assets/77d621810c52af42.jpg,true,needs_review,missing_code,https://sprayway-tpr.com/vn/san-pham/530/anc99-keo-xit-da-nang.html
531,,ANC88 KEO XỊT ĐA NĂNG,ANC,Vật tư ngành may,May Mặc,,"Chai phun keo dán, loại keo dán đa năng, có độ hoàn hảo cao, thích hợp dùng trong phòng tranh, họa phẩm, liễn chương, in ấn&hellip;
Cho phép dán tạm thời & dán vĩnh viễn lên các chất liệu nhẹ.
Tăng tốc độ trong sản xuất, lắp ráp.
Khô nhanh, chịu được nhiệt độ cao & chịu được nước
Có mức độ ngấm keo thấp, độ phủ keo rộng, mối dán chặt.",data/crawl/assets/6dd096b09fea1b6a.jpg,true,needs_review,missing_code,https://sprayway-tpr.com/vn/san-pham/531/anc88-keo-xit-da-nang.html
532,,ANC84 KEO XỊT ĐỊNH VỊ VẢI KHI IN LỤA (chịu nhiệt cao),ANC,Vật tư ngành may,May Mặc,,"Công thức được thiết kế đặc biệt cho các cửa hàng in ấn màn hình.
Hoàn hảo cho các ứng dụng và nhiệt độ cần thiết để khắc phục plastisol mực.
An toàn để sử dụng trên nhiều loại vải.
Keo xịt cao cấp
Sẽ không in lại hoặc cho phép thay đổi trong quá trình in ấn màn hình.",data/crawl/assets/c68ddde73a3a9bb3.jpg,true,needs_review,missing_code,https://sprayway-tpr.com/vn/san-pham/532/anc84-keo-xit-dinh-vi-vai-khi-in-lua-(chieu-nhiet-cao).html
533,,ANC82 KEO XỊT DẠNG PHUN SƯƠNG DÙNG TRONG IN VẢI,ANC,Vật tư ngành may,May Mặc,ANC82 KEO XỊT DẠNG PHUN SƯƠNG DÙNG TRONG IN VẢI,"Chuyên dùng định vị cho các sản phẩm dệt vải thun, giấy carton, sợi tổng hợp hoặc in lụa...
Tái dán nhiều lần vẫn đảm bảo độ dính.
Không thấm qua bề mặt khác của chất liệu.",data/crawl/assets/4b47667c0facc4b2.jpg,true,needs_review,missing_code,https://sprayway-tpr.com/vn/san-pham/533/anc82-keo-xit-dang-phun-suong-dung-trong-in-vai.html
534,,ANC66 KEO XỊT DẠNG PHUN SƯƠNG,ANC,Vật tư ngành may,May Mặc,,"Giúp dán & giữ cho các rập giấy, mẫu in, ... không bị dịch chuyển.. .
Có tính năng dán tạm thời & dán vĩnh viễn..
Lớp keo phun lên không gây nhăn vải, có thể lột ra dán lại nhiều lần, chịu nước tốt. Không tạo ra vết bẩn khi dán lên vải.
Là công cụ lý tưởng cho các công việc trong ngành dệt may, in lụa, ...
Dùng trong các ngành : in ấn, in lụa, may mặc, sửa chữa trong ngành văn phòng, gia dụng...",data/crawl/assets/f72fbb3a33dcb3d7.jpg,true,needs_review,missing_code,https://sprayway-tpr.com/vn/san-pham/534/anc66-keo-xit-dang-phun-suong.html
535,,"ANC63 Chai xịt tẩy rửa các chất dầu mỡ, keo dán",ANC,Vật tư ngành may,May Mặc,,"Chai xịt tẩy rửa các chất dầu mỡ, keo dán ANC63
- Chuyên dùng để tẩy rửa các thiết bị trong nghệ thuật, tranh ảnh, hội họa, may mặc.
- An toàn khi thao tác trên máy, không cần phải tắt máy
- Sẽ không làm gián đoạn quá trình sản xuất. Dễ dàng tẩy chất dầu mở, mực, lớp sơn mới, keo dán,..
- Nhanh khô, khó bắt lửa, độc tính thấp, không để lại bụi bẩn.
- Không sử dụng trên sản phẩm có chất liệu nhựa.",data/crawl/assets/9e5e56cdf0df46cf.jpg,true,needs_review,missing_code,"https://sprayway-tpr.com/vn/san-pham/535/anc63-chai-xit-tay-rua-cac-chat-dau-mo,-keo-dan-.html"
536,,ANC823 Chai xịt tẩy băng chuyền máy ép cổ áo,ANC,Vật tư ngành may,May Mặc,"Chai xịt tấy băng chuyền máy ép cổ áo ANC - SS823 được thiết kế và sản xuất cho ngành may mặc. - Hiệu quả loại bỏ cặn bám trên các bề mặt điều hành máy móc, bàn là, thắt lưng, và ép. - Giảm liên kết của chất kết dính...","Chai xịt tấy băng chuyền máy ép cổ áo ANC
- SS823 được thiết kế và sản xuất cho ngành may mặc.
- Hiệu quả loại bỏ cặn bám trên các bề mặt điều hành máy móc, bàn là, thắt lưng, và ép.
- Giảm liên kết của chất kết dính tráng trên bề mặt Teflon&reg;.
- Chai xịt ANC823 không cháy trong điều kiện nung chảy. (Điểm cháy: 240 &deg; C/465 &deg; F; điểm đánh lửa: trên 240 &deg; C/465 &deg; F)
- Chứa chất silicone cao.",data/crawl/assets/dc9be6eeb8c5fd49.jpg,true,needs_review,missing_code,https://sprayway-tpr.com/vn/san-pham/536/anc823-chai-xit-tay-bang-chuyen-may-ep-co-ao.html
537,,ANC821 KEO XỊT CHỐNG TƯA MÉP VẢI,ANC,Vật tư ngành may,May Mặc,"Đặc biệt được tạo ra để giúp nhân viên ngành may làm việc hiệu quả hơn. Loại bỏ sự thất thoát và lãng phí trong quá trình may, hao phí nguyên liệu. Ngăn chặn tình trạng sơ mép và trượt vải - tiết kiệm lao động và thời...","Đặc biệt được tạo ra để giúp nhân viên ngành may làm việc hiệu quả hơn.
Loại bỏ sự thất thoát và lãng phí trong quá trình may, hao phí nguyên liệu.
Ngăn chặn tình trạng sơ mép và trượt vải - tiết kiệm lao động và thời gian.
Nhanh khô; hoàn hảo và an toàn cho các loại vải.",data/crawl/assets/5f8d45e04feb5c79.jpg,true,needs_review,missing_code,https://sprayway-tpr.com/vn/san-pham/537/anc821-keo-xit-chong-tua-mep-vai.html
538,384,384 - KEO DÁN ĐỊNH VỊ (CHỊU NHIỆT CAO),Sprayway,Bình xịt công nghiệp Sprayway,May Mặc,SPRAYWAY 384,"No.384 SPRAYWAY - KEO DÁN ĐỊNH VỊ CHO MAY MẶC, THÊU & IN LỤA ( CHỊU NHIÊT CAO)
• Công thức được thiết kế đặc biệt cho ngành in lụa cần phải có flash cure.
• Hoàn hảo cho các ứng dụng và nhiệt độ cần thiết để khắc phục mực plastisol.
• An toàn sử dụng trên nhiều loại vải.
• Keo xịt cao cấp dùng cho chất lượng cao.
• Không thấm qua hoặc dính lên bề mặt của chất liệu trong quá trình in.",data/crawl/assets/0ba742771709cb6a.png,true,needs_review,,https://sprayway-tpr.com/vn/san-pham/538/384---keo-dan-dinh-vi-(-chiu-nhiet-cao).html
540,,Ổ CHAO CERLIANI,Cerliani,Ổ chao,May Mặc,Sản phẩm chai xịt SPRAYWAY & TPR trong công nghiệp...,Sản phẩm chai xịt SPRAYWAY & TPR trong công nghiệp...,data/crawl/assets/5951e44df2de9473.jpg,false,needs_review,missing_code,https://sprayway-tpr.com/vn/san-pham/540/o-chao-cerliani.html
541,,PHẤN MAY,Thương Hiệu,Phấn may,May Mặc,,,data/crawl/assets/e423083d290e1666.jpg,false,needs_review,missing_code|weak_description,https://sprayway-tpr.com/vn/san-pham/541/phan-may.html
542,JJW-008,NƯỚC BẮN TẨY JJW - 008,SS-JJW,Tẩy vết bẩn ngành may,May Mặc,Sản phẩm chai xịt SPRAYWAY & TPR trong công nghiệp...,Sản phẩm chai xịt SPRAYWAY & TPR trong công nghiệp...,data/crawl/assets/0e98e1aa1b7cf4a7.png,true,needs_review,,https://sprayway-tpr.com/vn/san-pham/542/nuoc%20ban%20tay.html
543,LDH-210,Kéo bấm chỉ 10.8cm LDH - 210,LDH,Vật tư ngành may,Mỹ Thuật|Điện Tử & Văn Phòng|Hàng Tiêu Dùng|Dịch Vụ Bảo Trì|May Mặc,Kéo bấm chỉ 10.8cm LDH-210,"Thông Tin Sản Phẩm: LDH-210
- Kéo bấm chỉ thương hiệu LiDaHang ( 利达行 ) LDH-210
- Sản phẩm được sơn tĩnh điện ở thân kéo giúp tăng tính thẩm mỹ và độ bền của kéo
- Lưỡi kéo được nhuộm đen tạo nên lớp bảo vệ giúp hạn chế phản xạ ánh sáng gây chói mắt và chống gỉ sét
*Hướng Dẫn Sử Dụng:
✔ Kéo thích hợp để bấm chỉ, tranh thêu chữ thập, len, đồ gia dụng.
✔ Tránh nhấp kéo nhiều lần, phải cắt qua giấy hoặc vải.
✔ Thường xuyên thoa dầu để bảo dưỡng kéo",data/crawl/assets/69b01fd7ba565a1e.jpg,false,needs_review,,https://sprayway-tpr.com/vn/san-pham/543/K%C3%A9o%20b%E1%BA%A5m%20ch%E1%BB%89%2010.8cm%20LDH-210.html
544,18,Kéo cắt cường lực inox LDH - XS185 18.5cm,LDH,Vật tư ngành may,Mỹ Thuật|Gia Dụng & Nội Thất|Hàng Tiêu Dùng|May Mặc,THÔNG TIN SẢN PHẨM: LDH-XS185 - Kéo gia dụng được sản xuất bởi công ty chuyên về dao kéo LiDaHang ( 利达行 ) phần tên và mã sản phẩm được in trên phần thân kéo. - Sản phẩm được làm bằng thép chống gỉ sét tốt. - Phần cán...,"THÔNG TIN SẢN PHẨM: LDH-XS185
- Kéo gia dụng được sản xuất bởi công ty chuyên về dao kéo LiDaHang ( 利达行 ) phần tên và mã sản phẩm được in trên phần thân kéo.
- Sản phẩm được làm bằng thép chống gỉ sét tốt.
- Phần cán có 2 màu, màu xanh là phần nhựa cứng, màu hồng là phần nhựa mềm giúp kéo vừa cứng cáp, vừa êm ái khi cầm nắm và tăng tính thẩm mĩ cho kéo.
- Chiều dài tổng thể của kéo 18.5cm, chiều dài từ phần ốc vặn đến mũi kéo 7cm -> Giúp tăng mô men lực giúp cho việc cắt tỉa mượt mà và dễ dàng hơn mà không cần dùng nhiều lực.
- Phần ốc vặn có thể điều chỉnh độ siết giữa hai lưỡi kéo.
* Hướng dẫn sử dụng và bảo quản:
✔ Kéo thích hợp để cắt vải, cắt các đồ gia dụng, thực phẩm, và sử dụng trong văn phòng.
✔ Tránh nhấp kéo nhiều lần, phải cắt qua giấy hoặc vải để loại bỏ ba vớ có thể dính trên kéo trong quá trình sản xuất.
✔ Thường xuyên thoa dầu để bảo dưỡng kéo.",data/crawl/assets/4fc1de3772cfdbdd.jpg,false,needs_review,,https://sprayway-tpr.com/vn/san-pham/544/keo-cat-cuong-luc-inox-ldh-xs185-18-5cm-.html
545,LDH-240X,Kéo cắt răng cưa inox 9inch LDH - 240X,LDH,Vật tư ngành may,Mỹ Thuật|Điện Tử & Văn Phòng|Gia Dụng & Nội Thất|Hàng Tiêu Dùng|Dịch Vụ Bảo Trì|May Mặc,THÔNG TIN SẢN PHẨM: LDH-240X - Kéo gia dụng được sản xuất bởi công ty chuyên về dao kéo LiDaHang ( 利达行 ) phần tên và mã sản phẩm được in trên phần thân kéo. - Sản phẩm được làm bằng thép chống gỉ sét tốt. -Lưỡi kéo ră...,"THÔNG TIN SẢN PHẨM: LDH-240X
- Kéo gia dụng được sản xuất bởi công ty chuyên về dao kéo LiDaHang ( 利达行 ) phần tên và mã sản phẩm được in trên phần thân kéo.
- Sản phẩm được làm bằng thép chống gỉ sét tốt.
-Lưỡi kéo răng cưa, cán có hai màu.
* Hướng dẫn sử dụng và bảo quản:
✔ Kéo thích hợp để cắt vải, cắt các đồ gia dụng, thực phẩm, và sử dụng trong văn phòng.
✔ Tránh nhấp kéo nhiều lần, phải cắt qua giấy hoặc vải để loại bỏ ba vớ có thể dính trên kéo trong quá trình sản xuất.
✔ Thường xuyên thoa dầu để bảo dưỡng kéo.",data/crawl/assets/34856e44f060b18b.jpg,false,needs_review,,https://sprayway-tpr.com/vn/san-pham/545/keo-cat-rang-cua-inox-9inch-ldh-240x.html
546,20,Kéo cắt 20.1cm LDH - X1,LDH,Vật tư ngành may,Mỹ Thuật|Điện Tử & Văn Phòng|Gia Dụng & Nội Thất|Hàng Tiêu Dùng|Dịch Vụ Bảo Trì|May Mặc,THÔNG TIN SẢN PHẨM: LDH-X1 - Kéo gia dụng được sản xuất bởi công ty chuyên về dao kéo LiDaHang ( 利达行 ) phần tên và mã sản phẩm được in trên phần thân kéo. - Sản phẩm được làm bằng thép chống gỉ sét tốt. - Cán cao su c...,"THÔNG TIN SẢN PHẨM: LDH-X1
- Kéo gia dụng được sản xuất bởi công ty chuyên về dao kéo LiDaHang ( 利达行 ) phần tên và mã sản phẩm được in trên phần thân kéo.
- Sản phẩm được làm bằng thép chống gỉ sét tốt.
- Cán cao su có hai màu. Chiều dài kéo là 20.1cm
* Hướng dẫn sử dụng và bảo quản:
✔ Kéo thích hợp để cắt vải, cắt các đồ gia dụng, thực phẩm, và sử dụng trong văn phòng.
✔ Tránh nhấp kéo nhiều lần, phải cắt qua giấy hoặc vải để loại bỏ ba vớ có thể dính trên kéo trong quá trình sản xuất.
✔ Thường xuyên thoa dầu để bảo dưỡng kéo.",data/crawl/assets/baf625b5ef6321bb.jpg,false,needs_review,,https://sprayway-tpr.com/vn/san-pham/546/keo-cat-20-1cm-ldh-x1.html
547,18,Kéo cắt 18.5cm LDH - X2,LDH,Vật tư ngành may,Mỹ Thuật|Điện Tử & Văn Phòng|Gia Dụng & Nội Thất|Dịch Vụ Bảo Trì|May Mặc,THÔNG TIN SẢN PHẨM: LDH-X2 Kéo gia dụng được sản xuất bởi công ty chuyên về dao kéo LiDaHang ( 利达行 ) phần tên và mã sản phẩm được in trên phần thân kéo. Sản phẩm được làm bằng thép chống gỉ sét tốt. Cán cao su có hai...,"THÔNG TIN SẢN PHẨM: LDH-X2
Kéo gia dụng được sản xuất bởi công ty chuyên về dao kéo LiDaHang ( 利达行 ) phần tên và mã sản phẩm được in trên phần thân kéo.
Sản phẩm được làm bằng thép chống gỉ sét tốt.
Cán cao su có hai màu. Chiều dài kéo là 18.5cm.
* Hướng dẫn sử dụng và bảo quản:
✔ Kéo thích hợp để cắt vải, cắt các đồ gia dụng, thực phẩm, và sử dụng trong văn phòng.
✔ Tránh nhấp kéo nhiều lần, phải cắt qua giấy hoặc vải để loại bỏ ba vớ có thể dính trên kéo trong quá trình sản xuất.
✔ Thường xuyên thoa dầu để bảo dưỡng kéo.",data/crawl/assets/a618680994433d20.jpg,false,needs_review,,https://sprayway-tpr.com/vn/san-pham/547/keo-cat-18-5cm-ldh-x2.html
548,,Kéo cắt 17cm LDH - X3,LDH,Vật tư ngành may,Mỹ Thuật|Điện Tử & Văn Phòng|Gia Dụng & Nội Thất|Hàng Tiêu Dùng|Dịch Vụ Bảo Trì|May Mặc,THÔNG TIN SẢN PHẨM: LDH-X3 - Kéo gia dụng được sản xuất bởi công ty chuyên về dao kéo LiDaHang ( 利达行 ) phần tên và mã sản phẩm được in trên phần thân kéo. - Sản phẩm được làm bằng thép chống gỉ sét tốt. - Cán cao su c...,"THÔNG TIN SẢN PHẨM: LDH-X3
- Kéo gia dụng được sản xuất bởi công ty chuyên về dao kéo LiDaHang ( 利达行 ) phần tên và mã sản phẩm được in trên phần thân kéo.
- Sản phẩm được làm bằng thép chống gỉ sét tốt.
- Cán cao su có hai màu. Chiều dài kéo là 17cm.
* Hướng dẫn sử dụng và bảo quản:
✔ Kéo thích hợp để cắt vải, cắt các đồ gia dụng, thực phẩm, và sử dụng trong văn phòng.
✔ Tránh nhấp kéo nhiều lần, phải cắt qua giấy hoặc vải để loại bỏ ba vớ có thể dính trên kéo trong quá trình sản xuất.
✔ Thường xuyên thoa dầu để bảo dưỡng kéo.",data/crawl/assets/b605907f102f5a01.jpg,false,needs_review,missing_code,https://sprayway-tpr.com/vn/san-pham/548/keo-cat-17cm-ldh-x3.html
549,LDH-G08,Kéo cắt vải cao cấp 8 inch LDH - G08,LDH,Vật tư ngành may,Mỹ Thuật|Điện Tử & Văn Phòng|Gia Dụng & Nội Thất|Hàng Tiêu Dùng|Dịch Vụ Bảo Trì|May Mặc,"THÔNG TIN SẢN PHẨM: LDH-G08 - Được làm bằng thép không rỉ, sử dụng được lâu dài - Ốc siết bằng đồng có độ giãn nở cao, giảm sự oxi hóa (tránh rỉ sét nhằm bảo đảm việc hoạt động trơn tru của kéo khi cắt) và có thể điều...","THÔNG TIN SẢN PHẨM: LDH-G08
- Được làm bằng thép không rỉ, sử dụng được lâu dài
- Ốc siết bằng đồng có độ giãn nở cao, giảm sự oxi hóa (tránh rỉ sét nhằm bảo đảm việc hoạt động trơn tru của kéo khi cắt) và có thể điều chỉnh.
- Tay cầm được phủ lớp
nhựa dẻo giúp êm tay và chống rỉ sét.
- Đầu kéo hơi tù giúp giảm tỷ lệ cong, gãy lưỡi kéo khi rớt xuống.
- Độ cứng lưỡi kéo: 58-60 HRC tránh kéo bị biến dạng khi va đập. Quy cách kéo: 8 inch
- Sản phẩm nội địa trung được shop xem và đánh giá chất lượng trước khi bán, được nhập khẩu trực tiếp từ Trung Quốc nên giá thành cạnh tranh.
* Đặc biệt: - Ngoài cắt vải, kéo còn có thể dùng trong văn phòng, cắt da và gia dụng
* Hướng dẫn sử dụng:
✔ Cắt qua giấy trước khi sử dụng để loại bỏ ba vớ trên lưỡi kéo.
✔ Thường xuyên thoa dầu để bảo dưỡng kéo.
✔ Tránh nhấp kéo nhiều lần, phải cắt qua giấy hoặc vải.",data/crawl/assets/43dc355009b2f90c.jpg,false,needs_review,,https://sprayway-tpr.com/vn/san-pham/549/keo-cat-vai-cao-cap-8-inch-ldh-g08.html
550,LDH-G09,Kéo cắt vải cao cấp 9 inch LDH - G09,LDH,Vật tư ngành may,Mỹ Thuật|Điện Tử & Văn Phòng|Gia Dụng & Nội Thất|Hàng Tiêu Dùng|Dịch Vụ Bảo Trì|May Mặc,"THÔNG TIN SẢN PHẨM: LDH-G09 - Được làm bằng thép không rỉ, sử dụng được lâu dài - Ốc siết bằng đồng có độ giãn nở cao, giảm sự oxi hóa (tránh rỉ sét nhằm bảo đảm việc hoạt động trơn tru của kéo khi cắt) và có thể điều...","THÔNG TIN SẢN PHẨM: LDH-G09
- Được làm bằng thép không rỉ, sử dụng được lâu dài
- Ốc siết bằng đồng có độ giãn nở cao, giảm sự oxi hóa (tránh rỉ sét nhằm bảo đảm việc hoạt động trơn tru của kéo khi cắt) và có thể điều chỉnh.
- Tay cầm được phủ lớp
nhựa dẻo giúp êm tay và chống rỉ sét.
- Đầu kéo hơi tù giúp giảm tỷ lệ cong, gãy lưỡi kéo khi rớt xuống.
- Quy cách kéo: 9 inch
- Sản phẩm nội địa trung được shop xem và đánh giá chất lượng trước khi bán, được nhập khẩu trực tiếp từ Trung Quốc nên giá thành cạnh tranh.
* Đặc biệt: - Ngoài cắt vải, kéo còn có thể dùng trong văn phòng, cắt da và gia dụng
* Hướng dẫn sử dụng:
✔ Cắt qua giấy trước khi sử dụng để loại bỏ ba vớ trên lưỡi kéo.
✔ Thường xuyên thoa dầu để bảo dưỡng kéo.
✔ Tránh nhấp kéo nhiều lần, phải cắt qua giấy hoặc vải.",data/crawl/assets/1e74d33982d5347b.jpg,false,needs_review,,https://sprayway-tpr.com/vn/san-pham/550/keo-cat-vai-cao-cap-9-inch-ldh-g09.html
551,LDH-G10,Kéo cắt vải cao cấp 10 inch LDH - G10,LDH,Vật tư ngành may,Mỹ Thuật|Điện Tử & Văn Phòng|Hàng Tiêu Dùng|Dịch Vụ Bảo Trì|May Mặc,"THÔNG TIN SẢN PHẨM: LDH-G10 - Chất liệu thép hợp kim cao cấp, không gỉ sét, thiết kế phù hợp với bàn tay người Việt, kéo sắc bén không đau tay khi sử dụng,.. - Kéo cắt may là vật dụng quan trọng trong quá trình tạo ra...","THÔNG TIN SẢN PHẨM: LDH-G10
- Chất liệu thép hợp kim cao cấp, không gỉ sét, thiết kế phù hợp với bàn tay người Việt, kéo sắc bén không đau tay khi sử dụng,..
- Kéo cắt may là vật dụng quan trọng trong quá trình tạo ra những bộ trang phục và là bạn đồng hành không thể thiếu của các thợ may.
* Đặc biệt: - Ngoài cắt vải, kéo còn có thể dùng trong văn phòng, cắt da và gia dụng
* Hướng dẫn sử dụng:
✔ Cắt qua giấy trước khi sử dụng để loại bỏ ba vớ trên lưỡi kéo.
✔ Thường xuyên thoa dầu để bảo dưỡng kéo.
✔ Tránh nhấp kéo nhiều lần, phải cắt qua giấy hoặc vải.",data/crawl/assets/0eab2b88c718a6c8.jpg,false,needs_review,,https://sprayway-tpr.com/vn/san-pham/551/keo-cat-vai-cao-cap-10-inch-ldh-g10.html
552,LDH-G11,Kéo cắt vải cao cấp 11 inch LDH - G11,LDH,Vật tư ngành may,Mỹ Thuật|Điện Tử & Văn Phòng|Hàng Tiêu Dùng|Dịch Vụ Bảo Trì|May Mặc,"THÔNG TIN SẢN PHẨM: LDH-G11 - Được làm bằng thép không rỉ, sử dụng được lâu dài - Ốc siết bằng đồng có độ giãn nở cao, giảm sự oxi hóa (tránh rỉ sét nhằm bảo đảm việc hoạt động trơn tru của kéo khi cắt) và có thể điều...","THÔNG TIN SẢN PHẨM: LDH-G11
- Được làm bằng thép không rỉ, sử dụng được lâu dài
- Ốc siết bằng đồng có độ giãn nở cao, giảm sự oxi hóa (tránh rỉ sét nhằm bảo đảm việc hoạt động trơn tru của kéo khi cắt) và có thể điều chỉnh.
- Tay cầm được phủ lớp nhựa dẻo giúp êm tay và chống rỉ sét.
- Đầu kéo hơi tù giúp giảm tỷ lệ cong, gãy lưỡi kéo khi rớt xuống.
- Độ cứng lưỡi kéo: 58~60 HRC tránh kéo bị biến dạng khi va đập.
Quy cách kéo: 11 inch (28.5cm)
* Hướng dẫn sử dụng:
✔ Cắt qua giấy trước khi sử dụng để loại bỏ ba vớ trên lưỡi kéo.
✔ Thường xuyên thoa dầu để bảo dưỡng kéo.
✔ Tránh nhấp kéo nhiều lần, phải cắt qua giấy hoặc vải.",data/crawl/assets/192bb4e95d84c9a0.jpg,false,needs_review,,https://sprayway-tpr.com/vn/san-pham/552/keo-cat-vai-cao-cap-11-inch-ldh-g11.html
553,LDH-G12,Kéo cắt vải cao cấp 12 inch LDH - G12,LDH,Vật tư ngành may,Mỹ Thuật|Điện Tử & Văn Phòng|Gia Dụng & Nội Thất|Dịch Vụ Bảo Trì|May Mặc,"THÔNG TIN SẢN PHẨM: LDH-G12 - Kéo chuyên dùng để cắt vải, lưỡi kéo được làm bằng thép không rỉ. - Ốc siết bằng đồng có độ giãn nở cao, giảm sự oxi hóa và có thể điều chỉnh. - Tay cầm được phủ lớp nhựa dẻo giúp êm tay...","THÔNG TIN SẢN PHẨM: LDH-G12
- Kéo chuyên dùng để cắt vải, lưỡi kéo được làm bằng thép không rỉ.
- Ốc siết bằng đồng có độ giãn nở cao, giảm sự oxi hóa và có thể điều chỉnh.
- Tay cầm được phủ lớp nhựa dẻo giúp êm tay và chống rỉ sét.
- Đầu kéo hơi tù giúp giảm tỷ lệ cong, gãy lưỡi kéo khi rớt xuống.
- Phần lõm trên lưỡi kéo để giảm nhiệt do sự ma sát sinh ra trong khi cắt, giúp giảm sự hao mòn của kéo.
- Độ cứng lưỡi kéo: 58~60 HRC
- Quy cách kéo: 12 inch (31cm)* Hướng dẫn sử dụng:
✔ Cắt qua giấy trước khi sử dụng để loại bỏ ba vớ trên lưỡi kéo.
✔ Thường xuyên thoa dầu để bảo dưỡng kéo.
✔ Tránh nhấp kéo nhiều lần, phải cắt qua giấy hoặc vải.",data/crawl/assets/8be0bb7c6747c087.jpg,false,needs_review,,https://sprayway-tpr.com/vn/san-pham/553/keo-cat-vai-cao-cap-12-inch-ldh-g12.html
554,LDH-211X,Kéo bấm chỉ 12.5cm LDH - 211X,LDH,Vật tư ngành may,Mỹ Thuật|Điện Tử & Văn Phòng|Gia Dụng & Nội Thất|Dịch Vụ Bảo Trì|May Mặc,"Thông Tin Sản Phẩm: LDH-211X - Chất Liệu Thép - Ngăn Chặn Rỉ Sét Với Chất Lượng Cao, Sản phẩm được tạo nên từ chất liệu thép chống rỉ sét cao cấp, - Đảm bảo sự bền bỉ và đẳng cấp. - Kéo bấm chỉ LDH-211X với kích thước...","Thông Tin Sản Phẩm: LDH-211X
- Chất Liệu Thép - Ngăn Chặn Rỉ Sét Với Chất Lượng Cao, Sản phẩm được tạo nên từ chất liệu thép chống rỉ sét cao cấp,
- Đảm bảo sự bền bỉ và đẳng cấp.
- Kéo bấm chỉ LDH-211X với kích thước: 12.5cm
*Hướng Dẫn Sử Dụng:
✔ Kéo thích hợp để bấm chỉ, tranh thêu chữ thập, len, đồ gia dụng...
✔ Tránh nhấp kéo nhiều lần, phải cắt qua giấy hoặc vải.
✔ Thường xuyên thoa dầu để bảo dưỡng kéo",data/crawl/assets/5d4c67429e19a4d7.jpg,false,needs_review,,https://sprayway-tpr.com/vn/san-pham/554/keo-bam-chi-12-5cm-ldh-211x.html
556,,PHẤN MAY VAPORIZABLE,Rabbitchalk,Phấn may,Mỹ Thuật|May Mặc,"Đặc trưng: Không có để dấu, Không có thiệt hại trên vải. • Các vết phấn sẽ mờ hoàn toàn sau 72~148 giờ sau khi vẽ. • Thiết kế tiện dụng tạo ra quy trình thuận tiện cho Thợ may. • Thời gian biến mất có thể được điều ch...","Đặc trưng:
Không có để dấu, Không có thiệt hại trên vải.
• Các vết phấn sẽ mờ hoàn toàn sau 72~148 giờ sau khi vẽ.
• Thiết kế tiện dụng tạo ra quy trình thuận tiện cho Thợ may.
• Thời gian biến mất có thể được điều chỉnh bằng áp suất nén.
- Vẽ nhẹ: thời gian biến mất ngắn
- Vẽ mạnh: thời gian biến mất dài
- RabbitChalk có thời gian sử dụng lâu dài với phương pháp sản xuất mật độ cao, tỷ lệ hao mòn thấp.
• Đường vẽ mịn và rõ ràng.",data/crawl/assets/f04b8dd1be508957.jpg,false,needs_review,missing_code,https://sprayway-tpr.com/vn/san-pham/556/rabbitchalk-vaporizable.html
556,,PHẤN MAY VAPORIZABLE,Rabbitchalk,Phấn may,Mỹ Thuật|May Mặc,"Đặc trưng: Không có để dấu, Không có thiệt hại trên vải. • Các vết phấn sẽ mờ hoàn toàn sau 72~148 giờ sau khi vẽ. • Thiết kế tiện dụng tạo ra quy trình thuận tiện cho Thợ may. • Thời gian biến mất có thể được điều ch...","Đặc trưng:
Không có để dấu, Không có thiệt hại trên vải.
• Các vết phấn sẽ mờ hoàn toàn sau 72~148 giờ sau khi vẽ.
• Thiết kế tiện dụng tạo ra quy trình thuận tiện cho Thợ may.
• Thời gian biến mất có thể được điều chỉnh bằng áp suất nén.
- Vẽ nhẹ: thời gian biến mất ngắn
- Vẽ mạnh: thời gian biến mất dài
- RabbitChalk có thời gian sử dụng lâu dài với phương pháp sản xuất mật độ cao, tỷ lệ hao mòn thấp.
• Đường vẽ mịn và rõ ràng.",data/crawl/assets/f04b8dd1be508957.jpg,false,needs_review,missing_code,https://sprayway-tpr.com/vn/san-pham/556/PH%E1%BA%A4N%20MAY%20VAPORIZABLE.html
557,,PHẤN MAY DẠNG VIẾT,Rabbitchalk,Phấn may,Mỹ Thuật|May Mặc,"Đặc trưng 1. Màu hồng: có thể xóa được bằng khí nén và nước - 12~24 giờ (Tùy thuộc vào loại vải, nhiệt độ và khí hậu) 2. Màu tím: có thể xóa được bằng khí nén và nước - 24~72 giờ (Tùy thuộc vào loại vải, nhiệt độ và k...","Đặc trưng
1. Màu hồng: có thể xóa được bằng khí nén và nước
- 12~24 giờ (Tùy thuộc vào loại vải, nhiệt độ và khí hậu)
2. Màu tím: có thể xóa được bằng khí nén và nước
- 24~72 giờ (Tùy thuộc vào loại vải, nhiệt độ và khí hậu)
3. Màu xanh: Chỉ xóa được bằng nước, không xóa được bằng khí nén
• Thời gian biến mất phụ thuộc vào loại vải, nhiệt độ và khí hậu.
• Bạn có thể xóa hình vẽ của Bút phấn RabbitChalk bằng khí nén và nước.
• Vết vẽ sẽ mờ đi sau 12~72 giờ kể từ khi vẽ.
• Chiều dài bản vẽ khoảng 1,000m.
• Nếu muốn xóa vết ngay thì có thể dùng nước bôi lên vết đó.
• Bút phấn Rabbit có khả năng đặc biệt giúp duy trì tuổi thọ của mực lên tới hơn 1 năm khi không sử dụng. (Nó phải được niêm phong bằng nắp riêng của họ.)
• Không giới hạn thời gian, cho đến khi dùng nước để xóa. (phụ thuộc vào vải, nhiệt độ và khí hậu)
• Chỉ có thể xóa được bằng nước, không thể xóa được bằng đường khí nén.(Màu xanh)",data/crawl/assets/b270fea45360036c.jpg,false,needs_review,missing_code,https://sprayway-tpr.com/vn/san-pham/557/PH%E1%BA%A4N%20MAY%20D%E1%BA%A0NG%20VI%E1%BA%BET.html
558,,PHẤN MAY PARAFFIN,Rabbitchalk,Phấn may,Mỹ Thuật|May Mặc,PHẤN MAY PARAFFIN,"Đặc trưng
• Mỏng hơn các loại phấn khác
- Đường nét mảnh và sắc nét trên vải.
- đường may chính xác
• Giảm lãng phí khi mài sắc. -> Giảm chi phí phấn.
• Thiết kế tiện dụng mang lại cảm giác thoải mái hơn cho người thiết kế khi vẽ.
• Các vết này sẽ mờ đi hoàn toàn khi dùng bàn ủi nhiệt ép lên.",data/crawl/assets/1f8cf53b253db42b.jpg,false,needs_review,missing_code,https://sprayway-tpr.com/vn/san-pham/558/PH%E1%BA%A4N%20MAY%20PARAFFIN.html
559,,PHẤN MAY DẠNG BỘT,Rabbitchalk,Phấn may,Mỹ Thuật|May Mặc,Đặc trưng • Bạn có thể sử dụng Bột phấn thỏ trên giấy hoa văn. • Vẽ đường hiệu quả và nhanh hơn so với các loại phấn thông thường. • Bột phấn Rabbit nặng và khó bể. • Bột phấn Rabbit có thể bám dính trên vải cho đến k...,"Đặc trưng
• Bạn có thể sử dụng Bột phấn thỏ trên giấy hoa văn.
• Vẽ đường hiệu quả và nhanh hơn so với các loại phấn thông thường.
• Bột phấn Rabbit nặng và khó bể.
• Bột phấn Rabbit có thể bám dính trên vải cho đến khi may.
• Bột phấn Rabbit vẫn còn và không bị lan ra khi bạn di chuyển vải sau khi sử dụng.",data/crawl/assets/9198eeac8adee1b1.jpg,false,needs_review,missing_code,https://sprayway-tpr.com/vn/san-pham/559/PH%E1%BA%A4N%20MAY%20D%E1%BA%A0NG%20B%E1%BB%98T.html
560,,Rarosa R1,Rarosa,Vật tư ngành may,May Mặc,"Tan trong dầu Chất tẩy vết bẩn gốc dầu Sơn, mỡ, dầu nhựa, chất kết dính, mực bút bi, sơn mài, son môi, sơn móng tay, dầu, hắc ín, mực gốc dầu, sáp, v.v..","Tan trong dầu Chất tẩy vết bẩn gốc dầu
Sơn, mỡ, dầu nhựa, chất kết dính, mực bút bi, sơn mài, son môi, sơn móng tay, dầu, hắc ín, mực gốc dầu, sáp, v.v..",data/crawl/assets/88b868c61125d644.jpg,false,needs_review,missing_code,https://sprayway-tpr.com/vn/san-pham/560/rarosa-r1.html
561,,Rarosa R2,Rarosa,Vật tư ngành may,May Mặc,"Hòa tan trong nước Hòa tan trong nước Hòa tan trong nước Tẩy vết bẩn có chất đạm (protein) bia, máu, kem, lòng trắng trứng, ca cao, sữa, kem nặng, sô cô la, mồ hôi, thức ăn thừa, bùn, nước tiểu,..vv","Hòa tan trong nước Hòa tan trong nước Hòa tan trong nước Tẩy vết bẩn có chất đạm (protein)
bia, máu, kem, lòng trắng trứng, ca cao, sữa, kem nặng, sô cô la, mồ hôi, thức ăn thừa, bùn, nước tiểu,..vv",data/crawl/assets/d9ec074402865daa.jpg,false,needs_review,missing_code,https://sprayway-tpr.com/vn/san-pham/561/rarosa-r2.html
562,,Rarosa R3,Rarosa,Vật tư ngành may,May Mặc,"Hòa tan trong nước Chất tẩy vết bẩn có chất khoáng Cola, nước ép trái cây, vết cỏ, cà phê, rượu trắng, trà đen, trà xanh, rượu vang, nước hoa, v.v.","Hòa tan trong nước Chất tẩy vết bẩn có chất khoáng
Cola, nước ép trái cây, vết cỏ, cà phê, rượu trắng, trà đen, trà xanh, rượu vang, nước hoa, v.v.",data/crawl/assets/9077ccae15f00113.jpg,false,needs_review,missing_code,https://sprayway-tpr.com/vn/san-pham/562/rarosa-r3.html
563,,Rarosa R4,Rarosa,Vật tư ngành may,May Mặc,"Hòa tan trong nước Tẩy các vết bẩn đặc biệt như: Rỉ sét, đổ mồ hôi, vàng nách, ố vàng nhẹ, chất trung hòa kiềm, kim máy khâu, vết rỉ sét, v.v.","Hòa tan trong nước
Tẩy các vết bẩn đặc biệt như: Rỉ sét, đổ mồ hôi, vàng nách, ố vàng nhẹ, chất trung hòa kiềm, kim máy khâu, vết rỉ sét, v.v.",data/crawl/assets/bcff971b325c0982.jpg,false,needs_review,missing_code,https://sprayway-tpr.com/vn/san-pham/563/rarosa-r4.html
564,TPR828,CHAI XỊT TẨY KEO LÓT TPR 828,TPR,Keo xịt và hóa chất TPR,May Mặc,Sản phẩm chai xịt SPRAYWAY & TPR trong công nghiệp...,Sản phẩm chai xịt SPRAYWAY & TPR trong công nghiệp...,data/crawl/assets/9675572bd8d69cf3.png,true,needs_review,,https://sprayway-tpr.com/vn/san-pham/564/chai_xit_828.html
566,702,CHAI XỊT SPRAYWAY ĐÁ GRANIT VÀ ĐÁ CẨM THẠCH,Sprayway,Bình xịt công nghiệp Sprayway,Hàng Tiêu Dùng,Chai xịt đá granit và đá cẩm thạch,Chai xịt đá granit và đá cẩm thạch,data/crawl/assets/1298b2131ab0aafb.png,false,needs_review,,https://sprayway-tpr.com/vn/san-pham/566/chai%20x%E1%BB%8Bt%20%C4%91%C3%A1%20granit.html
567,608,Chai Xịt Lau Kính Sprayway Glass Cleaner 608 (Chai nhỏ 4 OZ),Sprayway,Bình xịt công nghiệp Sprayway,Kiếng và Gương,"Sản phẩm chai xịt vệ sinh kính cao cấp tốt nhất trên thế giới. Chuyên dụng cho màn các màn kính thuỷ tinh xuyên suốt ( Kinh chắn oto , các vật dụng thuỷ tinh , kính cửa sổ ) Vệ sinh kiếng, cửa sổ, gương, kính che gió....","Sản phẩm chai xịt vệ sinh kính cao cấp tốt nhất trên thế giới.
Chuyên dụng cho màn các màn kính thuỷ tinh xuyên suốt ( Kinh chắn oto , các vật dụng thuỷ tinh , kính cửa sổ )
Vệ sinh kiếng, cửa sổ, gương, kính che gió. Tẩy sạch bụi bẩn, làm trong suốt màn kính .Sạch đến vô hình tấm kính của bạn .
o Tuyệt đối đảm bảo sau khi sử dụng sẽ không sót một hạt bụi
o Có hương thơm rất dễ chịu.
o Dùng được cho kính màu và kính trong suốt.
o Cấu tạo là dạng bọt - Bám được trên bề mặt kính thẳng đứng.
o Không để lại dấu vân tay, tối ưu hiệu quả trên các mặt kính thuỷ tinh , gương",data/crawl/assets/80ce78a89f4afb64.png,true,needs_review,,https://sprayway-tpr.com/vn/san-pham/567/chaixit608.html
568,TPR063,"Chai xịt tẩy rửa các chất dầu mỡ, keo dán Sprayway TPR063",Sprayway,Bình xịt công nghiệp Sprayway,Gia Dụng & Nội Thất,"Chuyên dùng để tẩy rửa các thiết bị trong nghệ thuật, tranh ảnh, hội họa, may mặc. An toàn khi thao tác trên máy, không cần phải tắt máy- sẽ không làm gián đoạn quá trình sản xuất. Dễ dàng tẩy chất dầu mở, mực, lớp sơ...","Chuyên dùng để tẩy rửa các thiết bị trong nghệ thuật, tranh ảnh, hội họa, may mặc.
An toàn khi thao tác trên máy, không cần phải tắt máy- sẽ không làm gián đoạn quá trình sản xuất.
Dễ dàng tẩy chất dầu mở, mực, lớp sơn mới, keo dán,..
Nhanh khô, khó bắt lửa, độc tính thấp, không để lại bụi bẩn.
Không sử dụng trên sản phẩm có chất liệu nhựa.",data/crawl/assets/a6cef4fd460e09f7.jpg,true,needs_review,,https://sprayway-tpr.com/vn/san-pham/568/tpr063.html
569,TPR-1088,MÁY CẮT CHỈ THÔNG MINH TPR - 1088,TPR,Keo xịt và hóa chất TPR,May Mặc,"Độ tẩy trung bình trên vải. Nhanh khô và có mùi thơm. Hiệu quả an toàn đối với các loại vải như len, bông, lụa, sợi tổng hợp và các loại vải nhạy cảm.","Độ tẩy trung bình trên vải.
Nhanh khô và có mùi thơm.
Hiệu quả an toàn đối với các loại vải như len, bông, lụa, sợi tổng hợp và các loại vải nhạy cảm.",data/crawl/assets/c35a56d7e7f9411b.png,false,needs_review,category_may_be_product_name,https://sprayway-tpr.com/vn/san-pham/569/chaixitustpr031.html
570,TPR830,Chai xịt tẩy dầu Spot Lifter US TPR830,TPR,Keo xịt và hóa chất TPR,May Mặc,"Độ tẩy mạnh. Hiệu quả an toàn đối với các loại vải như len, bông, lụa, sợi tổng hợp. Chuyên tẩy các vết dầu và vết bẩn trên bề vải, xịt tẩy dễ dàng mà không làm ảnh hưởng đến màu vải. Tiện lợi cho các bạn thợ may. Hướ...","Độ tẩy mạnh.
Hiệu quả an toàn đối với các loại vải như len, bông, lụa, sợi tổng hợp.
Chuyên tẩy các vết dầu và vết bẩn trên bề vải, xịt tẩy dễ dàng mà không làm ảnh hưởng đến màu vải. Tiện lợi cho các bạn thợ may.
Hướng dẫn sử dụng : Xoay mũi tên chỗ bấm xịt đến vị trí đánh dấu mực để mở voan xịt. Lắc đều hướng lên xuống, xịt vào vết bẩn phù kín vết bẩn, sau khoảng 2 phút sẽ khô lớp bột, sau đó phủi sạch lớp bột khô các vết bẩn sẽ không còn trên vải, không để lại vết ố, không cần rửa lại nước.",data/crawl/assets/14d4c8220eabc766.png,true,needs_review,,https://sprayway-tpr.com/vn/san-pham/570/chaixitmy830.html
571,TPR-1088,MÁY CẮT CHỈ THÔNG MINH TPR - 1088,TPR,Keo xịt và hóa chất TPR,May Mặc,"Chất tẩy không chứa chất Chlorinated, đạt tiêu chuẩn về an toàn môi trường. Đặc biệt, sản phẩm Spot-lifter 833 của chúng tôi đạt chứng nhận ZDHC 2.0 MRSL CẤP ĐỘ 1. Hiệu quả an toàn đối với các loại vải như len, bông,...","Chất tẩy không chứa chất Chlorinated, đạt tiêu chuẩn về an toàn môi trường.
Đặc biệt, sản phẩm Spot-lifter 833 của chúng tôi đạt chứng nhận ZDHC 2.0 MRSL CẤP ĐỘ 1.
Hiệu quả an toàn đối với các loại vải như len, bông, lụa, sợi tổng hợp, corduory, dacron, nylon, orlon và các loại vải nhạy cảm.",data/crawl/assets/01d0eeea6cebd6f6.png,false,needs_review,category_may_be_product_name,https://sprayway-tpr.com/vn/san-pham/571/chaixitus833.html
572,048,Chai Xịt Lau Kính Sprayway Glass Cleaner 048 (Chai nhỏ 4 OZ),Sprayway,Bình xịt công nghiệp Sprayway,May Mặc,"Sản phẩm chai xịt nước lau kính tốt nhất trên thế giới. Vệ sinh kiếng, cửa sổ, gương, kính che gió,đồ bằng men, sứ, chrome, ngói,&hellip; o Tẩy sạch bụi bẩn, vết dầu mỡ. o Đảm bảo không để lại bụi. o Có mùi thơm rất d...","Sản phẩm chai xịt nước lau kính tốt nhất trên thế giới.
Vệ sinh kiếng, cửa sổ, gương, kính che gió,đồ bằng men, sứ, chrome, ngói,&hellip;
o Tẩy sạch bụi bẩn, vết dầu mỡ.
o Đảm bảo không để lại bụi.
o Có mùi thơm rất dễ chịu.
o Dùng được cho kính màu và kính trong suốt.
o Cấu tạo là dạng bọt - Bám được trên bề mặt kính thẳng đứng.
o Không để lại dấu vân tay.",data/crawl/assets/663ceaee8395fe7f.png,true,needs_review,,https://sprayway-tpr.com/vn/san-pham/572/chaixitlaukinh048.html
573,TPR-1088,MÁY CẮT CHỈ THÔNG MINH TPR - 1088,Sprayway,Bình xịt công nghiệp Sprayway,May Mặc,"Giúp chấm dứt sự kẹt dính của các chi tiết chuyển động, máy móc, công cụ điện, ..., và bảo vệ thiết bị Giảm sự ma sát, giảm mài mòn, giữ lớp ngoài vật thể không dễ bám bụi, tiết kiệm thời gian, tăng tốc độ trong thao...","Giúp chấm dứt sự kẹt dính của các chi tiết chuyển động, máy móc, công cụ điện, ..., và bảo vệ thiết bị
Giảm sự ma sát, giảm mài mòn, giữ lớp ngoài vật thể không dễ bám bụi, tiết kiệm thời gian, tăng tốc độ trong thao tác sản xuất.",data/crawl/assets/07de237a904e30ac.png,false,needs_review,category_may_be_product_name,https://sprayway-tpr.com/vn/san-pham/573/chaixit292.html
574,TPR-1088,MÁY CẮT CHỈ THÔNG MINH TPR - 1088,Sprayway,Bình xịt công nghiệp Sprayway,Gia Dụng & Nội Thất,"Dung dịch vệ sinh mạch điện Sprayway Contact Cleaner SW293 Hiệu quả loại bỏ đất và các chất gây ô nhiễm khác từ các thành phần điện tử. Khô nhanh, sử dụng hiệu quả cho bo mạch điện tử. An toàn cho sử dụng trên hầu hết...","Dung dịch vệ sinh mạch điện Sprayway Contact Cleaner SW293
Hiệu quả loại bỏ đất và các chất gây ô nhiễm khác từ các thành phần điện tử.
Khô nhanh, sử dụng hiệu quả cho bo mạch điện tử.
An toàn cho sử dụng trên hầu hết các sản phẩm máy tính.",data/crawl/assets/2d61ebf3572961b3.png,false,needs_review,category_may_be_product_name,https://sprayway-tpr.com/vn/san-pham/574/binh-xit-ve-sinh-lam-sach-bo-mach-dien-sprayway-293.html
576,,Kéo bấm chỉ LDH 211XL,LDH,Vật tư ngành may,May Mặc,"- Chất Liệu Thép - Ngăn Chặn Rỉ Sét Với Chất Lượng Cao, Sản phẩm được tạo nên từ chất liệu thép chống rỉ sét cao cấp, - Đảm bảo sự bền bỉ và đẳng cấp. - Kéo bấm chỉ LDH-211X với kích thước: 12.5cm *Hướng Dẫn Sử Dụng:...","- Chất Liệu Thép - Ngăn Chặn Rỉ Sét Với Chất Lượng Cao, Sản phẩm được tạo nên từ chất liệu thép chống rỉ sét cao cấp,
- Đảm bảo sự bền bỉ và đẳng cấp.
- Kéo bấm chỉ LDH-211X với kích thước: 12.5cm
*Hướng Dẫn Sử Dụng:
✔ Kéo thích hợp để bấm chỉ, tranh thêu chữ thập, len, đồ gia dụng...
✔ Tránh nhấp kéo nhiều lần, phải cắt qua giấy hoặc vải.
✔ Thường xuyên thoa dầu để bảo dưỡng kéo",data/crawl/assets/6435893a764c9cad.png,false,needs_review,missing_code,https://sprayway-tpr.com/vn/san-pham/576/ldh211xl.html
577,TPR-1088,MÁY CẮT CHỈ THÔNG MINH TPR - 1088,TPR,Keo xịt và hóa chất TPR,May Mặc,THÔNG TIN SẢN PHẨM: LDH-XS195 - Kéo gia dụng được sản xuất bởi công ty chuyên về dao kéo LiDaHang ( 利达行 ) phần tên và mã sản phẩm được in trên phần thân kéo. - Sản phẩm được làm bằng thép chống gỉ sét tốt. - Cán kéo m...,"THÔNG TIN SẢN PHẨM: LDH-XS195
- Kéo gia dụng được sản xuất bởi công ty chuyên về dao kéo LiDaHang ( 利达行 ) phần tên và mã sản phẩm được in trên phần thân kéo.
- Sản phẩm được làm bằng thép chống gỉ sét tốt.
- Cán kéo màu đen sang trọng
- Chiều dài tổng thể của kéo 19.5 cm, chiều dài từ phần ốc vặn đến mũi kéo 7cm -> Giúp tăng mô men lực giúp cho việc cắt tỉa mượt mà và dễ dàng hơn mà không cần dùng nhiều lực.
- Phần ốc vặn có thể điều chỉnh độ siết giữa hai lưỡi kéo.
* Hướng dẫn sử dụng và bảo quản:
✔ Kéo thích hợp để cắt vải, cắt các đồ gia dụng, thực phẩm, và sử dụng trong văn phòng.
✔ Tránh nhấp kéo nhiều lần, phải cắt qua giấy hoặc vải để loại bỏ ba vớ có thể dính trên kéo trong quá trình sản xuất.
✔ Thường xuyên thoa dầu để bảo dưỡng kéo.",data/crawl/assets/cada3e7568d3b050.jpg,false,needs_review,category_may_be_product_name,https://sprayway-tpr.com/vn/san-pham/577/LDH%20XS%20195.html
578,TPR-1088,MÁY CẮT CHỈ THÔNG MINH TPR - 1088,Sprayway,Bình xịt công nghiệp Sprayway,Gia Dụng & Nội Thất,"Bình xịt dưỡng ẫm và đánh bóng đồ da sprayway SW991 - Tẩy sạch, bảo vệ, khôi phục vinyl và da trắng trông như mới. - Sản phẩm có chứa dầu chồn, làm bề mặt da trở nên sang trọng hơn. - Dễ dàng loại bỏ vết bẩn, vết ố, d...","Bình xịt dưỡng ẫm và đánh bóng đồ da sprayway SW991
- Tẩy sạch, bảo vệ, khôi phục vinyl và da trắng trông như mới.
- Sản phẩm có chứa dầu chồn, làm bề mặt da trở nên sang trọng hơn.
- Dễ dàng loại bỏ vết bẩn, vết ố, dấu vân tay và bụi bẩn
- Thích hợp để sử dụng cho các chất liệu Naugahyde, Vinyl và đồ da.
- Thích hợp dùng cho đồ nội thất, ô tô",data/crawl/assets/edf81338f02bb7b3.png,false,needs_review,category_may_be_product_name,https://sprayway-tpr.com/vn/san-pham/578/chaixit991.html
579,,Kéo cắt may chống gỉ chất lượng cao LDH S9,LDH,Vật tư ngành may,May Mặc,Sản phẩm chai xịt SPRAYWAY & TPR trong công nghiệp...,Sản phẩm chai xịt SPRAYWAY & TPR trong công nghiệp...,data/crawl/assets/f0671bec9ed5ea7c.png,false,needs_review,missing_code,https://sprayway-tpr.com/vn/san-pham/579/keoldhs9.html
580,LDH-S10,Kéo cắt may chống gỉ chất lượng cao LDH - S10,LDH,Vật tư ngành may,May Mặc,Sản phẩm chai xịt SPRAYWAY & TPR trong công nghiệp...,Sản phẩm chai xịt SPRAYWAY & TPR trong công nghiệp...,data/crawl/assets/c347371f883e6b9c.png,false,needs_review,,https://sprayway-tpr.com/vn/san-pham/580/keoldhs10.html
581,LDH-S11,Kéo cắt may chống gỉ chất lượng cao LDH - S11,LDH,Vật tư ngành may,May Mặc,Sản phẩm chai xịt SPRAYWAY & TPR trong công nghiệp...,Sản phẩm chai xịt SPRAYWAY & TPR trong công nghiệp...,data/crawl/assets/4f6bd8471bdc0c20.png,false,needs_review,,https://sprayway-tpr.com/vn/san-pham/581/keocatldhs11.html
583,,Ổ MÁY MAY MẪU 1.6 LẦN SMH - 1.6FLTR(D),Sanme,Ổ chao,May Mặc,"Đơn giá: 246,800 VNĐ","Đơn giá: 246,800 VNĐ",data/crawl/assets/cd17e060f59083e5.png,false,needs_review,missing_code,https://sprayway-tpr.com/vn/san-pham/583/o-chao-sanme-smh-1-6fltrd.html
584,,Ổ MÁY 1 KIM ĐIỆN TỬ CHO MÁY LẬP TRÌNH CHO VẢI MỎNG SMH - 6 - 5TR(D),Sanme,Vật tư ngành may,May Mặc,"Đơn giá: 246,800VNĐ","Đơn giá: 246,800VNĐ",data/crawl/assets/d74f744962f4b8dc.png,false,needs_review,missing_code,https://sprayway-tpr.com/vn/san-pham/584/ochao-sanme-6-5trd.html
585,,Ổ CHAO SANME SMH - 6 - 7TR,Sanme,Ổ chao,May Mặc,Sản phẩm chai xịt SPRAYWAY & TPR trong công nghiệp...,Sản phẩm chai xịt SPRAYWAY & TPR trong công nghiệp...,data/crawl/assets/5fb14e5ec5cd4813.png,false,needs_review,missing_code,https://sprayway-tpr.com/vn/san-pham/585/ochao-sanme-smh6-7tr.html
586,,Ổ MÁY 1 KIM ĐIỆN TỬ CẮT CHỈ TỰ ĐỘNG SMH - 7.94BTR,Sanme,Vật tư ngành may,May Mặc,"Đơn giá: 153,100 VND","Đơn giá: 153,100 VND",data/crawl/assets/7cd6e857eef50a28.png,false,needs_review,missing_code,https://sprayway-tpr.com/vn/san-pham/586/o-chao-sanme-7-94btr.html
587,,Ổ MÁY 1 KIM ĐIỆN TỬ CHO MÁY LẬP TRÌNH CHO VẢI DÀY SMH - ATR(1Q) 6 - 7TR,Sanme,Vật tư ngành may,May Mặc,"Đơn giá: 177,100 VND","Đơn giá: 177,100 VND",data/crawl/assets/4c691ff755149f8d.png,false,needs_review,missing_code,https://sprayway-tpr.com/vn/san-pham/587/ochao-sanme-smh-atr-6-7tr.html
590,3268I,MÁY CẮT CHỈ JS - 3268I,JS,Vật tư ngành may,May Mặc,,,data/crawl/assets/7fb044a4f1364b2a.jpg,false,needs_review,weak_description,https://sprayway-tpr.com/vn/san-pham/590/may-cat-chi-js-3268i.html
592,666,DỤNG CỤ HÚT THỔI BỤI JS 666,JS,Vật tư ngành may,May Mặc,Sản phẩm chai xịt SPRAYWAY & TPR trong công nghiệp...,Sản phẩm chai xịt SPRAYWAY & TPR trong công nghiệp...,data/crawl/assets/d369c3ec4ffce615.png,false,needs_review,,https://sprayway-tpr.com/vn/san-pham/592/sung-hut-thoi-bui-djs666.html
593,888,DỤNG CỤ HÚT THỔI BỤI JS 888,JS,Vật tư ngành may,May Mặc,Sản phẩm chai xịt SPRAYWAY & TPR trong công nghiệp...,Sản phẩm chai xịt SPRAYWAY & TPR trong công nghiệp...,data/crawl/assets/f8155fffb1e5c5de.png,false,needs_review,,https://sprayway-tpr.com/vn/san-pham/593/sung-hut-thoi-bui%20djs888.html
594,999,DỤNG CỤ HÚT THỔI BỤI JS 999,JS,Vật tư ngành may,May Mặc,Sản phẩm chai xịt SPRAYWAY & TPR trong công nghiệp...,Sản phẩm chai xịt SPRAYWAY & TPR trong công nghiệp...,data/crawl/assets/a7838be0abbe1a75.png,false,needs_review,,https://sprayway-tpr.com/vn/san-pham/594/sung-hut-thoi-bui%20djs999.html
595,120,SÚNG BẮN TẨY SF - 120,CX ADA,Tẩy vết bẩn ngành may,May Mặc,,,data/crawl/assets/c1474087ce9ed1e7.png,true,needs_review,weak_description,https://sprayway-tpr.com/vn/san-pham/595/sung-ban-tay-sf-120.html
596,180C,SÚNG BẮN TẨY KINGMU - 180C,Kingmu,Tẩy vết bẩn ngành may,May Mặc,Sản phẩm chai xịt SPRAYWAY & TPR trong công nghiệp...,Sản phẩm chai xịt SPRAYWAY & TPR trong công nghiệp...,data/crawl/assets/067b3207a89e39df.png,true,needs_review,,https://sprayway-tpr.com/vn/san-pham/596/sung-phun-kingmu-180c.html
597,811,Chai xịt vệ sinh và đánh bóng bảo vệ đồ gỗ Sprayway Singapore 811,Sprayway Singapore,Bình xịt Sprayway Singapore,Ngành Gỗ,"Chai xịt vệ sinh đồ gỗ và nội thất CAO CẤP Sprayway Furniture Polish công nghệ từ Mỹ - Phạm vi sử dụng rộng rãi, dùng cho bất kỳ bề mặt gỗ và nhiều bề mặt khác mà cần sự bảo vệ và chăm sóc đặc biệt. - Chai xịt Spraywa...","Chai xịt vệ sinh đồ gỗ và nội thất CAO CẤP Sprayway Furniture Polish công nghệ từ Mỹ
- Phạm vi sử dụng rộng rãi, dùng cho bất kỳ bề mặt gỗ và nhiều bề mặt khác mà cần sự bảo vệ và chăm sóc đặc biệt.
- Chai xịt Sprayway 811 tẩy bụi, làm sạch và tạo lớp màng bảo vệ chống thấm khí, bụi. Còn có công dụng chống mài mòn, bảo vệ gỗ không bị ẩm ướt bên trong vì vậy đảm bảo được độ tươi sáng của gỗ. Ngoài ra còn có khả năng chống ánh nắng mặt trời và tia tử ngoại gây hại đồ nội thất bị phai màu, nứt nẻ và hiện tượng lão hóa.
-CHUYÊN DỤNG BẢO VỆ DÀNH CHO CÁC LOẠI GỖ CAO CẤP , nhựa , formica, thép.
- Sử dụng hiệu quả và đơn giản. Chứa tinh dầu chanh.
- Designed for industrial and commercial use - anywhere wood
and many other surfaces require special care
- Dusts, cleans, and polishes in one step
- Removes stains, smudges, and fingerprints
- Protects fine furniture, woodwork, Formica, plastic, chrome,
marble, porcelain; and leather
- Contains lemon oil",data/crawl/assets/3ab8e9d6ed53cdfe.png,false,needs_review,,https://sprayway-tpr.com/vn/san-pham/597/chai-xit-ve-sinh-do-go-ss811.html
598,,Ổ MÁY 1 KIM ĐIỆN TỬ CHO MÁY LẬP TRÌNH CHO VẢI DÀY SMH - 6 - 7TR(D),Sanme,Vật tư ngành may,May Mặc,Sản phẩm chai xịt SPRAYWAY & TPR trong công nghiệp...,Sản phẩm chai xịt SPRAYWAY & TPR trong công nghiệp...,data/crawl/assets/60857a3935a6f090.png,false,needs_review,missing_code,https://sprayway-tpr.com/vn/san-pham/598/o-chao-sanme-smh-6-7trd.html
599,,Ổ MÁY KIM ĐIỆN TỬ CẮT CHỈ TỰ ĐỘNG SMH - 7.94BTR(D),Sanme,Vật tư ngành may,May Mặc,Sản phẩm chai xịt SPRAYWAY & TPR trong công nghiệp...,Sản phẩm chai xịt SPRAYWAY & TPR trong công nghiệp...,data/crawl/assets/2b9e1d628cf9e891.png,false,needs_review,missing_code,https://sprayway-tpr.com/vn/san-pham/599/ochao-sanme-7-94btrd.html
600,SS040,Chai xịt tẩy rửa kính chuyên dụng cho thiết bị điện tử SS 040,Sprayway Singapore,Bình xịt Sprayway Singapore,Điện Tử & Văn Phòng|Kiếng và Gương|Khung Ảnh,"Khả năng khử tĩnh điện Tẩy sạch vết bẩn, ám khói trên bề mặt kính của khung hình, máy in, tác phẩm nghệ thuật, khung in lụa, ống kính máy chụp ảnh, photocopy…, không để lại dấu vết. Không chứa chất ammonia. Đặc biệt s...","Khả năng khử tĩnh điện
Tẩy sạch vết bẩn, ám khói trên bề mặt kính của khung hình, máy in, tác phẩm nghệ thuật, khung in lụa, ống kính máy chụp ảnh, photocopy&hellip;, không để lại dấu vết.
Không chứa chất ammonia.
Đặc biệt sử dụng màn hình máy vi tính, thiết bị xuất phim.",data/crawl/assets/00a9dccedfb0b7dd.png,true,needs_review,,https://sprayway-tpr.com/vn/san-pham/600/chai-xit-rua-kinh-dien-tu-SS040.html
601,TPR-1388,MÁY CẮT CHỈ THÔNG MINH TPR - 1388,TPR,Keo xịt và hóa chất TPR,May Mặc,Sản phẩm chai xịt SPRAYWAY & TPR trong công nghiệp...,Sản phẩm chai xịt SPRAYWAY & TPR trong công nghiệp...,data/crawl/assets/883b46b9af530fe1.png,false,needs_review,,https://sprayway-tpr.com/vn/san-pham/601/may_cat_chi_thong_minh_tpr1388.html
602,TPR-1688,MÁY CẮT CHỈ THÔNG MINH TPR - 1688,TPR,Keo xịt và hóa chất TPR,May Mặc,Sản phẩm chai xịt SPRAYWAY & TPR trong công nghiệp...,Sản phẩm chai xịt SPRAYWAY & TPR trong công nghiệp...,data/crawl/assets/d704cf61dc551298.jpg,false,needs_review,,https://sprayway-tpr.com/vn/san-pham/602/may_cat_chi_thong_minh_tpr1688.html
603,TPR-1488,"DỤNG CỤ HÚT VẢI VỤN, CHỈ THỪA MÁY MAY TPR - 1488",TPR,Keo xịt và hóa chất TPR,May Mặc,Sản phẩm chai xịt SPRAYWAY & TPR trong công nghiệp...,Sản phẩm chai xịt SPRAYWAY & TPR trong công nghiệp...,data/crawl/assets/a44fe79511b0a8b4.png,false,needs_review,,"https://sprayway-tpr.com/vn/san-pham/603/D%E1%BB%A4NG%20C%E1%BB%A4%20H%C3%9AT%20V%E1%BA%A2I%20V%E1%BB%A4N,%20CH%E1%BB%88%20TH%E1%BB%AAA%20M%C3%81Y%20MAY%20TPR-1488.html"
604,SW830,"Chai xịt tẩy dầu trên vải SW 830 cho may mặc, thêu",Sw,Vật tư ngành may,May Mặc,"Độ tẩy mạnh. Hiệu quả an toàn đối với các loại vải như len, bông, lụa, sợi tổng hợp. Chuyên tẩy các vết dầu và vết bẩn trên bề vải của dệt may, xịt tẩy dễ dàng mà không làm ảnh hưởng đến màu vải. Tiện lợi cho các bạn...","Độ tẩy mạnh.
Hiệu quả an toàn đối với các loại vải như len, bông, lụa, sợi tổng hợp.
Chuyên tẩy các vết dầu và vết bẩn trên bề vải của dệt may, xịt tẩy dễ dàng mà không làm ảnh hưởng đến màu vải. Tiện lợi cho các bạn thợ may.
Hướng dẫn sử dụng : Xoay mũi tên chỗ bấm xịt đến vị trí đánh dấu mực để mở voan xịt. Lắc đều hướng lên xuống, xịt vào vết bẩn phù kín vết bẩn, sau khoảng 2 phút sẽ khô lớp bột, sau đó phủi sạch lớp bột khô các vết bẩn sẽ không còn trên vải, không để lại vết ố, không cần rửa lại nước.",data/crawl/assets/38bd9549edbca4c4.png,true,needs_review,,https://sprayway-tpr.com/vn/san-pham/604/sw830.html
605,SW831,Chai xịt tẩy dầu Spot Lifter SW 831 (Nhanh khô),Sw,Vật tư ngành may,May Mặc,"Độ tẩy trung bình trên vải. Nhanh khô và có mùi thơm. Hiệu quả an toàn đối với các loại vải như len, bông, lụa, sợi tổng hợp và các loại vải nhạy cảm. Chuyên tẩy các vết dầu và vết bẩn trên bề vải của dệt may, xịt tẩy...","Độ tẩy trung bình trên vải.
Nhanh khô và có mùi thơm.
Hiệu quả an toàn đối với các loại vải như len, bông, lụa, sợi tổng hợp và các loại vải nhạy cảm.
Chuyên tẩy các vết dầu và vết bẩn trên bề vải của dệt may, xịt tẩy dễ dàng mà không làm ảnh hưởng đến màu vải. Tiện lợi cho các bạn thợ may.
Hướng dẫn sử dụng : Xoay mũi tên chỗ bấm xịt đến vị trí đánh dấu mực để mở voan xịt. Lắc đều hướng lên xuống, xịt vào vết bẩn phù kín vết bẩn, sau khoảng 2 phút sẽ khô lớp bột, sau đó phủi sạch lớp bột khô các vết bẩn sẽ không còn trên vải, không để lại vết ố, không cần rửa lại nước.",data/crawl/assets/b299fb0b5e8d0cca.png,true,needs_review,,https://sprayway-tpr.com/vn/san-pham/605/sw831.html
606,SW833,Chai xịt tẩy dầu Spot Lifter SW 833 (Không chất Chlorinated),Sw,Vật tư ngành may,May Mặc,"Chất tẩy không chứa chất Chlorinated, đạt tiêu chuẩn về an toàn môi trường. Đặc biệt, tất cả các sản phẩm Spot-lifter 833 của chúng tôi đều đạt chứng nhận OEKOTEX 3.6 & ZDHC 3.1 MRSL CẤP ĐỘ 3. Hiệu quả an toàn đối với...","Chất tẩy không chứa chất Chlorinated, đạt tiêu chuẩn về an toàn môi trường.
Đặc biệt, tất cả các sản phẩm Spot-lifter 833 của chúng tôi đều đạt chứng nhận OEKOTEX 3.6 & ZDHC 3.1 MRSL CẤP ĐỘ 3.
Hiệu quả an toàn đối với các loại vải như len, bông, lụa, sợi tổng hợp, corduory, dacron, nylon, orlon và các loại vải nhạy cảm.
Chuyên tẩy các vết dầu và vết bẩn trên bề vải của dệt may, xịt tẩy dễ dàng mà không làm ảnh hưởng đến màu vải. Tiện lợi cho các bạn thợ may.
Hướng dẫn sử dụng : Xoay mũi tên chỗ bấm xịt đến vị trí đánh dấu mực để mở voan xịt. Lắc đều hướng lên xuống, xịt vào vết bẩn phù kín vết bẩn, sau khoảng 2 phút sẽ khô lớp bột, sau đó phủi sạch lớp bột khô các vết bẩn sẽ không còn trên vải, không để lại vết ố, không cần rửa lại nước.",data/crawl/assets/e8922589e58993fa.png,true,needs_review,,https://sprayway-tpr.com/vn/san-pham/606/sw833.html
607,20,RAROSA SÚNG LÀM SẠCH LSV - 20,Rarosa,Rarosa,May Mặc,"GIÁ: 18,610,400 VNĐ Súng làm sạch LSV-20 Ống hút dài 2m có thể hút dung dịch trực tiếp từ can. Trang bị van một chiều chống rò rỉ dung dịch. Thông số kỹ thuật: Điện áp định mức: AC 220V, 50/60Hz Công suất tiêu thụ: 25...","GIÁ: 18,610,400 VNĐ
Súng làm sạch LSV-20
Ống hút dài 2m có thể hút dung dịch trực tiếp từ can.
Trang bị van một chiều chống rò rỉ dung dịch.
Thông số kỹ thuật:
Điện áp định mức: AC 220V, 50/60Hz
Công suất tiêu thụ: 25W
Tần số rung: 100-120 lần/giây
Vật liệu bơm: Gốm sứ
Vật liệu vòi phun: Gốm sứ
Ống nối trực tiếp với hộp kim loại, ống nối từ dưới tay cầm
Van được tích hợp trong bơm gốm",data/crawl/assets/5da5ff3e2097c8b6.png,false,needs_review,,https://sprayway-tpr.com/vn/san-pham/607/rarosalsv20.html
608,TPR-1088,MÁY CẮT CHỈ THÔNG MINH TPR - 1088,TPR,Keo xịt và hóa chất TPR,May Mặc,Sản phẩm chai xịt SPRAYWAY & TPR trong công nghiệp...,Sản phẩm chai xịt SPRAYWAY & TPR trong công nghiệp...,data/crawl/assets/13a81209010ebb3e.png,false,needs_review,,https://sprayway-tpr.com/vn/san-pham/608/may-cat-chi-thong-minh-tpr-1088.html
