url,source_page,alt,title,local_file,bytes,error
https://sprayway-tpr.com/vnt_upload/weblink/Banner_web3.png,https://sprayway-tpr.com/vn/san-pham/Ng%C3%A0nh%20G%E1%BB%97-18.html?p=1,,,assets/8206026da8c442cd.png,59897,
https://sprayway-tpr.com/vnt_upload/lang/flag_en.gif,https://sprayway-tpr.com/cn/product/495/066-tpr-%E5%8F%B7%E9%9B%BE%E7%8A%B6%E5%96%B7%E8%83%B6.html,,,assets/27b47749c28dadf0.gif,1358,
https://sprayway-tpr.com/vnt_upload/lang/flag_vn.gif,https://sprayway-tpr.com/cn/product/495/066-tpr-%E5%8F%B7%E9%9B%BE%E7%8A%B6%E5%96%B7%E8%83%B6.html,,,assets/2bebb18b1f23eb65.gif,1202,
https://sprayway-tpr.com/vnt_upload/lang/flag_cn.gif,https://sprayway-tpr.com/cn/product/495/066-tpr-%E5%8F%B7%E9%9B%BE%E7%8A%B6%E5%96%B7%E8%83%B6.html,,,assets/a888cd2a70bb329e.gif,1345,
https://sprayway-tpr.com/blocks/support/images/yahoo.png,https://sprayway-tpr.com/cn/product/495/066-tpr-%E5%8F%B7%E9%9B%BE%E7%8A%B6%E5%96%B7%E8%83%B6.html,,,assets/bf7697235ad5ae75.png,1753,
https://sprayway-tpr.com/blocks/support/images/skype.png,https://sprayway-tpr.com/cn/product/495/066-tpr-%E5%8F%B7%E9%9B%BE%E7%8A%B6%E5%96%B7%E8%83%B6.html,,,assets/8ea75677877a9d68.png,1808,
https://sprayway-tpr.com/vnt_upload/weblink/ngh_l_30_04_01.jpg,https://sprayway-tpr.com/vn/trang-chu.html?p=9,,,assets/e92cc30b68dd31a8.jpg,115752,
https://sprayway-tpr.com/vnt_upload/weblink/THONG_BAO_DANG_WEBSITE_3.jpg,https://sprayway-tpr.com/en/about/partners.html,Notice of National Day Holiday (September 2nd),Notice of National Day Holiday (September 2nd),assets/1a418de092176a06.jpg,5172189,
https://sprayway-tpr.com/vnt_upload/weblink/449_X_309_MERRRY_CHRISTMAS.jpg,https://sprayway-tpr.com/vn/trang-chu.html?p=9,MERRY CHRISTMAS AND HAPPY NEW YEAR 2025,MERRY CHRISTMAS AND HAPPY NEW YEAR 2025,assets/060af42955ed4d5b.jpg,218133,
https://sprayway-tpr.com/vnt_upload/weblink/824_Banner_449x305.jpg,https://sprayway-tpr.com/cn/about/partners.html,CHƯƠNG TRÌNH ƯU ĐÃI ĐẶT BIỆT: Khi mua bình xịt SPRAYWAY GRILL AND OVEN CLEANER 824,CHƯƠNG TRÌNH ƯU ĐÃI ĐẶT BIỆT: Khi mua bình xịt SPRAYWAY GRILL AND OVEN CLEANER 824,assets/da2df384b401f726.jpg,157723,
https://sprayway-tpr.com/vnt_upload/weblink/1_7_X.jpg,https://sprayway-tpr.com/cn/about/partners.html,THE 9TH MYANMAR INT'L TEXTILE & GARMENT INDUSTRY EXHIBITION,THE 9TH MYANMAR INT'L TEXTILE & GARMENT INDUSTRY EXHIBITION,assets/25004d86feb7b192.jpg,43543,
https://sprayway-tpr.com/vnt_upload/weblink/DANG_WEBSITE.jpg,https://sprayway-tpr.com/cn/about/partners.html,MUA 1 TANG 1 CHAI XIT US-190,MUA 1 TANG 1 CHAI XIT US-190,assets/0ea4ad641df7cdd0.jpg,147885,
https://sprayway-tpr.com/vnt_upload/weblink/449x209.jpg,https://sprayway-tpr.com/cn/about/partners.html,Chương trình ưu đãi đặt biệt khi mua sản phẩm Sprayway Crazy Clean 031,Chương trình ưu đãi đặt biệt khi mua sản phẩm Sprayway Crazy Clean 031,assets/c48d01832ee16a2b.jpg,163280,
https://sprayway-tpr.com/vnt_upload/weblink/1.jpg,https://sprayway-tpr.com/vn/trang-chu.html?p=9,MAY THÊU,MAY THÊU,assets/eb86bc1cad5f16d9.jpg,45754,
https://sprayway-tpr.com/vnt_upload/weblink/2.jpg,https://sprayway-tpr.com/vn/trang-chu.html?p=9,,,assets/ceb9d6565858dcbd.jpg,68975,
https://sprayway-tpr.com/vnt_upload/weblink/sewing_trades_1.jpg,https://sprayway-tpr.com/vn/trang-chu.html?p=9,MAY THÊU,MAY THÊU,assets/5596305693a936f1.jpg,126173,
https://sprayway-tpr.com/vnt_upload/weblink/Picture1.jpg,https://sprayway-tpr.com/vn/trang-chu.html?p=9,MAY THÊU,MAY THÊU,assets/a8a3675fa3f078da.jpg,46373,
https://sprayway-tpr.com/vnt_upload/weblink/63.jpg,https://sprayway-tpr.com/cn/about/partners.html,SEWING TRADES,SEWING TRADES,assets/5267768b0c38a545.jpg,131701,
https://sprayway-tpr.com/vnt_upload/weblink/945_Spray_on_Cutting_Knife1.jpg,https://sprayway-tpr.com/cn/about/partners.html,SEWING TRADES,SEWING TRADES,assets/f8b40f8a193a0c6f.jpg,122506,
https://sprayway-tpr.com/vnt_upload/weblink/INVITATION_GBA_2026_02_forweb_3.webp,https://sprayway-tpr.com/cn/about/partners.html,,,assets/d2da2c943091d71c.webp,67798,
https://sprayway-tpr.com/vnt_upload/weblink/VIDEO_SAIGONTEX_2025_pa_2_web_cu_ngang_02_.webp,https://sprayway-tpr.com/cn/about/partners.html,,,assets/95b2926cf3ee39c5.webp,140280,
https://sprayway-tpr.com/vnt_upload/product/category/cat1.png,https://sprayway-tpr.com/cn/product/495/066-tpr-%E5%8F%B7%E9%9B%BE%E7%8A%B6%E5%96%B7%E8%83%B6.html,,,assets/037b2e8f96ff96bb.png,8168,
https://sprayway-tpr.com/vnt_upload/product/category/cat2.png,https://sprayway-tpr.com/cn/product/407/731%E5%8F%B7%E6%B1%BD%E8%BD%A6%E6%8A%A4%E7%90%86%E9%A6%99%E6%B3%A2%E5%86%85%E9%83%A8%E6%B8%85%E6%B4%97%E5%89%82.html,,,assets/e523cfe353a5ee44.png,6928,
https://sprayway-tpr.com/vnt_upload/product/category/cat3.png,https://sprayway-tpr.com/cn/product/407/731%E5%8F%B7%E6%B1%BD%E8%BD%A6%E6%8A%A4%E7%90%86%E9%A6%99%E6%B3%A2%E5%86%85%E9%83%A8%E6%B8%85%E6%B4%97%E5%89%82.html,,,assets/88da472562e70d5b.png,7262,
https://sprayway-tpr.com/vnt_upload/product/category/cat4.png,https://sprayway-tpr.com/cn/product/407/731%E5%8F%B7%E6%B1%BD%E8%BD%A6%E6%8A%A4%E7%90%86%E9%A6%99%E6%B3%A2%E5%86%85%E9%83%A8%E6%B8%85%E6%B4%97%E5%89%82.html,,,assets/b9abdeb44fb18fd9.png,7871,
https://sprayway-tpr.com/vnt_upload/product/category/cat5.png,https://sprayway-tpr.com/cn/product/498/%E5%8F%B7%E5%8E%BB%E6%B2%B9%E5%96%B7%E5%89%82%EF%BC%88%E5%B7%A5%E4%B8%9A%E7%94%A8%E9%80%94%EF%BC%89.html,,,assets/9e758d7b496e0a56.png,7515,
https://sprayway-tpr.com/vnt_upload/product/category/cat6.png,https://sprayway-tpr.com/cn/product/495/066-tpr-%E5%8F%B7%E9%9B%BE%E7%8A%B6%E5%96%B7%E8%83%B6.html,,,assets/2f022cec872d240e.png,7107,
https://sprayway-tpr.com/vnt_upload/product/category/cat7.png,https://sprayway-tpr.com/cn/product/498/%E5%8F%B7%E5%8E%BB%E6%B2%B9%E5%96%B7%E5%89%82%EF%BC%88%E5%B7%A5%E4%B8%9A%E7%94%A8%E9%80%94%EF%BC%89.html,,,assets/0812d751f89870ec.png,7858,
https://sprayway-tpr.com/vnt_upload/product/category/cat8.png,https://sprayway-tpr.com/cn/product/500/%E5%8F%B7%E5%B9%B2%E6%BB%91%E7%A1%85%E9%85%AE%E5%96%B7%E5%89%82.html,,,assets/ec52e4f6fc0786f0.png,6847,
https://sprayway-tpr.com/vnt_upload/product/category/cat9.png,https://sprayway-tpr.com/cn/product/495/066-tpr-%E5%8F%B7%E9%9B%BE%E7%8A%B6%E5%96%B7%E8%83%B6.html,,,assets/8b98934db678e8ea.png,7552,
https://sprayway-tpr.com/vnt_upload/product/category/cat10.png,https://sprayway-tpr.com/cn/product/495/066-tpr-%E5%8F%B7%E9%9B%BE%E7%8A%B6%E5%96%B7%E8%83%B6.html,,,assets/b384b432c9a591eb.png,6677,
https://sprayway-tpr.com/vnt_upload/product/category/cat11.png,https://sprayway-tpr.com/cn/product/240/811%E5%8F%B7%E5%AE%B6%E5%85%B7%E4%B8%8A%E5%85%89%E5%89%82.html,,,assets/b4589d71aba3d047.png,6523,
https://sprayway-tpr.com/vnt_upload/product/category/cat12.png,https://sprayway-tpr.com/cn/product/500/%E5%8F%B7%E5%B9%B2%E6%BB%91%E7%A1%85%E9%85%AE%E5%96%B7%E5%89%82.html,,,assets/81b41a613503b779.png,6258,
https://sprayway-tpr.com/vnt_upload/product/category/cat13.png,https://sprayway-tpr.com/cn/product/495/066-tpr-%E5%8F%B7%E9%9B%BE%E7%8A%B6%E5%96%B7%E8%83%B6.html,,,assets/0ee045fc765c8149.png,7144,
https://sprayway-tpr.com/vnt_upload/product/category/cat14.png,https://sprayway-tpr.com/cn/product/495/066-tpr-%E5%8F%B7%E9%9B%BE%E7%8A%B6%E5%96%B7%E8%83%B6.html,,,assets/e2eab80df9cfdaed.png,6322,
https://sprayway-tpr.com/vnt_upload/product/category/cat15.png,https://sprayway-tpr.com/cn/product/500/%E5%8F%B7%E5%B9%B2%E6%BB%91%E7%A1%85%E9%85%AE%E5%96%B7%E5%89%82.html,,,assets/4bff77d67c5f5d33.png,6896,
https://sprayway-tpr.com/vnt_upload/product/category/cat16.png,https://sprayway-tpr.com/cn/product/495/066-tpr-%E5%8F%B7%E9%9B%BE%E7%8A%B6%E5%96%B7%E8%83%B6.html,,,assets/8c0fc45c2053b7d9.png,7249,
https://sprayway-tpr.com/vnt_upload/product/category/cat17.png,https://sprayway-tpr.com/cn/product/495/066-tpr-%E5%8F%B7%E9%9B%BE%E7%8A%B6%E5%96%B7%E8%83%B6.html,,,assets/c751a5d73d1e548e.png,7257,
https://sprayway-tpr.com/vnt_upload/product/category/cat18.png,https://sprayway-tpr.com/cn/product/500/%E5%8F%B7%E5%B9%B2%E6%BB%91%E7%A1%85%E9%85%AE%E5%96%B7%E5%89%82.html,,,assets/359f1fb176ce1162.png,6939,
https://sprayway-tpr.com/vnt_upload/product/03_2024/thumbs/140_211xl.jpg,https://sprayway-tpr.com/vn/san-pham/May%20M%E1%BA%B7c-16.html?p=1,Kéo bấm chỉ 12.5cm LDH-211X,Kéo bấm chỉ 12.5cm LDH-211X,assets/664a7683efd7e1ef.jpg,5815,
https://sprayway-tpr.com/vnt_upload/product/03_2024/thumbs/140_2024_03_19_100138.jpg,https://sprayway-tpr.com/vn/san-pham/May%20M%E1%BA%B7c-16.html?p=1,Kéo cắt vải cao cấp 12 inch LDH-G12,Kéo cắt vải cao cấp 12 inch LDH-G12,assets/bd245deedfd6bb51.jpg,5311,
https://sprayway-tpr.com/vnt_upload/product/03_2024/thumbs/140_LDH_G11.jpg,https://sprayway-tpr.com/vn/san-pham/May%20M%E1%BA%B7c-16.html?p=1,Kéo cắt vải cao cấp 11 inch LDH-G11,Kéo cắt vải cao cấp 11 inch LDH-G11,assets/e49a186348df751c.jpg,5195,
https://sprayway-tpr.com/vnt_upload/product/09_2023/thumbs/140_Poster_Cerliani_Printcccc.jpg,https://sprayway-tpr.com/vn/san-pham/May%20M%E1%BA%B7c-16.html?p=1,Ổ CHAO CERLIANI,Ổ CHAO CERLIANI,assets/97a986e6efb3c8dd.jpg,7819,
https://sprayway-tpr.com/vnt_upload/product/06_2023/thumbs/140_384_Sprayway_US2.png,https://sprayway-tpr.com/cn/product/240/811%E5%8F%B7%E5%AE%B6%E5%85%B7%E4%B8%8A%E5%85%89%E5%89%82.html,,,assets/5feb646e8098f8e1.png,14323,
https://sprayway-tpr.com/vnt_upload/product/03_2025/thumbs/140_SS_40.png,https://sprayway-tpr.com/vn/san-pham/Khung%20%E1%BA%A2nh-14.html?p=1,Chai xịt tẩy rửa kính chuyên dụng cho thiết bị điện tử SS 040,Chai xịt tẩy rửa kính chuyên dụng cho thiết bị điện tử SS 040,assets/bad0a67567a19a1c.png,17496,
https://sprayway-tpr.com/vnt_upload/product/03_2025/thumbs/140_US702_1.png,https://sprayway-tpr.com/cn/product/240/811%E5%8F%B7%E5%AE%B6%E5%85%B7%E4%B8%8A%E5%85%89%E5%89%82.html,,,assets/a00229287b4e0bfd.png,18111,
https://sprayway-tpr.com/vnt_upload/product/08_2024/thumbs/140_thung.png,https://sprayway-tpr.com/vn/san-pham/May%20M%E1%BA%B7c-16.html?p=1,NƯỚC BẮN TẨY JJW-008,NƯỚC BẮN TẨY JJW-008,assets/490fdabea7ce391c.png,27458,
https://sprayway-tpr.com/vnt_upload/product/04_2018/thumbs/140_031_nap_trang.jpg,https://sprayway-tpr.com/vn/san-pham/Ng%C3%A0nh%20G%E1%BB%97-18.html?p=1,031-CHAI XỊT TẨY ĐA NĂNG,031-CHAI XỊT TẨY ĐA NĂNG,assets/c594ab8f2174f185.jpg,5327,
https://sprayway-tpr.com/vnt_upload/product/09_2023/thumbs/140_PHanmay_web.jpg,https://sprayway-tpr.com/vn/san-pham/May%20M%E1%BA%B7c-16.html?p=1,PHẤN MAY,PHẤN MAY,assets/69eec9d34a7cfc7c.jpg,5566,
https://sprayway-tpr.com/vnt_upload/product/05_2018/thumbs/140_040_Duoi_Bright.png,https://sprayway-tpr.com/vn/san-pham/Ng%C3%A0nh%20G%E1%BB%97-18.html?p=1,040-BÌNH XỊT TẨY RỬA KÍNH CHUYÊN DỤNG,040-BÌNH XỊT TẨY RỬA KÍNH CHUYÊN DỤNG,assets/67ac5b019445903e.png,18255,
https://sprayway-tpr.com/vnt_upload/product/10_2024/thumbs/140_828_website.png,https://sprayway-tpr.com/cn/product/495/066-tpr-%E5%8F%B7%E9%9B%BE%E7%8A%B6%E5%96%B7%E8%83%B6.html,,,assets/8cf37b322eecd160.png,17321,
https://sprayway-tpr.com/vnt_upload/product/01_2023/thumbs/140_anc_pull_out_2.png,https://sprayway-tpr.com/cn/about/partners.html,PULL OUT 2 - 기름 제거 병,PULL OUT 2 - 기름 제거 병,assets/98ce7d59647cd0a9.png,11039,
https://sprayway-tpr.com/vnt_upload/product/06_2015/thumbs/140_sw063.jpg,https://sprayway-tpr.com/vn/san-pham/Ng%C3%A0nh%20G%E1%BB%97-18.html?p=1,063-CHAI XỊT TẨY RỬA CHẤT DẦU MỠ,063-CHAI XỊT TẨY RỬA CHẤT DẦU MỠ,assets/718afbb7351451cf.jpg,5839,
https://sprayway-tpr.com/vnt_upload/product/01_2023/thumbs/140_pull_out_premium_.png,https://sprayway-tpr.com/cn/about/partners.html,PULL OUT PREMIUM - 기름 제거 병,PULL OUT PREMIUM - 기름 제거 병,assets/6bd272c20bfb1ca9.png,12702,
https://sprayway-tpr.com/vnt_upload/product/10_2016/thumbs/140_077.png,https://sprayway-tpr.com/vn/san-pham/Ng%C3%A0nh%20G%E1%BB%97-18.html?p=1,077-DẦU SILICONE BÔI TRƠN DẠNG ƯỚT,077-DẦU SILICONE BÔI TRƠN DẠNG ƯỚT,assets/74c8fadbeedd3acd.png,16785,
https://sprayway-tpr.com/vnt_upload/product/09_2016/thumbs/140_sw082.jpg,https://sprayway-tpr.com/vn/san-pham/In%20L%C6%B0%E1%BB%9Bi-15.html?p=1,082-KEO XỊT DẠNG PHUN SƯƠNG DÙNG TRONG IN VẢI,082-KEO XỊT DẠNG PHUN SƯƠNG DÙNG TRONG IN VẢI,assets/46ad652a15ca421f.jpg,6196,
https://sprayway-tpr.com/vnt_upload/product/09_2016/thumbs/140_sw084.jpg,https://sprayway-tpr.com/vn/san-pham/In%20L%C6%B0%E1%BB%9Bi-15.html?p=1,084-KEO XỊT ĐỊNH VỊ VẢI KHI IN LỤA(chiệu nhiệt cao),084-KEO XỊT ĐỊNH VỊ VẢI KHI IN LỤA(chiệu nhiệt cao),assets/20407fd27866e2d9.jpg,6021,
https://sprayway-tpr.com/vnt_upload/product/05_2018/thumbs/140_822_TPR_nap_den.png,https://sprayway-tpr.com/vn/san-pham/Ngh%E1%BB%87%20Thu%E1%BA%ADt%20Qu%E1%BA%A3ng%20C%C3%A1o-9.html?p=1,822 TPR-KEO DÁN ĐỊNH VỊ,822 TPR-KEO DÁN ĐỊNH VỊ,assets/c09895a6486ca070.png,14850,
https://sprayway-tpr.com/vnt_upload/product/01_2025/thumbs/140_ss945_2.png,https://sprayway-tpr.com/vn/san-pham/Ng%C3%A0nh%20G%E1%BB%97-18.html?p=1,"SS945 - SILICONE CHUYÊN DÙNG ĐỂ BÔI TRƠN CHỈ MAY, KHUNG IN, BẢNG IN, MÁY CẮT VẢI, CHI TIẾT MÁY MÓC VÀ CÁC LOẠI MÁY CẮT GIẤY","SS945 - SILICONE CHUYÊN DÙNG ĐỂ BÔI TRƠN CHỈ MAY, KHUNG IN, BẢNG IN, MÁY CẮT VẢI, CHI TIẾT MÁY MÓC VÀ CÁC LOẠI MÁY CẮT GIẤY",assets/af2cdb975614d38f.png,16424,
https://sprayway-tpr.com/vnt_upload/product/09_2016/thumbs/200_sw082.jpg,https://sprayway-tpr.com/cn/about/partners.html,,,assets/bea9f2b1a3d081b2.jpg,5039,
https://sprayway-tpr.com/vnt_upload/product/08_2012/thumbs/200_083.jpg,https://sprayway-tpr.com/cn/about/partners.html,,,assets/018285e07bcb0ce9.jpg,4388,
https://sprayway-tpr.com/vnt_upload/product/09_2016/thumbs/200_sw084.jpg,https://sprayway-tpr.com/cn/about/partners.html,,,assets/56d53570370ebd62.jpg,4981,
https://sprayway-tpr.com/vnt_upload/product/11_2016/thumbs/200_945_US_CF.jpg,https://sprayway-tpr.com/cn/about/partners.html,,,assets/221bc1d02c8542bc.jpg,4949,
https://sprayway-tpr.com/vnt_upload/product/10_2016/thumbs/200_077.png,https://sprayway-tpr.com/cn/about/partners.html,,,assets/5077c85dd5ae07d7.png,13479,
https://sprayway-tpr.com/vnt_upload/product/11_2016/thumbs/200_822us.png,https://sprayway-tpr.com/cn/about/partners.html,,,assets/fce5963a859874bd.png,11550,
https://sprayway-tpr.com/vnt_upload/product/11_2016/thumbs/200_SW88_16028_FRNT.png,https://sprayway-tpr.com/vn/trang-chu.html?p=9,,,assets/9ff95b0675505dab.png,13733,
https://sprayway-tpr.com/vnt_upload/product/06_2024/thumbs/200_821_1_1.jpg,https://sprayway-tpr.com/cn/about/partners.html,,,assets/76d7dbe031143f4d.jpg,4559,
https://sprayway-tpr.com/vnt_upload/product/05_2018/thumbs/200_822_TPR_nap_den.png,https://sprayway-tpr.com/cn/about/partners.html,,,assets/914c806f3ba203da.png,11902,
https://sprayway-tpr.com/vnt_upload/product/04_2018/thumbs/200_031_nap_trang.jpg,https://sprayway-tpr.com/cn/about/partners.html,,,assets/8c1f93a8767bedb6.jpg,4457,
https://sprayway-tpr.com/vnt_upload/news/11_2020/thumbs/special_event_5.jpg,https://sprayway-tpr.com/cn/about/partners.html,,,assets/14bc14e2ca5b1a3d.jpg,3560,
https://sprayway-tpr.com/vnt_upload/File/Image/bo_cong_thuong.png,https://sprayway-tpr.com/vn/san-pham/Ng%C3%A0nh%20G%E1%BB%97-18.html?p=1,,,assets/40bf847e63920708.png,9714,
https://sprayway-tpr.com/skins/default/images/icon_map.gif,https://sprayway-tpr.com/cn/product/495/066-tpr-%E5%8F%B7%E9%9B%BE%E7%8A%B6%E5%96%B7%E8%83%B6.html,,,assets/3f16f76579a5be37.gif,634,
https://sprayway-tpr.com/vnt_upload/weblink/share1.gif,https://sprayway-tpr.com/cn/product/495/066-tpr-%E5%8F%B7%E9%9B%BE%E7%8A%B6%E5%96%B7%E8%83%B6.html,Facebook,,assets/8cc2e563d6de1b8b.gif,1483,
https://sprayway-tpr.com/vnt_upload/weblink/share2.gif,https://sprayway-tpr.com/cn/product/495/066-tpr-%E5%8F%B7%E9%9B%BE%E7%8A%B6%E5%96%B7%E8%83%B6.html,Tweeter,,assets/ad3086bf255ffb46.gif,1475,
https://sprayway-tpr.com/vnt_upload/weblink/share3.gif,https://sprayway-tpr.com/cn/product/495/066-tpr-%E5%8F%B7%E9%9B%BE%E7%8A%B6%E5%96%B7%E8%83%B6.html,Google,,assets/b179f9872f729422.gif,1813,
https://sprayway-tpr.com/vnt_upload/weblink/share4.gif,https://sprayway-tpr.com/cn/product/495/066-tpr-%E5%8F%B7%E9%9B%BE%E7%8A%B6%E5%96%B7%E8%83%B6.html,You tube,,assets/fe82a7c0322a57f8.gif,1983,
https://sprayway-tpr.com/plugins/support_fixed//images/mess.png,https://sprayway-tpr.com/cn/product/495/066-tpr-%E5%8F%B7%E9%9B%BE%E7%8A%B6%E5%96%B7%E8%83%B6.html,messenger,,assets/f6f90ce3ad06c774.png,2161,
https://sprayway-tpr.com/plugins/support_fixed//images/zalo.png,https://sprayway-tpr.com/cn/product/495/066-tpr-%E5%8F%B7%E9%9B%BE%E7%8A%B6%E5%96%B7%E8%83%B6.html,messenger,,assets/a523d5d5aed3b7e2.png,3325,
https://sprayway-tpr.com/plugins/support_fixed//images/whatsapp.png,https://sprayway-tpr.com/cn/product/495/066-tpr-%E5%8F%B7%E9%9B%BE%E7%8A%B6%E5%96%B7%E8%83%B6.html,whatsapp,,assets/70dde3279cfd346c.png,2117,
https://sprayway-tpr.com/vnt_upload/File/Image/Capture_3.png,https://sprayway-tpr.com/vn/gioi-thieu/about-company.html,,,assets/7c1c0a9f17745559.png,853778,
https://sprayway-tpr.com/vnt_upload/product/01_2025/thumbs/140_us_48.png,https://sprayway-tpr.com/cn/product/240/811%E5%8F%B7%E5%AE%B6%E5%85%B7%E4%B8%8A%E5%85%89%E5%89%82.html,,,assets/9c64762874ee9ee7.png,16096,
https://sprayway-tpr.com/vnt_upload/product/01_2025/thumbs/140_608_new.png,https://sprayway-tpr.com/cn/product/240/811%E5%8F%B7%E5%AE%B6%E5%85%B7%E4%B8%8A%E5%85%89%E5%89%82.html,,,assets/c34aa9075c20b9b3.png,17202,
https://sprayway-tpr.com/vnt_upload/product/10_2016/thumbs/140_066_US_new.png,https://sprayway-tpr.com/vn/san-pham/brand/-1.html?p=1,066-KEO XỊT DẠNG PHUN SƯƠNG,066-KEO XỊT DẠNG PHUN SƯƠNG,assets/7d2ff34914931fa9.png,19193,
https://sprayway-tpr.com/vnt_upload/product/08_2012/thumbs/140_sw104.jpg,https://sprayway-tpr.com/vn/san-pham/brand/-1.html?p=1,104-CHẤT KHỬ MÙI HƯƠNG TÁO,104-CHẤT KHỬ MÙI HƯƠNG TÁO,assets/4917e45c902846d1.jpg,6054,
https://sprayway-tpr.com/vnt_upload/product/09_2016/thumbs/140_sw092_2011.jpg,https://sprayway-tpr.com/vn/san-pham/brand/-1.html?p=1,092-KEO DÁN CHỊU NHIỆT VÀ CHỊU NẶNG CAO,092-KEO DÁN CHỊU NHIỆT VÀ CHỊU NẶNG CAO,assets/e6e91bf253a5880b.jpg,4608,
https://sprayway-tpr.com/vnt_upload/product/08_2012/thumbs/140_083.jpg,https://sprayway-tpr.com/vn/san-pham/brand/-1.html?p=1,083-KEO XỊT LOẠI VẢI IN MÀU,083-KEO XỊT LOẠI VẢI IN MÀU,assets/f9bbe06c01cb9ea1.jpg,5120,
https://sprayway-tpr.com/vnt_upload/product/08_2012/thumbs/140_sw085_1.jpg,https://sprayway-tpr.com/vn/san-pham/brand/-1.html?p=1,085-KEO ĐỊNH VỊ NHANH KHÔ,085-KEO ĐỊNH VỊ NHANH KHÔ,assets/184a19ec070697e4.jpg,4664,
https://sprayway-tpr.com/vnt_upload/product/08_2012/thumbs/140_089.jpg,https://sprayway-tpr.com/vn/san-pham/brand/-1.html?p=1,089-KEO ĐẶC BIỆT NHANH KHÔ,089-KEO ĐẶC BIỆT NHANH KHÔ,assets/536fe79a940fe91b.jpg,4557,
https://sprayway-tpr.com/vnt_upload/product/11_2016/thumbs/140_SW88_16028_FRNT.png,https://sprayway-tpr.com/vn/san-pham/Qu%E1%BA%A3ng%20C%C3%A1o-17.html?p=1,088-KEO XỊT ĐA NĂNG,088-KEO XỊT ĐA NĂNG,assets/7a76a1c2a0de4293.png,16822,
https://sprayway-tpr.com/vnt_upload/product/11_2016/thumbs/140_805.jpg,https://sprayway-tpr.com/vn/san-pham/Qu%E1%BA%A3ng%20C%C3%A1o-17.html?p=1,805-CHAI TẨY BỤI CHỊU NHIỆT DẠNG HƠI,805-CHAI TẨY BỤI CHỊU NHIỆT DẠNG HƠI,assets/b2bb9eb8e0a5af39.jpg,5322,
https://sprayway-tpr.com/vnt_upload/product/03_2024/thumbs/140_LDH_185_2.jpg,https://sprayway-tpr.com/vn/san-pham/H%C3%A0ng%20Ti%C3%AAu%20D%C3%B9ng-11.html?p=1,Kéo cắt cường lực inox LDH-XS185 18.5cm,Kéo cắt cường lực inox LDH-XS185 18.5cm,assets/441fb360206218e4.jpg,7094,
https://sprayway-tpr.com/vnt_upload/product/11_2016/thumbs/140_CL961_Can_New.png,https://sprayway-tpr.com/vn/san-pham/Qu%E1%BA%A3ng%20C%C3%A1o-17.html?p=1,961-DẦU CHỐNG RỈ SÉT,961-DẦU CHỐNG RỈ SÉT,assets/4a1cc009b5cee834.png,15662,
https://sprayway-tpr.com/vnt_upload/product/11_2024/thumbs/140_190_chai_xit_khu_mui.png,https://sprayway-tpr.com/vn/san-pham/Ng%C3%A0nh%20G%E1%BB%97-18.html?p=1,190-CHAI XỊT KHỬ MÙI,190-CHAI XỊT KHỬ MÙI,assets/4b26d244186aba59.png,15275,
https://sprayway-tpr.com/vnt_upload/product/09_2016/thumbs/140_SW_003R_Bed_Bug.jpg,https://sprayway-tpr.com/cn/product/240/811%E5%8F%B7%E5%AE%B6%E5%85%B7%E4%B8%8A%E5%85%89%E5%89%82.html,,,assets/69c4abb60619f704.jpg,4958,
https://sprayway-tpr.com/vnt_upload/product/07_2018/thumbs/140_sw715.jpg,https://sprayway-tpr.com/vn/san-pham/Ki%E1%BA%BFng%20v%C3%A0%20G%C6%B0%C6%A1ng-8.html?p=1,"715-CHẤT BÔI TRƠN CHỊU NHIỆT CAO, KHÔNG BỊ KHÔ","715-CHẤT BÔI TRƠN CHỊU NHIỆT CAO, KHÔNG BỊ KHÔ",assets/c997e9e5f4c1c03a.jpg,5089,
https://sprayway-tpr.com/vnt_upload/product/07_2018/thumbs/140_sw719.jpg,https://sprayway-tpr.com/vn/san-pham/Ngo%E1%BA%A1i%20Th%E1%BA%A5t%20%C3%94%20t%C3%B4-2.html?p=1,719-TẨY MIẾNG ĐỆM,719-TẨY MIẾNG ĐỆM,assets/2bfa03227441c666.jpg,5299,
https://sprayway-tpr.com/vnt_upload/product/08_2012/thumbs/140_725.jpg,https://sprayway-tpr.com/vn/san-pham/Ngo%E1%BA%A1i%20Th%E1%BA%A5t%20%C3%94%20t%C3%B4-2.html?p=1,725-CHỐNG TIA HÀN VĂNG,725-CHỐNG TIA HÀN VĂNG,assets/7b1e1ab0c2b9aaf4.jpg,5242,
https://sprayway-tpr.com/vnt_upload/product/09_2016/thumbs/140_SW161.jpg,https://sprayway-tpr.com/vn/san-pham/Si%C3%AAu%20Th%E1%BB%8B-13.html?p=1,161-CHẤT KHỬ MÙI VẢI VÀ KHÔNG KHÍ HƯƠNG TÁO,161-CHẤT KHỬ MÙI VẢI VÀ KHÔNG KHÍ HƯƠNG TÁO,assets/aadd12240146f2f5.jpg,4867,
https://sprayway-tpr.com/vnt_upload/product/11_2024/thumbs/140_spw162w.jpg,https://sprayway-tpr.com/vn/san-pham/Ph%E1%BB%A5%20T%C3%B9ng%20%C3%94%20t%C3%B4-3.html?p=1,162-CHẤT KHỬ MÙI VẢI VÀ KHÔNG KHÍ HƯƠNG QUẾ,162-CHẤT KHỬ MÙI VẢI VÀ KHÔNG KHÍ HƯƠNG QUẾ,assets/0fdc530a61f1833e.jpg,4991,
https://sprayway-tpr.com/vnt_upload/product/09_2016/thumbs/140_SW165.jpg,https://sprayway-tpr.com/vn/san-pham/Ph%E1%BB%A5%20T%C3%B9ng%20%C3%94%20t%C3%B4-3.html?p=1,165-CHẤT KHỬ MÙI VẢI VÀ KHÔNG KHÍ HƯƠNG TRÁI CÂY NHIỆT ĐỚI,165-CHẤT KHỬ MÙI VẢI VÀ KHÔNG KHÍ HƯƠNG TRÁI CÂY NHIỆT ĐỚI,assets/b1eb7ec4d62ff91a.jpg,4871,
https://sprayway-tpr.com/vnt_upload/product/09_2016/thumbs/140_SW167.jpg,https://sprayway-tpr.com/vn/san-pham/Ph%E1%BB%A5%20T%C3%B9ng%20%C3%94%20t%C3%B4-3.html?p=1,167-CHẤT KHỬ MÙI VẢI VÀ KHÔNG KHÍ HƯƠNG THƠM DỄ CHỊU,167-CHẤT KHỬ MÙI VẢI VÀ KHÔNG KHÍ HƯƠNG THƠM DỄ CHỊU,assets/350c6ad3c1ee4bd8.jpg,4558,
https://sprayway-tpr.com/vnt_upload/product/08_2012/thumbs/140_sw563.jpg,https://sprayway-tpr.com/vn/san-pham/Ph%E1%BB%A5%20T%C3%B9ng%20%C3%94%20t%C3%B4-3.html?p=1,563-LÀM SẠCH BỘ CHẾ HÒA KHÍ VÀ CHOKE (BƯỚM GIÓ) Ô TÔ,563-LÀM SẠCH BỘ CHẾ HÒA KHÍ VÀ CHOKE (BƯỚM GIÓ) Ô TÔ,assets/6fa6d05024d68921.jpg,5298,
https://sprayway-tpr.com/vnt_upload/product/08_2012/thumbs/140_sw110.jpg,https://sprayway-tpr.com/vn/san-pham/Si%C3%AAu%20Th%E1%BB%8B-13.html?p=1,110-CHẤT KHỬ MÙI HƯƠNG VẢI GAI,110-CHẤT KHỬ MÙI HƯƠNG VẢI GAI,assets/9e8f5275f8ed131e.jpg,6123,
https://sprayway-tpr.com/vnt_upload/product/08_2012/thumbs/140_sw116.jpg,https://sprayway-tpr.com/vn/san-pham/Si%C3%AAu%20Th%E1%BB%8B-13.html?p=1,116-CHẤT KHỬ MÙI HƯƠNG XOÀI,116-CHẤT KHỬ MÙI HƯƠNG XOÀI,assets/a3ec6176385da393.jpg,6162,
https://sprayway-tpr.com/vnt_upload/product/09_2016/thumbs/140_SW508.jpg,https://sprayway-tpr.com/vn/san-pham/Thi%E1%BA%BFt%20B%E1%BB%8B%20T%E1%BB%B1%20%C4%90%E1%BB%99ng-5.html?p=1,508-SẢN PHẨM LÀM SẠCH VẢI,508-SẢN PHẨM LÀM SẠCH VẢI,assets/8addb0fd7ef04b90.jpg,5564,
https://sprayway-tpr.com/vnt_upload/product/09_2016/thumbs/140_SW558.jpg,https://sprayway-tpr.com/vn/san-pham/Thi%E1%BA%BFt%20B%E1%BB%8B%20T%E1%BB%B1%20%C4%90%E1%BB%99ng-5.html?p=1,558-SẢN PHẨM LÀM SẠCH VẢI (PLUS),558-SẢN PHẨM LÀM SẠCH VẢI (PLUS),assets/2c61f06ed347ee9a.jpg,5516,
https://sprayway-tpr.com/vnt_upload/product/08_2012/thumbs/140_sw575.jpg,https://sprayway-tpr.com/vn/san-pham/Thi%E1%BA%BFt%20B%E1%BB%8B%20%C3%94%20t%C3%B4-4.html?p=1,575-CHẤT LÀM SẠCH KHÔNG KHÍ,575-CHẤT LÀM SẠCH KHÔNG KHÍ,assets/0d999c22c74b126c.jpg,5020,
https://sprayway-tpr.com/vnt_upload/product/11_2024/thumbs/140_Chai_tay_rua_vet_ban_tren_tham_Sprayway_676_1.png,https://sprayway-tpr.com/vn/san-pham/Thi%E1%BA%BFt%20B%E1%BB%8B%20%C3%94%20t%C3%B4-4.html?p=1,676-CHẤT LÀM SẠCH THẢM,676-CHẤT LÀM SẠCH THẢM,assets/9c7e8f5d478e1746.png,15319,
https://sprayway-tpr.com/vnt_upload/product/11_2016/thumbs/140_945_US_CF.jpg,https://sprayway-tpr.com/vn/san-pham/Ng%C3%A0nh%20G%E1%BB%97-18.html?p=1,945-DẦU SILICONE BÔI TRƠN DẠNG KHÔ,945-DẦU SILICONE BÔI TRƠN DẠNG KHÔ,assets/b06d203667db8916.jpg,5971,
https://sprayway-tpr.com/vnt_upload/product/08_2012/thumbs/140_731.jpg,https://sprayway-tpr.com/vn/san-pham/Thi%E1%BA%BFt%20B%E1%BB%8B%20T%E1%BB%B1%20%C4%90%E1%BB%99ng-5.html?p=1,731-CHẤT VỆ SINH NỘI THẤT CỦA XE HƠI,731-CHẤT VỆ SINH NỘI THẤT CỦA XE HƠI,assets/6e00f0219c68c07a.jpg,4558,
https://sprayway-tpr.com/vnt_upload/product/06_2024/thumbs/140_821_1_1.jpg,https://sprayway-tpr.com/vn/san-pham/Gia%20D%E1%BB%A5ng%20&amp;%20N%E1%BB%99i%20Th%E1%BA%A5t-7.html?p=1,821-KEO XỊT CHỐNG TƯA MÉP VẢI,821-KEO XỊT CHỐNG TƯA MÉP VẢI,assets/217a4b45efa6d26b.jpg,5783,
https://sprayway-tpr.com/vnt_upload/product/03_2024/thumbs/140_LDH_X1_1.jpg,https://sprayway-tpr.com/vn/san-pham/H%C3%A0ng%20Ti%C3%AAu%20D%C3%B9ng-11.html?p=1,Kéo cắt 20.1cm LDH-X1,Kéo cắt 20.1cm LDH-X1,assets/410b7fd326b1ab61.jpg,6150,
https://sprayway-tpr.com/vnt_upload/product/09_2016/thumbs/140_SW209.jpg,https://sprayway-tpr.com/vn/san-pham/Khung%20%E1%BA%A2nh-14.html?p=1,209-KEO BẢO VỆ CẠNH GƯƠNG,209-KEO BẢO VỆ CẠNH GƯƠNG,assets/5bc2c70995c7fae7.jpg,5843,
https://sprayway-tpr.com/vnt_upload/product/11_2016/thumbs/140_822us.png,https://sprayway-tpr.com/vn/san-pham/Ngh%E1%BB%87%20Thu%E1%BA%ADt%20Qu%E1%BA%A3ng%20C%C3%A1o-9.html?p=1,822-KEO DÁN ĐỊNH VỊ,822-KEO DÁN ĐỊNH VỊ,assets/3c2ca4f3a15336ac.png,14381,
https://sprayway-tpr.com/vnt_upload/product/03_2024/thumbs/140_LDH_G8.jpg,https://sprayway-tpr.com/vn/san-pham/H%C3%A0ng%20Ti%C3%AAu%20D%C3%B9ng-11.html?p=1,Kéo cắt vải cao cấp 8 inch LDH-G08,Kéo cắt vải cao cấp 8 inch LDH-G08,assets/b03633ba31c9c861.jpg,4672,
https://sprayway-tpr.com/vnt_upload/product/03_2024/thumbs/140_LDH_G9.jpg,https://sprayway-tpr.com/vn/san-pham/H%C3%A0ng%20Ti%C3%AAu%20D%C3%B9ng-11.html?p=1,Kéo cắt vải cao cấp 9 inch LDH-G09,Kéo cắt vải cao cấp 9 inch LDH-G09,assets/16e4ac639816022f.jpg,5826,
https://sprayway-tpr.com/vnt_upload/product/03_2024/thumbs/140_LDH_X3_2.jpg,https://sprayway-tpr.com/vn/san-pham/H%C3%A0ng%20Ti%C3%AAu%20D%C3%B9ng-11.html?p=1,Kéo cắt 17cm LDH-X3,Kéo cắt 17cm LDH-X3,assets/14eb684437cda80d.jpg,6169,
https://sprayway-tpr.com/vnt_upload/product/11_2016/thumbs/140_789.png,https://sprayway-tpr.com/vn/san-pham/D%E1%BB%8Bch%20V%E1%BB%A5%20B%E1%BA%A3o%20Tr%C3%AC-12.html?p=1,789- CHAI XỊT TẨY BỤI BẨN CÁC MẠCH ĐIỆN,789- CHAI XỊT TẨY BỤI BẨN CÁC MẠCH ĐIỆN,assets/91b3aca3a5d8c375.png,17456,
https://sprayway-tpr.com/vnt_upload/product/09_2016/thumbs/140_SW201.jpg,https://sprayway-tpr.com/vn/san-pham/Khung%20%E1%BA%A2nh-14.html?p=1,201-CHẤT KEO BẢO VỆ TRONG SUỐT,201-CHẤT KEO BẢO VỆ TRONG SUỐT,assets/361439de0769a999.jpg,5640,
https://sprayway-tpr.com/vnt_upload/product/09_2016/thumbs/140_SW811.jpg,https://sprayway-tpr.com/vn/san-pham/Ng%C3%A0nh%20G%E1%BB%97-18.html?p=1,811-CHAI XỊT ĐÁNH BÓNG VÀ BẢO VỆ ĐỒ NỘI THẤT,811-CHAI XỊT ĐÁNH BÓNG VÀ BẢO VỆ ĐỒ NỘI THẤT,assets/9a1944e6d8dd1a47.jpg,5535,
https://sprayway-tpr.com/vnt_upload/product/04_2026/thumbs/140_TPR_1088.png,https://sprayway-tpr.com/cn/product/495/066-tpr-%E5%8F%B7%E9%9B%BE%E7%8A%B6%E5%96%B7%E8%83%B6.html,,,assets/6be564438d7f4080.png,12043,
https://sprayway-tpr.com/vnt_upload/product/03_2025/thumbs/140_ZS_1188.png,https://sprayway-tpr.com/cn/product/495/066-tpr-%E5%8F%B7%E9%9B%BE%E7%8A%B6%E5%96%B7%E8%83%B6.html,,,assets/13a8eb40cce16952.png,10308,
https://sprayway-tpr.com/vnt_upload/product/05_2025/thumbs/140_TPR_1688_website.jpg,https://sprayway-tpr.com/cn/product/495/066-tpr-%E5%8F%B7%E9%9B%BE%E7%8A%B6%E5%96%B7%E8%83%B6.html,,,assets/4350ce8464880439.jpg,4150,
https://sprayway-tpr.com/vnt_upload/product/03_2025/thumbs/140_TPR1388sua.png,https://sprayway-tpr.com/cn/product/495/066-tpr-%E5%8F%B7%E9%9B%BE%E7%8A%B6%E5%96%B7%E8%83%B6.html,,,assets/2df80781b27cd60c.png,16014,
https://sprayway-tpr.com/vnt_upload/product/01_2025/thumbs/140_USTPR830.png,https://sprayway-tpr.com/cn/product/495/066-tpr-%E5%8F%B7%E9%9B%BE%E7%8A%B6%E5%96%B7%E8%83%B6.html,,,assets/5be0472ec7d4d746.png,14528,
https://sprayway-tpr.com/vnt_upload/product/01_2025/thumbs/140_tpr_63.jpg,https://sprayway-tpr.com/cn/product/495/066-tpr-%E5%8F%B7%E9%9B%BE%E7%8A%B6%E5%96%B7%E8%83%B6.html,,,assets/b3bbb08edb2fc0a0.jpg,5886,
https://sprayway-tpr.com/vnt_upload/product/01_2025/thumbs/140_tpr945.png,https://sprayway-tpr.com/cn/product/495/066-tpr-%E5%8F%B7%E9%9B%BE%E7%8A%B6%E5%96%B7%E8%83%B6.html,,,assets/797b3fae883f4c11.png,14410,
https://sprayway-tpr.com/vnt_upload/product/11_2024/thumbs/140_tpr833_nhe.png,https://sprayway-tpr.com/cn/product/495/066-tpr-%E5%8F%B7%E9%9B%BE%E7%8A%B6%E5%96%B7%E8%83%B6.html,,,assets/2355dc0735dfe4d0.png,13082,
https://sprayway-tpr.com/vnt_upload/product/06_2018/thumbs/140_TPR823_nhe_1.png,https://sprayway-tpr.com/en/product/brand/-2.html?p=2,823 TPR-Fusing Machine Cleaner,823 TPR-Fusing Machine Cleaner,assets/51d6c945811f038f.png,14274,
https://sprayway-tpr.com/vnt_upload/product/06_2018/thumbs/140_TPR821_nhe.jpg,https://sprayway-tpr.com/en/product/brand/-2.html?p=2,821 TPR-No Fray Spray,821 TPR-No Fray Spray,assets/2b3e6fd78b5ff967.jpg,3822,
https://sprayway-tpr.com/vnt_upload/product/05_2018/thumbs/140_063_TPR_new.jpg,https://sprayway-tpr.com/en/product/brand/-2.html?p=2,063TPR C-60 SOLVENT CLEANER & DEGREASER,063TPR C-60 SOLVENT CLEANER & DEGREASER,assets/b9c553674a2aabfc.jpg,6216,
https://sprayway-tpr.com/vnt_upload/product/06_2018/thumbs/140_084_TPR_nap_den.png,https://sprayway-tpr.com/vn/san-pham.html?p=6,084 TPR-KEO XỊT ĐỊNH VỊ VẢI KHI IN LỤA(chiệu nhiệt cao),084 TPR-KEO XỊT ĐỊNH VỊ VẢI KHI IN LỤA(chiệu nhiệt cao),assets/ae0b5d351199c61b.png,17437,
https://sprayway-tpr.com/vnt_upload/product/03_2025/thumbs/140_SS811.png,"https://sprayway-tpr.com/vn/san-pham/509/chai-xit-tay-rua-cac-chat-dau-mo,-keo-dan-sprayway-singapore-ss63.html",,,assets/150f1d1318f6691e.png,17711,
https://sprayway-tpr.com/vnt_upload/product/04_2023/thumbs/140_031SS_China.jpg,https://sprayway-tpr.com/vn/san-pham/May%20M%E1%BA%B7c-16.html?p=9,Chai Xịt Tẩy Đa Năng Sprayway Singapore 31,Chai Xịt Tẩy Đa Năng Sprayway Singapore 31,assets/cccef30d8606c069.jpg,5745,
https://sprayway-tpr.com/vnt_upload/product/04_2023/thumbs/140_831_sss.png,https://sprayway-tpr.com/vn/san-pham/May%20M%E1%BA%B7c-16.html?p=9,Chai xịt tẩy dầu trên vải Sprayway Singapore SS831 nhanh khô,Chai xịt tẩy dầu trên vải Sprayway Singapore SS831 nhanh khô,assets/2dfaf712bc502741.png,15430,
https://sprayway-tpr.com/vnt_upload/product/11_2024/thumbs/140_ss833_nhe.png,https://sprayway-tpr.com/vn/san-pham.html?p=7,Chai xịt tẩy vết dầu trên vải Sprayway Singapore SS833,Chai xịt tẩy vết dầu trên vải Sprayway Singapore SS833,assets/2cb89c17a82ad266.png,14305,
https://sprayway-tpr.com/vnt_upload/product/04_2023/thumbs/140_830_ss.png,https://sprayway-tpr.com/vn/san-pham.html?p=7,Chai xịt tẩy vết dầu trên vải Sprayway Singapore SS830,Chai xịt tẩy vết dầu trên vải Sprayway Singapore SS830,assets/0031a095007bb025.png,14092,
https://sprayway-tpr.com/vnt_upload/product/04_2023/thumbs/140_077_SS.png,"https://sprayway-tpr.com/vn/san-pham/509/chai-xit-tay-rua-cac-chat-dau-mo,-keo-dan-sprayway-singapore-ss63.html",,,assets/143893b87a7252d2.png,14804,
https://sprayway-tpr.com/vnt_upload/product/04_2023/thumbs/140_099_SS.png,"https://sprayway-tpr.com/vn/san-pham/509/chai-xit-tay-rua-cac-chat-dau-mo,-keo-dan-sprayway-singapore-ss63.html",,,assets/ed684905a68e354c.png,13437,
https://sprayway-tpr.com/vnt_upload/product/04_2023/thumbs/140_822_ss.png,"https://sprayway-tpr.com/vn/san-pham/509/chai-xit-tay-rua-cac-chat-dau-mo,-keo-dan-sprayway-singapore-ss63.html",,,assets/5c529aebd79cdace.png,13744,
https://sprayway-tpr.com/vnt_upload/product/04_2023/thumbs/140_All_Product_ANC_Web_05.jpg,https://sprayway-tpr.com/vn/san-pham/May%20M%E1%BA%B7c-16.html?p=10,ANC821 KEO XỊT CHỐNG TƯA MÉP VẢI,ANC821 KEO XỊT CHỐNG TƯA MÉP VẢI,assets/358bcd7c031cbcec.jpg,4147,
https://sprayway-tpr.com/vnt_upload/product/04_2023/thumbs/140_All_Product_ANC_Web_04.jpg,https://sprayway-tpr.com/vn/san-pham/May%20M%E1%BA%B7c-16.html?p=10,ANC823 Chai xịt tẩy băng chuyền máy ép cổ áo,ANC823 Chai xịt tẩy băng chuyền máy ép cổ áo,assets/470f9a80f7d0f2f8.jpg,4215,
https://sprayway-tpr.com/vnt_upload/product/04_2023/thumbs/140_All_Product_ANC_Web_03.jpg,https://sprayway-tpr.com/vn/san-pham/May%20M%E1%BA%B7c-16.html?p=10,"ANC63 Chai xịt tẩy rửa các chất dầu mỡ, keo dán","ANC63 Chai xịt tẩy rửa các chất dầu mỡ, keo dán",assets/06d32e6d2699e8f7.jpg,4336,
https://sprayway-tpr.com/vnt_upload/product/04_2023/thumbs/140_All_Product_ANC_Web_06.jpg,https://sprayway-tpr.com/vn/san-pham/May%20M%E1%BA%B7c-16.html?p=9,ANC66 KEO XỊT DẠNG PHUN SƯƠNG,ANC66 KEO XỊT DẠNG PHUN SƯƠNG,assets/62a6297ebef45256.jpg,4587,
https://sprayway-tpr.com/vnt_upload/product/04_2023/thumbs/140_All_Product_ANC_Web_07.jpg,https://sprayway-tpr.com/vn/san-pham/May%20M%E1%BA%B7c-16.html?p=9,ANC82 KEO XỊT DẠNG PHUN SƯƠNG DÙNG TRONG IN VẢI,ANC82 KEO XỊT DẠNG PHUN SƯƠNG DÙNG TRONG IN VẢI,assets/ae9b980508e2a71b.jpg,4899,
https://sprayway-tpr.com/vnt_upload/product/04_2023/thumbs/140_All_Product_ANC_Web_08.jpg,https://sprayway-tpr.com/vn/san-pham/May%20M%E1%BA%B7c-16.html?p=9,ANC84 KEO XỊT ĐỊNH VỊ VẢI KHI IN LỤA (chiệu nhiệt cao),ANC84 KEO XỊT ĐỊNH VỊ VẢI KHI IN LỤA (chiệu nhiệt cao),assets/8b3c66ebe210ae72.jpg,4603,
https://sprayway-tpr.com/vnt_upload/product/04_2023/thumbs/140_All_Product_ANC_Web_09.jpg,https://sprayway-tpr.com/vn/san-pham/May%20M%E1%BA%B7c-16.html?p=9,ANC88 KEO XỊT ĐA NĂNG,ANC88 KEO XỊT ĐA NĂNG,assets/4e2cb463e19fab17.jpg,4388,
https://sprayway-tpr.com/vnt_upload/product/04_2023/thumbs/140_All_Product_ANC_Web_10.jpg,https://sprayway-tpr.com/vn/san-pham/May%20M%E1%BA%B7c-16.html?p=9,ANC99 Keo Xịt Đa Năng,ANC99 Keo Xịt Đa Năng,assets/c895afa5eb4d1a4c.jpg,4404,
https://sprayway-tpr.com/vnt_upload/product/04_2023/thumbs/140_All_Product_ANC_Web_02.jpg,https://sprayway-tpr.com/vn/san-pham.html?p=7,ANC31 CHAI XỊT TẨY ĐA NĂNG,ANC31 CHAI XỊT TẨY ĐA NĂNG,assets/1fef1002f4500905.jpg,4994,
https://sprayway-tpr.com/vnt_upload/product/08_2025/thumbs/140_lsv_20_.png,https://sprayway-tpr.com/vn/san-pham/578/chaixit991.html,,,assets/d5430ed8692e3f12.png,20440,
https://sprayway-tpr.com/vnt_upload/product/05_2024/thumbs/140_z5446511988511_7ce66a337171b9d2eb9c0ddb275409f2_1.jpg,https://sprayway-tpr.com/vn/san-pham/May%20M%E1%BA%B7c-16.html?p=11,Rarosa R4,Rarosa R4,assets/16cf71fb345c0a34.jpg,4103,
https://sprayway-tpr.com/vnt_upload/product/05_2024/thumbs/140_z5446511988566_58f4d1eef5383d9948a31fb6bfa554ec_1.jpg,https://sprayway-tpr.com/vn/san-pham/May%20M%E1%BA%B7c-16.html?p=11,Rarosa R3,Rarosa R3,assets/9208f069c3446058.jpg,4531,
https://sprayway-tpr.com/vnt_upload/product/05_2024/thumbs/140_z5446512006700_7d03727988627da5c1bffe8d756d5420.jpg,https://sprayway-tpr.com/vn/san-pham/May%20M%E1%BA%B7c-16.html?p=11,Rarosa R2,Rarosa R2,assets/5a3f67534b53d706.jpg,4002,
https://sprayway-tpr.com/vnt_upload/product/05_2024/thumbs/140_z5446512006702_c6aa02514bdea6bd3ffaf3f9fb019395.jpg,https://sprayway-tpr.com/vn/san-pham/May%20M%E1%BA%B7c-16.html?p=10,Rarosa R1,Rarosa R1,assets/f8df67d0127b3340.jpg,3896,
https://sprayway-tpr.com/vnt_upload/product/04_2023/thumbs/140_May_RAROSA_RS222_CHINESE_03.png,https://sprayway-tpr.com/vn/san-pham/514/sung-tay-ecorza-s1.html,,,assets/acb2c95df101608c.png,13131,
https://sprayway-tpr.com/vnt_upload/product/04_2023/thumbs/140_TOROI_RAROSA_02_Recovered_02.jpg,https://sprayway-tpr.com/vn/san-pham/514/sung-tay-ecorza-s1.html,,,assets/72ac1f461186dc7c.jpg,4913,
https://sprayway-tpr.com/vnt_upload/product/04_2023/thumbs/140_ak35_05.png,https://sprayway-tpr.com/vn/san-pham/514/sung-tay-ecorza-s1.html,,,assets/42313f2dd1ba7d97.png,16164,
https://sprayway-tpr.com/vnt_upload/product/04_2023/thumbs/140_TOROI_RAROSA_02_02.jpg,https://sprayway-tpr.com/vn/san-pham/514/sung-tay-ecorza-s1.html,,,assets/8b7a95467ff3874d.jpg,5136,
https://sprayway-tpr.com/vnt_upload/product/03_2024/thumbs/140_RabbitChalk_Paraffin.jpg,https://sprayway-tpr.com/vn/san-pham/May%20M%E1%BA%B7c-16.html?p=10,PHẤN MAY PARAFFIN,PHẤN MAY PARAFFIN,assets/3575e3ca275b3243.jpg,5173,
https://sprayway-tpr.com/vnt_upload/product/03_2024/thumbs/140_RabbitChalk_Powder.jpg,https://sprayway-tpr.com/vn/san-pham/May%20M%E1%BA%B7c-16.html?p=10,PHẤN MAY DẠNG BỘT,PHẤN MAY DẠNG BỘT,assets/43bdaa84b665bbce.jpg,4858,
https://sprayway-tpr.com/vnt_upload/product/03_2024/thumbs/140_RabbitChalk_Pen_Air__Water.jpg,https://sprayway-tpr.com/vn/san-pham/May%20M%E1%BA%B7c-16.html?p=10,PHẤN MAY DẠNG VIẾT,PHẤN MAY DẠNG VIẾT,assets/c96070d5caac1122.jpg,6285,
https://sprayway-tpr.com/vnt_upload/product/03_2024/thumbs/140_RabbitChalk_Vaporizable.jpg,https://sprayway-tpr.com/vn/san-pham/May%20M%E1%BA%B7c-16.html?p=10,PHẤN MAY VAPORIZABLE,PHẤN MAY VAPORIZABLE,assets/d992fb394fec0275.jpg,5391,
https://sprayway-tpr.com/vnt_upload/product/03_2024/thumbs/224_RabbitChalk_Vaporizable.jpg,https://sprayway-tpr.com/en/product/556/rabbitchalk-vaporizable.html,,,assets/f04b8dd1be508957.jpg,9593,
https://sprayway-tpr.com/modules/product/images/icon_print.gif,https://sprayway-tpr.com/cn/product/495/066-tpr-%E5%8F%B7%E9%9B%BE%E7%8A%B6%E5%96%B7%E8%83%B6.html,,,assets/13070bed24145624.gif,68,
https://sprayway-tpr.com/modules/product/images/icon_email.gif,https://sprayway-tpr.com/cn/product/495/066-tpr-%E5%8F%B7%E9%9B%BE%E7%8A%B6%E5%96%B7%E8%83%B6.html,,,assets/78e8551682f2b9e5.gif,71,
https://sprayway-tpr.com/modules/product/images/icon_save.gif,https://sprayway-tpr.com/cn/product/495/066-tpr-%E5%8F%B7%E9%9B%BE%E7%8A%B6%E5%96%B7%E8%83%B6.html,,,assets/5052d65d19b852fb.gif,574,
https://sprayway-tpr.com/vnt_upload/product/01_2025/thumbs/140_LDH_S11_1.png,https://sprayway-tpr.com/vn/san-pham/May%20M%E1%BA%B7c-16.html?p=12,Kéo cắt may chống gỉ chất lượng cao LDH-S11,Kéo cắt may chống gỉ chất lượng cao LDH-S11,assets/ea75f20c16067a9a.png,19134,
https://sprayway-tpr.com/vnt_upload/product/01_2025/thumbs/140_LDH_S10_1.png,https://sprayway-tpr.com/vn/san-pham/May%20M%E1%BA%B7c-16.html?p=12,Kéo cắt may chống gỉ chất lượng cao LDH-S10,Kéo cắt may chống gỉ chất lượng cao LDH-S10,assets/c0777179d6890721.png,20423,
https://sprayway-tpr.com/vnt_upload/product/01_2025/thumbs/140_LDH_S9_11.png,https://sprayway-tpr.com/vn/san-pham/May%20M%E1%BA%B7c-16.html?p=12,Kéo cắt may chống gỉ chất lượng cao LDH S9,Kéo cắt may chống gỉ chất lượng cao LDH S9,assets/034da880a4082174.png,17931,
https://sprayway-tpr.com/vnt_upload/product/01_2025/thumbs/140_LDH_211xl.png,https://sprayway-tpr.com/vn/san-pham/May%20M%E1%BA%B7c-16.html?p=12,Kéo bấm chỉ LDH 211XL,Kéo bấm chỉ LDH 211XL,assets/4266bfd88c9e3d04.png,9124,
https://sprayway-tpr.com/vnt_upload/product/03_2024/thumbs/140_LDH_210_1.jpg,https://sprayway-tpr.com/vn/san-pham.html?p=2,Kéo bấm chỉ 10.8cm LDH-210,Kéo bấm chỉ 10.8cm LDH-210,assets/bbee9bc6f7ca5f8c.jpg,6153,
https://sprayway-tpr.com/vnt_upload/product/03_2024/thumbs/140_LDH_240X.jpg,https://sprayway-tpr.com/vn/san-pham.html?p=2,Kéo cắt răng cưa inox 9inch LDH-240X,Kéo cắt răng cưa inox 9inch LDH-240X,assets/b9239abd388debe1.jpg,6060,
https://sprayway-tpr.com/vnt_upload/product/03_2024/thumbs/140_LDH_G10.jpg,https://sprayway-tpr.com/cn/product/548/%E5%B7%A5%E4%B8%9A%E5%89%AA%E5%88%80%2017cm%20LDH-X3.html,,,assets/6878cebdb9f52233.jpg,5154,
https://sprayway-tpr.com/vnt_upload/product/01_2025/thumbs/140_SMH_794BTRD_2.png,https://sprayway-tpr.com/vn/san-pham/May%20M%E1%BA%B7c-16.html?p=14,Ổ MÁY KIM ĐIỆN TỬ CẮT CHỈ TỰ ĐỘNG SMH-7.94BTR(D),Ổ MÁY KIM ĐIỆN TỬ CẮT CHỈ TỰ ĐỘNG SMH-7.94BTR(D),assets/67e023093f828a24.png,28011,
https://sprayway-tpr.com/vnt_upload/product/01_2025/thumbs/140_6_7TRD.png,https://sprayway-tpr.com/vn/san-pham/May%20M%E1%BA%B7c-16.html?p=14,Ổ MÁY 1 KIM ĐIỆN TỬ CHO MÁY LẬP TRÌNH CHO VẢI DÀY SMH-6-7TR(D),Ổ MÁY 1 KIM ĐIỆN TỬ CHO MÁY LẬP TRÌNH CHO VẢI DÀY SMH-6-7TR(D),assets/0c4c5faa6742cf83.png,25138,
https://sprayway-tpr.com/vnt_upload/product/01_2025/thumbs/140_SMH_ATR1Q_6_7TR_2.png,https://sprayway-tpr.com/vn/san-pham/May%20M%E1%BA%B7c-16.html?p=13,Ổ MÁY 1 KIM ĐIỆN TỬ CHO MÁY LẬP TRÌNH CHO VẢI DÀY SMH-ATR(1Q) 6-7TR,Ổ MÁY 1 KIM ĐIỆN TỬ CHO MÁY LẬP TRÌNH CHO VẢI DÀY SMH-ATR(1Q) 6-7TR,assets/006642b7232bcdbd.png,30091,
https://sprayway-tpr.com/vnt_upload/product/01_2025/thumbs/140_SMH_794BTR.png,https://sprayway-tpr.com/vn/san-pham/May%20M%E1%BA%B7c-16.html?p=13,Ổ MÁY 1 KIM ĐIỆN TỬ CẮT CHỈ TỰ ĐỘNG SMH-7.94BTR,Ổ MÁY 1 KIM ĐIỆN TỬ CẮT CHỈ TỰ ĐỘNG SMH-7.94BTR,assets/766335b803251181.png,30728,
https://sprayway-tpr.com/vnt_upload/product/01_2025/thumbs/140_SMH_67TR_2.png,https://sprayway-tpr.com/vn/san-pham/May%20M%E1%BA%B7c-16.html?p=13,Ổ CHAO SANME SMH-6-7TR,Ổ CHAO SANME SMH-6-7TR,assets/9ab014812f161e3b.png,31166,
https://sprayway-tpr.com/vnt_upload/product/01_2025/thumbs/140_SMH_65TRD_1.png,https://sprayway-tpr.com/vn/san-pham/May%20M%E1%BA%B7c-16.html?p=12,Ổ MÁY 1 KIM ĐIỆN TỬ CHO MÁY LẬP TRÌNH CHO VẢI MỎNG SMH-6-5TR(D),Ổ MÁY 1 KIM ĐIỆN TỬ CHO MÁY LẬP TRÌNH CHO VẢI MỎNG SMH-6-5TR(D),assets/575af8fcd670aede.png,27850,
https://sprayway-tpr.com/vnt_upload/product/01_2025/thumbs/140_SMH_16FLTRD.png,https://sprayway-tpr.com/vn/san-pham/May%20M%E1%BA%B7c-16.html?p=12,Ổ MÁY MAY MẪU 1.6 LẦN SMH-1.6FLTR(D),Ổ MÁY MAY MẪU 1.6 LẦN SMH-1.6FLTR(D),assets/6803e1f5da7ede08.png,23319,
https://sprayway-tpr.com/vnt_upload/product/08_2025/thumbs/140_JS_3268I_2COLOR_2.jpg,https://sprayway-tpr.com/vn/san-pham/May%20M%E1%BA%B7c-16.html?p=13,MÁY CẮT CHỈ JS-3268I,MÁY CẮT CHỈ JS-3268I,assets/5dcb09a3b1662b2e.jpg,6195,
https://sprayway-tpr.com/vnt_upload/product/01_2025/thumbs/140_DJS999.png,https://sprayway-tpr.com/vn/san-pham/May%20M%E1%BA%B7c-16.html?p=13,DỤNG CỤ HÚT THỔI BỤI JS 999,DỤNG CỤ HÚT THỔI BỤI JS 999,assets/b7ad4a4eb63e398b.png,10425,
https://sprayway-tpr.com/vnt_upload/product/01_2025/thumbs/140_DJS888.png,https://sprayway-tpr.com/vn/san-pham/May%20M%E1%BA%B7c-16.html?p=13,DỤNG CỤ HÚT THỔI BỤI JS 888,DỤNG CỤ HÚT THỔI BỤI JS 888,assets/06818def75a43095.png,11043,
https://sprayway-tpr.com/vnt_upload/product/01_2025/thumbs/140_DJS666_1.png,https://sprayway-tpr.com/vn/san-pham/May%20M%E1%BA%B7c-16.html?p=13,DỤNG CỤ HÚT THỔI BỤI JS 666,DỤNG CỤ HÚT THỔI BỤI JS 666,assets/be33f4e2d50a75d5.png,8580,
https://sprayway-tpr.com/modules/news/images/nophoto.gif,https://sprayway-tpr.com/vn/news/trien-lam-4.html,,,assets/a75494c27bc8d50d.gif,5530,
https://sprayway-tpr.com/vnt_upload/news/07_2024/thumbs/special_event_5_1.jpg,https://sprayway-tpr.com/vn/news/trien-lam-4.html,special_event_5_1,,assets/3faecd665803cb61.jpg,3560,
https://sprayway-tpr.com/vnt_upload/news/06_2024/thumbs/special_event_5_1.jpg,https://sprayway-tpr.com/vn/news/trien-lam-4.html,special_event_5_1,,assets/cba47f7e8c60c4c6.jpg,3560,
https://sprayway-tpr.com/vnt_upload/news/03_2024/thumbs/special_event_5_1.jpg,https://sprayway-tpr.com/vn/news/trien-lam-4.html,special_event_5_1,,assets/b2e75e861944a696.jpg,3560,
https://sprayway-tpr.com/vnt_upload/news/03_2024/thumbs/special_event_5.jpg,https://sprayway-tpr.com/vn/news/trien-lam-4.html,special_event_5,,assets/7bea922322173270.jpg,3560,
https://sprayway-tpr.com/vnt_upload/news/01_2024/thumbs/oeko_tex.jpg,https://sprayway-tpr.com/vn/news/events-3.html,oeko_tex,,assets/11ed9939a989d3df.jpg,3943,
https://sprayway-tpr.com/vnt_upload/news/10_2023/thumbs/logo_04.png,https://sprayway-tpr.com/vn/news/trien-lam-4.html,logo_04,,assets/e83407c64f9c6608.png,7862,
https://sprayway-tpr.com/vnt_upload/news/09_2023/thumbs/banner_cisma_2023anhdaidien.jpg,https://sprayway-tpr.com/vn/news/trien-lam-4.html,banner_cisma_2023anhdaidien,,assets/3234997fdc31625b.jpg,2784,
https://sprayway-tpr.com/vnt_upload/video/thumbs/141_Saigontex.jpg,https://sprayway-tpr.com/vn/video/Video%20Expo-13.html,,,assets/26c2c854598a77e8.jpg,7691,
https://sprayway-tpr.com/vnt_upload/video/thumbs/141_cisma2023_23.jpg,https://sprayway-tpr.com/vn/video/Video%20Expo-13.html,,,assets/c7b58eebf1a3a1f4.jpg,5940,
https://sprayway-tpr.com/vnt_upload/video/thumbs/141_TOROI_RAROSA_01_01.jpg,https://sprayway-tpr.com/vn/video/Video%20Expo-13.html,,,assets/6f891d81fccf529f.jpg,7883,
https://sprayway-tpr.com/vnt_upload/video/thumbs/141_Sequence_0100_00_01_13Still001.jpg,https://sprayway-tpr.com/vn/video/Video%20Expo-13.html,,,assets/08cc6da70eb58865.jpg,4620,
https://sprayway-tpr.com/vnt_upload/video/thumbs/141_1491805654_1.jpg,https://sprayway-tpr.com/vn/video/Sewing%20Products-7.html,,,assets/988787369afc43bc.jpg,3983,
https://sprayway-tpr.com/vnt_upload/video/thumbs/141_1481165464_1.png,https://sprayway-tpr.com/vn/video/Sewing%20Products-7.html,,,assets/5c5d61fbe8ed6b80.png,12994,
https://sprayway-tpr.com/vnt_upload/video/thumbs/141_1481165403_1.png,https://sprayway-tpr.com/vn/video/Sewing%20Products-7.html,,,assets/f782e33f2b53c63e.png,12994,
https://sprayway-tpr.com/vnt_upload/video/thumbs/141_1481165348_1.png,https://sprayway-tpr.com/vn/video/Sewing%20Products-7.html,,,assets/3be494e5a3f4093f.png,12994,
https://sprayway-tpr.com/vnt_upload/video/thumbs/141_1481011472_1.png,https://sprayway-tpr.com/vn/video/Video%20for%20Screen%20Printing-12.html,,,assets/9cc981a67f33d3a1.png,16735,
https://sprayway-tpr.com/vnt_upload/video/thumbs/141_1481011423_1.jpg,https://sprayway-tpr.com/vn/video/Video%20for%20Screen%20Printing-12.html,,,assets/f5b748a38c3d3e06.jpg,3983,
https://sprayway-tpr.com/vnt_upload/video/thumbs/141_1481011388_1.jpg,https://sprayway-tpr.com/vn/video/Video%20for%20Screen%20Printing-12.html,,,assets/3653d998e4040a2f.jpg,3983,
https://sprayway-tpr.com/vnt_upload/video/thumbs/141_1481011354_1.jpg,https://sprayway-tpr.com/vn/video/Video%20for%20Screen%20Printing-12.html,,,assets/2f328cb889ca7bae.jpg,3983,
https://sprayway-tpr.com/vnt_upload/video/thumbs/141_1481011101_1.jpg,https://sprayway-tpr.com/vn/video/Video%20for%20Screen%20Printing-12.html,,,assets/aebfc2ce931f2a99.jpg,3933,
https://sprayway-tpr.com/vnt_upload/video/thumbs/141_1481011056_1.png,https://sprayway-tpr.com/vn/video/Video%20for%20Screen%20Printing-12.html,,,assets/adb0c8375552ecd0.png,12151,
https://sprayway-tpr.com/vnt_upload/video/thumbs/141_1481010509_1.jpg,https://sprayway-tpr.com/vn/video/Video%20for%20Personal-11.html,,,assets/8a0972bb9da36bb6.jpg,4161,
https://sprayway-tpr.com/vnt_upload/video/thumbs/141_1481010474_1.jpg,https://sprayway-tpr.com/vn/video/Video%20for%20Personal-11.html,,,assets/d63d83b93ae5980b.jpg,3331,
https://sprayway-tpr.com/vnt_upload/video/thumbs/141_1481010435_1.jpg,https://sprayway-tpr.com/vn/video/Video%20for%20Personal-11.html,,,assets/554022135756d44b.jpg,3331,
https://sprayway-tpr.com/vnt_upload/video/thumbs/141_1481010384_1.jpg,https://sprayway-tpr.com/vn/video/Video%20for%20Personal-11.html,,,assets/d6fee3af3a182497.jpg,3331,
https://sprayway-tpr.com/vnt_upload/video/thumbs/141_1481010278_1.png,https://sprayway-tpr.com/vn/video/Video%20for%20Personal-11.html,,,assets/022e6df7e31e20ee.png,10965,
https://sprayway-tpr.com/vnt_upload/video/thumbs/141_1481010238_1.png,https://sprayway-tpr.com/vn/video/Video%20for%20Personal-11.html,,,assets/1f680868e55e2045.png,10965,
https://sprayway-tpr.com/vnt_upload/File/Image/Icon_of_Zalosvg.webp,https://sprayway-tpr.com/cn/contact.html,,,assets/375e82e88ed34edb.webp,41526,
https://sprayway-tpr.com/includes/sec_image.php?code=TNDgzMA5,https://sprayway-tpr.com/vn/lien-he.html,,,assets/deeaae2d44be704e.php,12803,
https://sprayway-tpr.com/vnt_upload/File/Images/Map_Sprayway1.png,https://sprayway-tpr.com/cn/contact.html,map_picture,,assets/4fa34ada26ed067d.png,388142,
https://sprayway-tpr.com/vnt_upload/weblink/1623831426_1.png,https://sprayway-tpr.com/en/product/brand/pneumatic_vacuum_dust_collector-37.html,,,assets/e60f2a0d05c41fbe.png,59897,
https://sprayway-tpr.com/vnt_upload/weblink/ngh_l_30_04_01_1.jpg,https://sprayway-tpr.com/en/about/partners.html,,,assets/d53b9f2bc8cd566a.jpg,115752,
https://sprayway-tpr.com/vnt_upload/weblink/449_x_309_banner_nguyendan_2025.jpg,https://sprayway-tpr.com/cn/about/partners.html,THÔNG BÁO LỊCH NGHỈ TẾT NGUYÊN ĐÁN 2025,THÔNG BÁO LỊCH NGHỈ TẾT NGUYÊN ĐÁN 2025,assets/1c2ce6af5a0873fd.jpg,244956,
https://sprayway-tpr.com/vnt_upload/weblink/BANNER_WEBSITE.jpg,https://sprayway-tpr.com/cn/about/partners.html,KHUYẾN MÃI TẾT,KHUYẾN MÃI TẾT,assets/7270e1ccfc544a4f.jpg,156889,
https://sprayway-tpr.com/vnt_upload/weblink/banner_website_giam_811_nhe.jpg,https://sprayway-tpr.com/cn/about/partners.html,ĐÓN TẾT SANG GIẢM 20% CHẠI XỊT 811,ĐÓN TẾT SANG GIẢM 20% CHẠI XỊT 811,assets/9f35da5c1ba1bfc0.jpg,230794,
https://sprayway-tpr.com/vnt_upload/weblink/web_cu.webp,https://sprayway-tpr.com/cn/about/partners.html,,,assets/55f4f2f1bc4c6c0f.webp,67984,
https://sprayway-tpr.com/vnt_upload/weblink/INVITATION_GBA_2026_02_forweb_2.webp,https://sprayway-tpr.com/cn/about/partners.html,,,assets/ad9c38cbd5677ec6.webp,67798,
https://sprayway-tpr.com/vnt_upload/weblink/Artboard_1.png,https://sprayway-tpr.com/cn/about/partners.html,INVITATION CISMA 2025,INVITATION CISMA 2025,assets/81e2ef61be8c47ce.png,95280,
https://sprayway-tpr.com/vnt_upload/weblink/for_web_4.png,https://sprayway-tpr.com/en/about/partners.html,,,assets/838f760372ca7303.png,83052,
https://sprayway-tpr.com/vnt_upload/weblink/for_web_5.png,https://sprayway-tpr.com/en/about/partners.html,,,assets/4a90d1045f5ca2f4.png,100432,
https://sprayway-tpr.com/vnt_upload/weblink/POST_WEBSITE_OSAKA_449_x_309.jpg,https://sprayway-tpr.com/cn/about/partners.html,INVITATION JIAM OSAKA JAPAN 2024,INVITATION JIAM OSAKA JAPAN 2024,assets/7435597b0999e4a9.jpg,199223,
https://sprayway-tpr.com/vnt_upload/weblink/POST_WEBSITE_GTB_BANGLADESH_2025.jpg,https://sprayway-tpr.com/cn/about/partners.html,INVITATION GTB BANGLADESH,INVITATION GTB BANGLADESH,assets/224372a9a07ff6d8.jpg,241538,
https://sprayway-tpr.com/vnt_upload/weblink/WEBSITE_SAIGONTEX_2025_NHE.jpg,https://sprayway-tpr.com/cn/about/partners.html,SAIGONTEX-SAIGONFABRIC 2025,SAIGONTEX-SAIGONFABRIC 2025,assets/68633bcd77e0f42c.jpg,233480,
https://sprayway-tpr.com/vnt_upload/weblink/WEBSITE_INDOTEX_2025_NHE.jpg,https://sprayway-tpr.com/cn/about/partners.html,INVITATION INDO INTERTEX 2025,INVITATION INDO INTERTEX 2025,assets/d78c14096661be91.jpg,199778,
https://sprayway-tpr.com/vnt_upload/weblink/WEBSITE_ATLANTA_01.jpg,https://sprayway-tpr.com/cn/about/partners.html,INVITATION TEXPROCESS AMERICAS,INVITATION TEXPROCESS AMERICAS,assets/ede033204c3e488d.jpg,222675,
https://sprayway-tpr.com/vnt_upload/weblink/WEBSITE_SHOES_LEATHER_VN_WEBSITE_3.jpg,https://sprayway-tpr.com/en/about/partners.html,INVITATION SHOES LEATHER VIET NAM,INVITATION SHOES LEATHER VIET NAM,assets/b4e60537c71268ca.jpg,190289,
https://sprayway-tpr.com/vnt_upload/weblink/WEBSITE.jpg,https://sprayway-tpr.com/cn/about/partners.html,INVITATION CTG THE 9TH CAMBODIA INT'L,INVITATION CTG THE 9TH CAMBODIA INT'L,assets/9804d5154db67bec.jpg,224198,
https://sprayway-tpr.com/vnt_upload/weblink/THONG_BAO_DANG_WEBSITE_2.jpg,https://sprayway-tpr.com/cn/about/partners.html,THÔNG BÁO NGHỈ LỄ QUỐC KHÁNH 2/9,THÔNG BÁO NGHỈ LỄ QUỐC KHÁNH 2/9,assets/206453702a160d23.jpg,5172189,
https://sprayway-tpr.com/vnt_upload/weblink/1_4_x.jpg,https://sprayway-tpr.com/cn/about/partners.html,TEXTECH BANGLADESH INTERNATIONAL EXPO 2024,TEXTECH BANGLADESH INTERNATIONAL EXPO 2024,assets/0e294b5db76ce99c.jpg,43538,
https://sprayway-tpr.com/vnt_upload/weblink/1_5_x_3.jpg,https://sprayway-tpr.com/en/about/partners.html,VTG THE 22ST VIETNAM INTERNATION TEXTILE & GARMENT INDUSTRY EXHIBITION,VTG THE 22ST VIETNAM INTERNATION TEXTILE & GARMENT INDUSTRY EXHIBITION,assets/07b5b339a59aaaaf.jpg,75006,
https://sprayway-tpr.com/vnt_upload/product/03_2024/thumbs/140_195.jpg,https://sprayway-tpr.com/cn/product/548/%E5%B7%A5%E4%B8%9A%E5%89%AA%E5%88%80%2017cm%20LDH-X3.html,,,assets/bad89572185729ea.jpg,4563,
https://sprayway-tpr.com/vnt_upload/product/10_2015/thumbs/140_sw063.png,https://sprayway-tpr.com/en/product/brand/-1.html?p=10,063- C-60 SOLVENT CLEANER & DEGREASER,063- C-60 SOLVENT CLEANER & DEGREASER,assets/30453b51ed400a99.png,21128,
https://sprayway-tpr.com/vnt_upload/product/06_2024/thumbs/200_050_1.jpg,https://sprayway-tpr.com/cn/about/partners.html,,,assets/6384055eb47517b3.jpg,4374,
https://sprayway-tpr.com/vnt_upload/product/11_2016/thumbs/200_805.jpg,https://sprayway-tpr.com/en/about/partners.html,,,assets/1e86c0fb5b9ee34f.jpg,4475,
https://sprayway-tpr.com/vnt_upload/news/08_2018/thumbs/special_event_1_1.jpg,https://sprayway-tpr.com/cn/about/partners.html,,,assets/2956cac15e849367.jpg,3493,
https://sprayway-tpr.com/vnt_upload/news/04_2018/thumbs/Textile_Garment_LOGO.png,https://sprayway-tpr.com/cn/about/partners.html,,,assets/c05736906955037e.png,6220,
https://sprayway-tpr.com/vnt_upload/news/03_2018/thumbs/Techprocess_USA_Logo.png,https://sprayway-tpr.com/cn/about/partners.html,,,assets/f5d97853c58d0828.png,18345,
https://sprayway-tpr.com/vnt_upload/news/07_2017/thumbs/special_event_3.jpg,https://sprayway-tpr.com/cn/about/partners.html,,,assets/1b35ea910ff962ee.jpg,3559,
https://sprayway-tpr.com/vnt_upload/news/07_2017/thumbs/special_event_2.jpg,https://sprayway-tpr.com/cn/about/partners.html,,,assets/461b3f15a161db85.jpg,3559,
https://sprayway-tpr.com/vnt_upload/news/07_2017/thumbs/special_event_1.jpg,https://sprayway-tpr.com/cn/about/partners.html,,,assets/dd487ac37edcc6a3.jpg,3559,
https://sprayway-tpr.com/vnt_upload/news/07_2017/thumbs/special_event.jpg,https://sprayway-tpr.com/cn/about/partners.html,,,assets/0dc077b412200bf2.jpg,3559,
https://sprayway-tpr.com/vnt_upload/news/10_2016/thumbs/Saigontex_01.jpg,https://sprayway-tpr.com/en/about/partners.html,,,assets/efd81a3b1193a3ce.jpg,2873,
https://sprayway-tpr.com/vnt_upload/news/11_2016/thumbs/Logo.jpg,https://sprayway-tpr.com/en/about/partners.html,,,assets/0eab386a9f16b485.jpg,1785,
https://sprayway-tpr.com/vnt_upload/news/10_2016/thumbs/message_icon_clipart_best_9xVl7Z_clipart.png,https://sprayway-tpr.com/cn/about/partners.html,,,assets/4b6f8ffc858d95e7.png,7455,
https://sprayway-tpr.com/vnt_upload/news/04_2015/thumbs/VBHCM.png,https://sprayway-tpr.com/cn/about/partners.html,,,assets/8f2bcdbae0a43a15.png,9382,
https://sprayway-tpr.com/vnt_upload/news/12_2014/thumbs/DITF_2015.jpg,https://sprayway-tpr.com/cn/about/partners.html,,,assets/9d6623c471a85d7a.jpg,3900,
https://sprayway-tpr.com/vnt_upload/news/10_2014/thumbs/AAMA_TEX2014_logo_for_website.jpg,https://sprayway-tpr.com/cn/about/partners.html,,,assets/a31704c57976a57c.jpg,3569,
https://sprayway-tpr.com/vnt_upload/File/Image/bo_cong_thuong_1.png,https://sprayway-tpr.com/en/product/brand/pneumatic_vacuum_dust_collector-37.html,,,assets/3b9b710663a03b01.png,9714,
https://sprayway-tpr.com/vnt_upload/weblink/share5.gif,https://sprayway-tpr.com/cn/product/495/066-tpr-%E5%8F%B7%E9%9B%BE%E7%8A%B6%E5%96%B7%E8%83%B6.html,In,,assets/d911b535b61ad92f.gif,1602,
https://sprayway-tpr.com/vnt_upload/weblink/share6.gif,https://sprayway-tpr.com/cn/product/495/066-tpr-%E5%8F%B7%E9%9B%BE%E7%8A%B6%E5%96%B7%E8%83%B6.html,Rss,,assets/5e8bae3066ca5fc5.gif,1622,
https://sprayway-tpr.com/vnt_upload/weblink/1623831450_1.png,https://sprayway-tpr.com/cn/product/495/066-tpr-%E5%8F%B7%E9%9B%BE%E7%8A%B6%E5%96%B7%E8%83%B6.html,,,assets/ab5b63d371ea9f2f.png,59897,
https://sprayway-tpr.com/vnt_upload/weblink/ngh_l_30_04_01_2.jpg,https://sprayway-tpr.com/cn/about/partners.html,,,assets/45424490001e6417.jpg,115752,
https://sprayway-tpr.com/vnt_upload/weblink/1_6_X_3.jpg,https://sprayway-tpr.com/cn/about/partners.html,JIAM 2024 OSAKA,JIAM 2024 OSAKA,assets/1f1e28de8c9a099d.jpg,53810,
https://sprayway-tpr.com/vnt_upload/weblink/POST_WEBSITE_HANOITEX_2024_01_2.jpg,https://sprayway-tpr.com/cn/about/partners.html,,,assets/d9752c1bf4c314ce.jpg,220284,
https://sprayway-tpr.com/vnt_upload/weblink/THONG_BAO_DANG_WEBSITE.jpg,https://sprayway-tpr.com/cn/about/partners.html,假期通知 – 2025年4月30日和5月1日,假期通知 – 2025年4月30日和5月1日,assets/225814ea59687f60.jpg,5185200,
https://sprayway-tpr.com/vnt_upload/weblink/sewing_trades_3.jpg,https://sprayway-tpr.com/cn/about/partners.html,,,assets/7d33d8bfabe24678.jpg,125576,
https://sprayway-tpr.com/vnt_upload/weblink/sewing_trades_1_2.jpg,https://sprayway-tpr.com/cn/about/partners.html,,,assets/688f4433de30da58.jpg,126173,
https://sprayway-tpr.com/vnt_upload/weblink/sewing_trades_2_2.jpg,https://sprayway-tpr.com/cn/about/partners.html,,,assets/6f93afdacf930707.jpg,157816,
https://sprayway-tpr.com/vnt_upload/weblink/sewing_trades_4.jpg,https://sprayway-tpr.com/cn/about/partners.html,,,assets/f9985263cc7d2623.jpg,140199,
https://sprayway-tpr.com/vnt_upload/weblink/dang_website_gio_to_hung_vuong_2.jpg,https://sprayway-tpr.com/cn/about/partners.html,THÔNG BÁO NGHỈ LỄ GIỖ TỔ HÙNG VƯƠNG,THÔNG BÁO NGHỈ LỄ GIỖ TỔ HÙNG VƯƠNG,assets/68fca553a4267fcf.jpg,5169162,
https://sprayway-tpr.com/vnt_upload/weblink/WEBSITE_SHOES_LEATHER_VN_PHUONG_AN_2_china_01_2.jpg,https://sprayway-tpr.com/cn/about/partners.html,INVITATION SHOES LEATHER VIET NAM,INVITATION SHOES LEATHER VIET NAM,assets/894c0de74c5318f2.jpg,183168,
https://sprayway-tpr.com/vnt_upload/weblink/1_5_x_2.jpg,https://sprayway-tpr.com/cn/about/partners.html,VTG THE 22ST VIETNAM INTERNATION TEXTILE & GARMENT INDUSTRY EXHIBITION,VTG THE 22ST VIETNAM INTERNATION TEXTILE & GARMENT INDUSTRY EXHIBITION,assets/f4c41b585efa9a74.jpg,75006,
https://sprayway-tpr.com/vnt_upload/File/Image/bo_cong_thuong_2.png,https://sprayway-tpr.com/cn/product/495/066-tpr-%E5%8F%B7%E9%9B%BE%E7%8A%B6%E5%96%B7%E8%83%B6.html,,,assets/ff196060e056d89e.png,9714,
https://sprayway-tpr.com/vnt_upload/product/03_2024/thumbs/224_211xl.jpg,https://sprayway-tpr.com/cn/product/554/%E7%BA%B1%E7%BA%BF%E5%89%AA12.5cm%20LDH-211X.html,,,assets/5d4c67429e19a4d7.jpg,11186,
https://sprayway-tpr.com/vnt_upload/File/Image/Moi/211xl.jpg,https://sprayway-tpr.com/cn/product/554/%E7%BA%B1%E7%BA%BF%E5%89%AA12.5cm%20LDH-211X.html,,,assets/341a89ea343c2908.jpg,353814,
https://sprayway-tpr.com/vnt_upload/product/03_2024/thumbs/224_2024_03_19_100138.jpg,https://sprayway-tpr.com/cn/product/553/12%E8%8B%B1%E5%AF%B8%E9%AB%98%E5%93%81%E8%B4%A8%E5%B8%83%E6%96%99%E5%89%AA%E5%88%80%20LDH-G12.html,,,assets/8be0bb7c6747c087.jpg,10147,
https://sprayway-tpr.com/vnt_upload/File/Image/Moi/2024_03_19_100138.jpg,https://sprayway-tpr.com/cn/product/553/12%E8%8B%B1%E5%AF%B8%E9%AB%98%E5%93%81%E8%B4%A8%E5%B8%83%E6%96%99%E5%89%AA%E5%88%80%20LDH-G12.html,,,assets/f78cdb2ee947ef94.jpg,253808,
https://sprayway-tpr.com/vnt_upload/product/03_2024/thumbs/140_LDH_X2_2.jpg,https://sprayway-tpr.com/cn/product/548/%E5%B7%A5%E4%B8%9A%E5%89%AA%E5%88%80%2017cm%20LDH-X3.html,,,assets/a7afa354f306cd0f.jpg,6162,
https://sprayway-tpr.com/vnt_upload/product/03_2024/thumbs/224_LDH_G11.jpg,https://sprayway-tpr.com/cn/product/552/11%E8%8B%B1%E5%AF%B8%E9%AB%98%E5%93%81%E8%B4%A8%E5%B8%83%E6%96%99%E5%89%AA%E5%88%80%20LDH-G11.html,,,assets/192bb4e95d84c9a0.jpg,9977,
https://sprayway-tpr.com/vnt_upload/File/Image/Moi/LDH_G11.jpg,https://sprayway-tpr.com/cn/product/552/11%E8%8B%B1%E5%AF%B8%E9%AB%98%E5%93%81%E8%B4%A8%E5%B8%83%E6%96%99%E5%89%AA%E5%88%80%20LDH-G11.html,,,assets/d413b40fe14c0715.jpg,286074,
https://sprayway-tpr.com/vnt_upload/File/Image/Moi/LDH_G11_2.jpg,https://sprayway-tpr.com/cn/product/552/11%E8%8B%B1%E5%AF%B8%E9%AB%98%E5%93%81%E8%B4%A8%E5%B8%83%E6%96%99%E5%89%AA%E5%88%80%20LDH-G11.html,,,assets/69ba92297538f854.jpg,436054,
https://sprayway-tpr.com/vnt_upload/product/09_2023/thumbs/224_Poster_Cerliani_Printcccc.jpg,https://sprayway-tpr.com/cn/product/540/o-chao-cerliani.html,,,assets/5951e44df2de9473.jpg,14723,
https://sprayway-tpr.com/vnt_upload/File/Image/Layer_Boss__Printnew_web.jpg,https://sprayway-tpr.com/cn/product/540/o-chao-cerliani.html,,,assets/44940ab506b14212.jpg,390841,
https://sprayway-tpr.com/vnt_upload/product/06_2023/thumbs/224_384_Sprayway_US2.png,https://sprayway-tpr.com/cn/product/538/384---keo-dan-dinh-vi-(-chiu-nhiet-cao).html,,,assets/0ba742771709cb6a.png,34647,
https://sprayway-tpr.com/vnt_upload/product/06_2024/thumbs/140_824_1.jpg,https://sprayway-tpr.com/cn/product/240/811%E5%8F%B7%E5%AE%B6%E5%85%B7%E4%B8%8A%E5%85%89%E5%89%82.html,,,assets/2a5a14691927d8bb.jpg,5533,
https://sprayway-tpr.com/vnt_upload/product/08_2012/thumbs/140_sw986r_large.jpg,https://sprayway-tpr.com/cn/product/240/811%E5%8F%B7%E5%AE%B6%E5%85%B7%E4%B8%8A%E5%85%89%E5%89%82.html,,,assets/9ee809961be6b088.jpg,5068,
https://sprayway-tpr.com/vnt_upload/product/08_2012/thumbs/140_sw909.jpg,https://sprayway-tpr.com/cn/product/480/003%E5%8F%B7%E4%B8%93%E4%B8%9A%E9%99%A4%E8%9E%A8%E8%99%AB%E5%96%B7%E5%89%82.html,,,assets/5e04492637f4ee0f.jpg,4837,
https://sprayway-tpr.com/vnt_upload/product/08_2012/thumbs/140_708.jpg,https://sprayway-tpr.com/cn/product/brand/-1.html?p=4,708号刹车零件清洗剂,708号刹车零件清洗剂,assets/c237f278783035b7.jpg,4691,
https://sprayway-tpr.com/vnt_upload/product/03_2025/thumbs/224_SS_40.png,https://sprayway-tpr.com/cn/product/600/SS040%E7%94%B5%E5%AD%90%E8%AE%BE%E5%A4%87%E4%B8%93%E7%94%A8%E7%8E%BB%E7%92%83%E6%B8%85%E6%B4%81%E5%96%B7%E9%9B%BE.html,,,assets/00a9dccedfb0b7dd.png,41328,
https://sprayway-tpr.com/vnt_upload/product/04_2023/thumbs/140_88_SS.png,"https://sprayway-tpr.com/vn/san-pham/509/chai-xit-tay-rua-cac-chat-dau-mo,-keo-dan-sprayway-singapore-ss63.html",,,assets/2bbea3f1b62abd89.png,14895,
https://sprayway-tpr.com/vnt_upload/product/04_2023/thumbs/140_82_SS_W.png,"https://sprayway-tpr.com/vn/san-pham/509/chai-xit-tay-rua-cac-chat-dau-mo,-keo-dan-sprayway-singapore-ss63.html",,,assets/e563c6266fa306a5.png,17457,
https://sprayway-tpr.com/vnt_upload/product/04_2023/thumbs/140_82_SS.png,"https://sprayway-tpr.com/vn/san-pham/509/chai-xit-tay-rua-cac-chat-dau-mo,-keo-dan-sprayway-singapore-ss63.html",,,assets/73483773d93c04d0.png,16264,
https://sprayway-tpr.com/vnt_upload/product/04_2023/thumbs/140_66_ANCTQ_SS.png,"https://sprayway-tpr.com/vn/san-pham/509/chai-xit-tay-rua-cac-chat-dau-mo,-keo-dan-sprayway-singapore-ss63.html",,,assets/9d1ea8c35c51a925.png,18534,
https://sprayway-tpr.com/vnt_upload/product/04_2023/thumbs/140_821_SS.png,"https://sprayway-tpr.com/vn/san-pham/509/chai-xit-tay-rua-cac-chat-dau-mo,-keo-dan-sprayway-singapore-ss63.html",,,assets/325bbf0906c61622.png,13402,
https://sprayway-tpr.com/vnt_upload/product/03_2025/thumbs/224_US702_1.png,https://sprayway-tpr.com/cn/product/566/chai%20x%E1%BB%8Bt%20%C4%91%C3%A1%20granit.html,,,assets/1298b2131ab0aafb.png,43953,
https://sprayway-tpr.com/vnt_upload/product/08_2024/thumbs/224_thung.png,https://sprayway-tpr.com/cn/product/542/%E5%8E%BB%E6%B1%A1%E6%9E%AA.html,,,assets/0e98e1aa1b7cf4a7.png,62261,
https://sprayway-tpr.com/vnt_upload/File/Image/FINAL_NUOC_BAN_TAY_JJW_008.jpg,https://sprayway-tpr.com/vn/san-pham/542/nuoc%20ban%20tay.html,,,assets/35962fdf92f0f87b.jpg,3443485,
https://sprayway-tpr.com/vnt_upload/product/04_2018/thumbs/224_031_nap_trang.jpg,https://sprayway-tpr.com/cn/product/416/%E7%98%8B%E7%8B%82%E7%9A%84%E6%B8%85%E6%BD%94%E5%85%A8%E8%83%BD%E6%B8%85%E6%BD%94%E5%8A%91.html,,,assets/01c555b5584a5b4d.jpg,11192,
https://sprayway-tpr.com/vnt_upload/File/Image/sp031N_03.jpg,https://sprayway-tpr.com/vn/san-pham/416/crazy-clean-all-purpose-cleaner.html,,,assets/77e657aa21e4cf3e.jpg,191128,
https://sprayway-tpr.com/vnt_upload/product/09_2023/thumbs/224_PHanmay_web.jpg,https://sprayway-tpr.com/cn/product/541/phan-may.html,,,assets/e423083d290e1666.jpg,9860,
https://sprayway-tpr.com/vnt_upload/File/Image/Booth_4mx248m_Printweb.jpg,https://sprayway-tpr.com/cn/product/541/phan-may.html,,,assets/5eb2a8d088d6eee5.jpg,130557,
https://sprayway-tpr.com/vnt_upload/product/05_2018/thumbs/224_040_Duoi_Bright.png,https://sprayway-tpr.com/cn/product/451/040%E5%8F%B7%E5%B7%A5%E8%89%BA%E7%94%A8%E7%8E%BB%E7%92%83%E6%B8%85%E6%B4%81%E5%89%82.html,,,assets/90c32cb50e6c1532.png,42192,
https://sprayway-tpr.com/vnt_upload/product/10_2024/thumbs/224_828_website.png,https://sprayway-tpr.com/cn/product/564/chai_xit_828.html,,,assets/9675572bd8d69cf3.png,42637,
https://sprayway-tpr.com/vnt_upload/product/06_2018/thumbs/140_830tpr_new_ok.png,https://sprayway-tpr.com/cn/product/495/066-tpr-%E5%8F%B7%E9%9B%BE%E7%8A%B6%E5%96%B7%E8%83%B6.html,,,assets/9dcd73d2b69eccce.png,16010,
https://sprayway-tpr.com/vnt_upload/product/01_2023/thumbs/224_anc_pull_out_2.png,https://sprayway-tpr.com/cn/product/502/pull-out-2---chai-xit-tay-vet-dau-tren-vai.html,,,assets/bd7d80abd85f9aac.png,26547,
https://sprayway-tpr.com/vnt_upload/File/Image/plyer_anc_email_marketing_all_languar_thm_ecotex_01.jpg,https://sprayway-tpr.com/cn/product/503/pull-out-premium---chai-xit-tay-vet-dau-tren-vai.html,,,assets/7c088d41fed41509.jpg,1578224,
https://sprayway-tpr.com/vnt_upload/product/04_2023/thumbs/140_All_Product_ANC_Web_13.jpg,https://sprayway-tpr.com/vn/san-pham/May%20M%E1%BA%B7c-16.html?p=9,"ANCRD90 Chai xịt bôi trơn, chống rỉ cho máy móc và kim loại","ANCRD90 Chai xịt bôi trơn, chống rỉ cho máy móc và kim loại",assets/8f21c683b3152d9c.jpg,4623,
https://sprayway-tpr.com/vnt_upload/product/04_2023/thumbs/140_All_Product_ANC_Web_12.jpg,"https://sprayway-tpr.com/vn/san-pham/527/anc945-boi-tron-khung-in,-bang-in,-may-cat-vai,-chi-tiet-may-moc-va-cac-loai-may-cat-giay.html",,,assets/10f36004c41c8406.jpg,4438,
https://sprayway-tpr.com/vnt_upload/product/06_2015/thumbs/224_sw063.jpg,https://sprayway-tpr.com/vn/san-pham/433/c60-solvent-cleaner-degraser.html,,,assets/26e0ab883e94ea09.jpg,12386,
https://sprayway-tpr.com/vnt_upload/product/01_2023/thumbs/224_pull_out_premium_.png,https://sprayway-tpr.com/cn/product/503/pull-out-premium---chai-xit-tay-vet-dau-tren-vai.html,,,assets/b54c93c90e32ec6a.png,30268,
https://sprayway-tpr.com/vnt_upload/product/10_2016/thumbs/224_077.png,https://sprayway-tpr.com/cn/product/52/077%E5%8F%B7%E5%B7%A5%E4%B8%9A%E7%A1%85%E9%85%AE%E6%B6%A6%E6%BB%91%E5%89%82.html,,,assets/8c462b9e59d41d1c.png,41078,
https://sprayway-tpr.com/vnt_upload/product/09_2016/thumbs/224_sw082.jpg,https://sprayway-tpr.com/cn/product/316/082%E5%8F%B7%E8%96%84%E9%9B%BE%E7%BB%8F%E6%B5%8E%E5%96%B7%E8%83%B6.html,,,assets/d64c3e7e3bc38fb0.jpg,12527,
https://sprayway-tpr.com/vnt_upload/product/09_2016/thumbs/224_sw084.jpg,https://sprayway-tpr.com/cn/product/318/084%E5%8F%B7%E8%80%90%E9%AB%98%E6%B8%A9%E4%B8%9D%E7%BD%91%E5%8D%B0%E5%88%B7%E5%96%B7%E8%83%B6.html,,,assets/301708b7f12c6dee.jpg,12966,
https://sprayway-tpr.com/vnt_upload/product/05_2018/thumbs/224_822_TPR_nap_den.png,https://sprayway-tpr.com/cn/product/7/adhesive-activator.html,,,assets/12923f274ee76bfa.png,36112,
https://sprayway-tpr.com/vnt_upload/File/Image/icon_sp.gif,https://sprayway-tpr.com/cn/product/7/adhesive-activator.html,,,assets/b4260928e4e6b02a.gif,49,
https://sprayway-tpr.com/vnt_upload/product/01_2025/thumbs/224_ss945_2.png,"https://sprayway-tpr.com/cn/product/501/ss945---silicone-chuyen-dung-de-boi-tron-khung-in,-bang-in,-may-cat-vai,-chi-tiet-may-moc-va-cac-loai-may-cat-giay.html",,,assets/1ae878dea85c9366.png,38213,
https://sprayway-tpr.com/vnt_upload/File/Image/945SS_chai_xt_bi_trn_ng_c_my_ct_giy_my_ct_vi_21_03.jpg,https://sprayway-tpr.com/vn/san-pham/501/ss945.html,,,assets/4f3dd4223d8f1695.jpg,346213,
https://sprayway-tpr.com/vnt_upload/product/10_2015/thumbs/140_sw823_1.jpg,https://sprayway-tpr.com/vn/san-pham/brand/-1.html?p=9,823-TẨY BĂNG CHUYỀN MÁY ÉP CỔ ÁO,823-TẨY BĂNG CHUYỀN MÁY ÉP CỔ ÁO,assets/5545ca14461c20b1.jpg,5121,
https://sprayway-tpr.com/vnt_upload/product/11_2016/thumbs/140_946.jpg,https://sprayway-tpr.com/vn/san-pham/brand/-1.html?p=9,946-CHẤT BÔI TRƠN DẠNG SILICONE,946-CHẤT BÔI TRƠN DẠNG SILICONE,assets/922e37e330837135.jpg,5466,
https://sprayway-tpr.com/vnt_upload/product/spraywayinc/thumbs/140_sw206.jpg,https://sprayway-tpr.com/cn/product/brand/-1.html?p=5,206 号高品质胶片清洁剂,206 号高品质胶片清洁剂,assets/4236095efface133.jpg,6819,
https://sprayway-tpr.com/vnt_upload/product/08_2012/thumbs/140_sw208.jpg,https://sprayway-tpr.com/cn/product/brand/-1.html?p=5,208号颜色加深剂,208号颜色加深剂,assets/fcea62d6f1efe4ec.jpg,6623,
https://sprayway-tpr.com/vnt_upload/product/08_2012/thumbs/140_sw211.jpg,https://sprayway-tpr.com/cn/product/brand/-1.html?p=5,211号 丝网印刷胶速干喷剂,211号 丝网印刷胶速干喷剂,assets/6e56c5bef97d38a7.jpg,5525,
https://sprayway-tpr.com/vnt_upload/product/08_2012/thumbs/140_727.jpg,https://sprayway-tpr.com/cn/product/brand/-1.html?p=4,727号Flex-O 喷剂,727号Flex-O 喷剂,assets/cf09dac30a421f80.jpg,5372,
https://sprayway-tpr.com/vnt_upload/product/08_2012/thumbs/140_735.jpg,https://sprayway-tpr.com/cn/product/brand/-1.html?p=4,735号车体胶质保护剂,735号车体胶质保护剂,assets/c145cc6a6b847213.jpg,5613,
https://sprayway-tpr.com/vnt_upload/product/11_2024/thumbs/140_sw_753_nhe.png,https://sprayway-tpr.com/cn/product/brand/-1.html?p=4,753号汽车石蜡上光喷剂,753号汽车石蜡上光喷剂,assets/efcefd9d515b6353.png,20283,
https://sprayway-tpr.com/vnt_upload/product/08_2012/thumbs/140_758.jpg,https://sprayway-tpr.com/cn/product/brand/-1.html?p=4,758号工业级 DE-ICER,758号工业级 DE-ICER,assets/5f67829a4dc0b905.jpg,5140,
https://sprayway-tpr.com/vnt_upload/product/08_2012/thumbs/140_767.jpg,https://sprayway-tpr.com/en/product/brand/-1.html?p=4,767- Silicone Spray Low Viscosity,767- Silicone Spray Low Viscosity,assets/80c0a10b8f6c6940.jpg,4786,
https://sprayway-tpr.com/vnt_upload/product/09_2016/thumbs/140_SW813.jpg,https://sprayway-tpr.com/cn/product/brand/-1.html?p=4,813号口香糖去除喷胶,813号口香糖去除喷胶,assets/197ab7108af8e3f7.jpg,6625,
https://sprayway-tpr.com/vnt_upload/product/spraywayinc/thumbs/140_sw836.jpg,https://sprayway-tpr.com/cn/product/brand/-1.html?p=3,836号锯片松脂树胶清除剂,836号锯片松脂树胶清除剂,assets/dac6ce93b5e3398d.jpg,5691,
https://sprayway-tpr.com/vnt_upload/product/09_2016/thumbs/140_SW841.jpg,https://sprayway-tpr.com/cn/product/brand/-1.html?p=3,841号不锈钢抛光清洁剂,841号不锈钢抛光清洁剂,assets/8afe4aaabbf4ddd4.jpg,4644,
https://sprayway-tpr.com/vnt_upload/product/08_2012/thumbs/140_848.jpg,https://sprayway-tpr.com/cn/product/brand/-1.html?p=3,848号塑料清洁剂,848号塑料清洁剂,assets/149a3dee65406f9b.jpg,4466,
https://sprayway-tpr.com/vnt_upload/product/08_2012/thumbs/140_856.jpg,https://sprayway-tpr.com/cn/product/brand/-1.html?p=3,856号壁板清洁脱蜡剂,856号壁板清洁脱蜡剂,assets/a2f85f148215c2da.jpg,4388,
https://sprayway-tpr.com/vnt_upload/product/09_2016/thumbs/140_SW869.jpg,https://sprayway-tpr.com/cn/product/brand/-1.html?p=3,"869号泡沫型地毯,装饰织物清洗剂","869号泡沫型地毯,装饰织物清洗剂",assets/940d0ea1c31aa88e.jpg,5402,
https://sprayway-tpr.com/vnt_upload/product/08_2012/thumbs/140_875.jpg,https://sprayway-tpr.com/cn/product/brand/-1.html?p=3,875号地板清洗剂,875号地板清洗剂,assets/ea24d9f053de699f.jpg,4360,
https://sprayway-tpr.com/vnt_upload/product/09_2016/thumbs/140_SW879.jpg,https://sprayway-tpr.com/cn/product/brand/-1.html?p=3,879号地毯、装饰织物除污剂,879号地毯、装饰织物除污剂,assets/3e19eb7d76abc16a.jpg,4894,
https://sprayway-tpr.com/vnt_upload/product/09_2016/thumbs/140_SW880.jpg,https://sprayway-tpr.com/cn/product/brand/-1.html?p=3,880号涂鸦清洁剂,880号涂鸦清洁剂,assets/cc2ea0813e0fdf08.jpg,5688,
https://sprayway-tpr.com/vnt_upload/product/08_2012/thumbs/140_sw920_thumb.jpg,https://sprayway-tpr.com/cn/product/brand/-1.html?p=3,920号工业上光油,920号工业上光油,assets/e0bd98238b5a8aec.jpg,4942,
https://sprayway-tpr.com/vnt_upload/product/08_2012/thumbs/140_936.jpg,https://sprayway-tpr.com/cn/product/brand/-1.html?p=3,936号快速光亮剂,936号快速光亮剂,assets/3ac6bb76b1574eab.jpg,4820,
https://sprayway-tpr.com/vnt_upload/product/spraywayinc/thumbs/140_sw938.jpg,https://sprayway-tpr.com/cn/product/brand/-1.html?p=2,汽車護理非矽即時服務,汽車護理非矽即時服務,assets/b3c65eb3c8fe308b.jpg,5376,
https://sprayway-tpr.com/vnt_upload/product/11_2024/thumbs/140_950us.png,https://sprayway-tpr.com/cn/product/brand/-1.html?p=2,950号长效型油墨防结皮喷剂,950号长效型油墨防结皮喷剂,assets/2b66eeabe1ce5b2a.png,15165,
https://sprayway-tpr.com/vnt_upload/product/11_2014/thumbs/140_955.png,https://sprayway-tpr.com/cn/product/brand/-1.html?p=2,955号防静电喷剂,955号防静电喷剂,assets/e8f166b6240fef5e.png,10966,
https://sprayway-tpr.com/vnt_upload/product/11_2024/thumbs/140_957US.png,https://sprayway-tpr.com/cn/product/brand/-1.html?p=2,957号快速丝网透孔剂,957号快速丝网透孔剂,assets/83f0bc590b0e21d6.png,13976,
https://sprayway-tpr.com/vnt_upload/product/08_2012/thumbs/140_958.jpg,https://sprayway-tpr.com/cn/product/brand/-1.html?p=2,958号玻璃快速脱胶剂,958号玻璃快速脱胶剂,assets/9cd7194c274002e7.jpg,4924,
https://sprayway-tpr.com/vnt_upload/product/09_2016/thumbs/140_SW990.jpg,https://sprayway-tpr.com/cn/product/brand/-1.html?p=2,990号聚乙烯皮革清洗剂,990号聚乙烯皮革清洗剂,assets/181cb712cbef5362.jpg,6482,
https://sprayway-tpr.com/vnt_upload/product/08_2012/thumbs/140_sw106.jpg,https://sprayway-tpr.com/cn/product/brand/-1.html?p=2,106号桑微風咪錶空氣清新劑,106号桑微風咪錶空氣清新劑,assets/fc5602317aa7c373.jpg,6019,
https://sprayway-tpr.com/vnt_upload/product/11_2024/thumbs/140_032.png,https://sprayway-tpr.com/cn/product/brand/-1.html?p=2,032号水基通网喷剂,032号水基通网喷剂,assets/b7916484ef06f6c2.png,17093,
https://sprayway-tpr.com/vnt_upload/product/08_2012/thumbs/140_sw055_1.jpg,https://sprayway-tpr.com/cn/product/brand/-1.html?p=2,055号泡沫布料粘剂,055号泡沫布料粘剂,assets/4ca497ead71cf648.jpg,4827,
https://sprayway-tpr.com/vnt_upload/product/spraywayinc/thumbs/140_sw043.jpg,https://sprayway-tpr.com/vn/san-pham.html?p=5,043-CHẤT LAU KIẾNG ( CÓ CHỨA CHẤT AMMONIATE),043-CHẤT LAU KIẾNG ( CÓ CHỨA CHẤT AMMONIATE),assets/51456cfd711a5e94.jpg,5633,
https://sprayway-tpr.com/vnt_upload/product/06_2024/thumbs/140_050_1.jpg,https://sprayway-tpr.com/vn/san-pham.html?p=5,050-CHAI XỊT VỆ SINH KÍNH,050-CHAI XỊT VỆ SINH KÍNH,assets/325a63c214de21f2.jpg,5231,
https://sprayway-tpr.com/vnt_upload/product/08_2012/thumbs/140_sw087.jpg,https://sprayway-tpr.com/vn/san-pham.html?p=5,087-KEO DÁN PHUN SƯƠNG,087-KEO DÁN PHUN SƯƠNG,assets/467273f4cdbd9352.jpg,4715,
https://sprayway-tpr.com/vnt_upload/product/11_2024/thumbs/140_tpr831_nhe_1.png,https://sprayway-tpr.com/en/product/brand/-2.html?p=2,831 TPR-Spot Lifter (Fast Powder),831 TPR-Spot Lifter (Fast Powder),assets/fd9a1213f80b3f5e.png,16735,
https://sprayway-tpr.com/vnt_upload/product/06_2018/thumbs/140_099_TPR_1.png,https://sprayway-tpr.com/en/product/brand/-2.html?p=2,099 TPR Super Spray Adhesive,099 TPR Super Spray Adhesive,assets/4ac14d36edefc4c4.png,15532,
https://sprayway-tpr.com/vnt_upload/product/04_2023/thumbs/140_ss789ss.png,https://sprayway-tpr.com/vn/san-pham.html?p=6,Chai xịt tẩy bụi bẩn các mạch điện Sprayway Singapore SS789,Chai xịt tẩy bụi bẩn các mạch điện Sprayway Singapore SS789,assets/6eaff35d9abc9245.png,12744,
https://sprayway-tpr.com/vnt_upload/product/04_2023/thumbs/140_090_SS.png,https://sprayway-tpr.com/vn/san-pham.html?p=6,"Chai xịt bôi trơn, chống rỉ cho máy móc và kim loại Sprayway Singapore SSRD-90","Chai xịt bôi trơn, chống rỉ cho máy móc và kim loại Sprayway Singapore SSRD-90",assets/e204aff5e759e38b.png,17048,
https://sprayway-tpr.com/vnt_upload/product/04_2023/thumbs/140_823_SS.png,https://sprayway-tpr.com/vn/san-pham.html?p=6,Chai xịt tẩy băng chuyền máy ép cổ áo Sprayway Singapore SS823,Chai xịt tẩy băng chuyền máy ép cổ áo Sprayway Singapore SS823,assets/10640fb69c0e631f.png,14196,
https://sprayway-tpr.com/vnt_upload/product/04_2023/thumbs/140_63_china_SS.png,https://sprayway-tpr.com/vn/san-pham.html?p=6,"Chai xịt tẩy rửa các chất dầu mỡ, keo dán Sprayway Singapore SS63","Chai xịt tẩy rửa các chất dầu mỡ, keo dán Sprayway Singapore SS63",assets/717dd9210c549bd6.png,16987,
https://sprayway-tpr.com/vnt_upload/product/04_2023/thumbs/140_sungphun_04.png,https://sprayway-tpr.com/vn/san-pham.html?p=6,Súng Tẩy ECORZA S1,Súng Tẩy ECORZA S1,assets/e75a6650816fb760.png,16376,
https://sprayway-tpr.com/vnt_upload/product/04_2023/thumbs/140_All_Product_ANC_Web_11.jpg,https://sprayway-tpr.com/vn/san-pham/528/anc77-dau-silicone-boi-tron-dang-uot.html,,,assets/07d4a01b1a26cf15.jpg,4217,
https://sprayway-tpr.com/vnt_upload/product/01_2025/thumbs/140_USTPR831_PNG.png,https://sprayway-tpr.com/vn/san-pham/May%20M%E1%BA%B7c-16.html?p=11,Chai xịt tẩy dầu Spot Lifter US TPR831 (Nhanh khô),Chai xịt tẩy dầu Spot Lifter US TPR831 (Nhanh khô),assets/71192d98e295afc4.png,15215,
https://sprayway-tpr.com/vnt_upload/product/01_2025/thumbs/140_USTPR833_PNG.png,https://sprayway-tpr.com/vn/san-pham/May%20M%E1%BA%B7c-16.html?p=11,Chai xịt tẩy dầu Spot Lifter US TPR833,Chai xịt tẩy dầu Spot Lifter US TPR833,assets/f3d9e991b69bb9c9.png,14881,
https://sprayway-tpr.com/vnt_upload/product/01_2025/thumbs/140_US292_png.png,https://sprayway-tpr.com/vn/san-pham/May%20M%E1%BA%B7c-16.html?p=11,Chất bôi trơn Silicone Sprayway SW292,Chất bôi trơn Silicone Sprayway SW292,assets/ef1744920537da1e.png,16183,
https://sprayway-tpr.com/vnt_upload/product/01_2025/thumbs/140_US293_png.png,https://sprayway-tpr.com/vn/san-pham.html?p=8,Bình xịt vệ sinh làm sạch bo mạch điện Sprayway 293,Bình xịt vệ sinh làm sạch bo mạch điện Sprayway 293,assets/45b250e6b9ba70a1.png,17260,
https://sprayway-tpr.com/vnt_upload/product/01_2025/thumbs/140_LDH_XS_195.jpg,https://sprayway-tpr.com/vn/san-pham/May%20M%E1%BA%B7c-16.html?p=12,Kéo cắt cường lực inox LDH-XS195,Kéo cắt cường lực inox LDH-XS195,assets/1d663e06474808de.jpg,6617,
https://sprayway-tpr.com/vnt_upload/product/01_2025/thumbs/140_us991.png,https://sprayway-tpr.com/vn/san-pham.html?p=8,Bình xịt dưỡng ẫm và đánh bóng đồ da sprayway SW991,Bình xịt dưỡng ẫm và đánh bóng đồ da sprayway SW991,assets/2639935e6be411a0.png,20255,
https://sprayway-tpr.com/vnt_upload/product/06_2025/thumbs/140_SW830_3.png,https://sprayway-tpr.com/vn/san-pham/May%20M%E1%BA%B7c-16.html?p=14,"Chai xịt tẩy dầu trên vải SW 830 cho may mặc, thêu","Chai xịt tẩy dầu trên vải SW 830 cho may mặc, thêu",assets/f562bbdc11f9c658.png,16809,
https://sprayway-tpr.com/vnt_upload/product/06_2025/thumbs/140_SW831_1.png,https://sprayway-tpr.com/vn/san-pham/May%20M%E1%BA%B7c-16.html?p=14,Chai xịt tẩy dầu Spot Lifter SW 831 (Nhanh khô),Chai xịt tẩy dầu Spot Lifter SW 831 (Nhanh khô),assets/7e70dfe7c71e9b69.png,16585,
https://sprayway-tpr.com/vnt_upload/product/06_2025/thumbs/140_SW833.png,https://sprayway-tpr.com/cn/product/brand/may-mac-39.html,去油喷雾 SW 833（不含氯化物）,去油喷雾 SW 833（不含氯化物）,assets/09ba49d64aef45b5.png,16932,
https://sprayway-tpr.com/vnt_upload/video/thumbs/65_1491805654_1.jpg,https://sprayway-tpr.com/cn/video/detail/pull-out-premium-chai-xit-tay-vet-dau-tren-vai-hieu-qua-cao-68.html,,,assets/9ad35ab6436e4cac.jpg,1644,
https://sprayway-tpr.com/vnt_upload/video/thumbs/65_1481165464_1.png,https://sprayway-tpr.com/cn/video/detail/pull-out-premium-chai-xit-tay-vet-dau-tren-vai-hieu-qua-cao-68.html,,,assets/4a43f12e05662dde.png,2954,
https://sprayway-tpr.com/vnt_upload/video/thumbs/65_1481165403_1.png,https://sprayway-tpr.com/cn/video/detail/pull-out-premium-chai-xit-tay-vet-dau-tren-vai-hieu-qua-cao-68.html,,,assets/68fd96218076b44e.png,2954,
https://sprayway-tpr.com/vnt_upload/video/thumbs/65_1481165348_1.png,https://sprayway-tpr.com/cn/video/detail/pull-out-premium-chai-xit-tay-vet-dau-tren-vai-hieu-qua-cao-68.html,,,assets/ac4bff1d680a57dd.png,2954,
https://sprayway-tpr.com/vnt_upload/news/11_2020/special_event_5.jpg,https://sprayway-tpr.com/vn/news/print/50/vietbuild-home-2020---trien-lam-quoc-te-nha-o--trang-tri-noi-ngoai-that---do-dung-gia-dinh.html,,,assets/6eb4dc95bbbe3c9f.jpg,48477,
https://sprayway-tpr.com/vnt_upload/File/Image/Vietbuild_home_2020.jpg,https://sprayway-tpr.com/vn/news/print/50/vietbuild-home-2020---trien-lam-quoc-te-nha-o--trang-tri-noi-ngoai-that---do-dung-gia-dinh.html,,,assets/b48ef4f4a7df0306.jpg,135839,
https://sprayway-tpr.com/modules/news/images/icon_email.gif,"https://sprayway-tpr.com/vn/news/detail/bangladesh---trien-lam-quoc-te-cong-nghe,-nguyen-phu-lieu-va-dong-goi-nganh-may-2023-60.html",,,assets/4fac728d2b3b9b6d.gif,71,
https://sprayway-tpr.com/modules/news/images/icon_print.gif,"https://sprayway-tpr.com/vn/news/detail/bangladesh---trien-lam-quoc-te-cong-nghe,-nguyen-phu-lieu-va-dong-goi-nganh-may-2023-60.html",,,assets/81f6ca1d690ea272.gif,68,
https://sprayway-tpr.com/modules/news/images/icon_save.gif,"https://sprayway-tpr.com/vn/news/detail/bangladesh---trien-lam-quoc-te-cong-nghe,-nguyen-phu-lieu-va-dong-goi-nganh-may-2023-60.html",,,assets/8e9b57b6594ee749.gif,574,
https://sprayway-tpr.com/modules/news/images/icon_back.gif,"https://sprayway-tpr.com/vn/news/detail/bangladesh---trien-lam-quoc-te-cong-nghe,-nguyen-phu-lieu-va-dong-goi-nganh-may-2023-60.html",,,assets/08077754dec51916.gif,64,
https://sprayway-tpr.com/skins/default/images/thongbao.gif,https://sprayway-tpr.com/cn/news/detail/CTG%202017%20Cambodia%20Int&,,,assets/00573caa754b9502.gif,680,
https://sprayway-tpr.com/skins/default/images/loading.gif,https://sprayway-tpr.com/cn/news/detail/CTG%202017%20Cambodia%20Int&,,,assets/cd960fb10a239ae5.gif,1827,
https://sprayway-tpr.com/vnt_upload/File/Image/Capture_2.png,https://sprayway-tpr.com/cn/about/https://sprayway-tpr.com/vn/news/detail/catalogue-vtg-2024-73.html.html,,,assets/a64a7540455ac56e.png,853778,
https://sprayway-tpr.com/vnt_upload/File/Image/icon_about.gif,https://sprayway-tpr.com/vn/gioi-thieu/partners.html,,,assets/8b56353b30d9f81d.gif,59,
https://sprayway-tpr.com/vnt_upload/File/Image/img_about.jpg,https://sprayway-tpr.com/vn/gioi-thieu/partners.html,,,assets/e72640782d019f3f.jpg,54275,
https://sprayway-tpr.com/vnt_upload/product/01_2025/thumbs/140_ss945_1.png,https://sprayway-tpr.com/cn/product/240/811%E5%8F%B7%E5%AE%B6%E5%85%B7%E4%B8%8A%E5%85%89%E5%89%82.html,,,assets/b29ac8fd70b06f10.png,16424,
https://sprayway-tpr.com/vnt_upload/product/04_2018/thumbs/140_031.jpg,https://sprayway-tpr.com/cn/product/240/811%E5%8F%B7%E5%AE%B6%E5%85%B7%E4%B8%8A%E5%85%89%E5%89%82.html,,,assets/41f69541f92afa08.jpg,4265,
https://sprayway-tpr.com/vnt_upload/product/01_2025/thumbs/224_us_48.png,https://sprayway-tpr.com/cn/product/572/chaixitlaukinh048.html,,,assets/663ceaee8395fe7f.png,37290,
https://sprayway-tpr.com/vnt_upload/product/01_2025/thumbs/224_608_new.png,https://sprayway-tpr.com/cn/product/567/chaixit608.html,,,assets/80ce78a89f4afb64.png,41733,
https://sprayway-tpr.com/vnt_upload/product/10_2016/thumbs/224_066_US_new.png,https://sprayway-tpr.com/vn/san-pham/434/premium-mist-spray-adhesive.html,,,assets/ef37b0f7d025ca63.png,28406,
https://sprayway-tpr.com/vnt_upload/product/08_2012/thumbs/224_sw104.jpg,https://sprayway-tpr.com/cn/product/472/104%E5%8F%B7%E8%8D%B7%E5%85%B0%E8%8B%B9%E6%9E%9C%E7%A9%BA%E6%B0%94%E8%8A%B3%E9%A6%99%E5%89%82.html,,,assets/a7fd47619ea9c7df.jpg,13022,
https://sprayway-tpr.com/vnt_upload/product/09_2016/thumbs/224_sw092_2011.jpg,https://sprayway-tpr.com/cn/product/54/092%E5%8F%B7%E9%AB%98%E6%B8%A9%E5%BC%BA%E5%8A%9B%E5%96%B7%E8%83%B6.html,,,assets/0aed205a45288745.jpg,9172,
https://sprayway-tpr.com/vnt_upload/product/08_2012/thumbs/224_083.jpg,https://sprayway-tpr.com/cn/product/317/083%E5%8F%B7%E7%BD%91%E7%8A%B6%E5%96%B7%E8%83%B6.html,,,assets/cee497c14a6fe08e.jpg,9242,
https://sprayway-tpr.com/vnt_upload/product/08_2012/thumbs/224_sw085_1.jpg,https://sprayway-tpr.com/cn/product/421/085%E5%8F%B7%E7%BD%91%E7%8A%B6%E9%80%9A%E7%94%A8%E5%96%B7%E8%83%B6.html,,,assets/ad8e4802d6fc7c9e.jpg,8929,
https://sprayway-tpr.com/vnt_upload/product/08_2012/thumbs/224_089.jpg,https://sprayway-tpr.com/cn/product/425/089%E5%8F%B7%E5%BF%AB%E9%80%9F%E5%9B%BA%E5%AE%9A%E4%B8%93%E4%B8%9A%E5%96%B7%E8%83%B6.html,,,assets/f1b74434d4cc7e7c.jpg,7856,
https://sprayway-tpr.com/vnt_upload/product/11_2016/thumbs/224_SW88_16028_FRNT.png,https://sprayway-tpr.com/vn/san-pham/424/multi-purpose-spray-adhesive.html,,,assets/18a90fb74b3774d9.png,38413,
https://sprayway-tpr.com/vnt_upload/product/11_2016/thumbs/224_805.jpg,https://sprayway-tpr.com/cn/product/394/805%E5%8F%B7100%E5%9E%8B%E8%80%90%E7%81%AB%E5%8E%8B%E7%BC%A9%E6%B8%85%E6%B4%81%E5%96%B7%E6%B0%94.html,,,assets/209b1b88ff72bd6f.jpg,9951,
https://sprayway-tpr.com/vnt_upload/product/03_2024/thumbs/224_LDH_185_2.jpg,https://sprayway-tpr.com/cn/product/544/%E4%B8%8D%E9%94%88%E9%92%A2%E5%BC%BA%E5%8A%9B%E5%89%AA%E5%88%80%20LDH-XS185%2018.5cm.html,,,assets/4fc1de3772cfdbdd.jpg,13461,
https://sprayway-tpr.com/vnt_upload/File/Image/Moi/LDH_XS185_2.jpg,https://sprayway-tpr.com/cn/product/544/%E4%B8%8D%E9%94%88%E9%92%A2%E5%BC%BA%E5%8A%9B%E5%89%AA%E5%88%80%20LDH-XS185%2018.5cm.html,,,assets/7b98a643187c5b35.jpg,979876,
https://sprayway-tpr.com/vnt_upload/File/Image/Moi/LDH_185_2.jpg,https://sprayway-tpr.com/cn/product/544/%E4%B8%8D%E9%94%88%E9%92%A2%E5%BC%BA%E5%8A%9B%E5%89%AA%E5%88%80%20LDH-XS185%2018.5cm.html,,,assets/c923da18044538be.jpg,230155,
https://sprayway-tpr.com/vnt_upload/File/Image/Moi/LDH_185_3.jpg,https://sprayway-tpr.com/cn/product/544/%E4%B8%8D%E9%94%88%E9%92%A2%E5%BC%BA%E5%8A%9B%E5%89%AA%E5%88%80%20LDH-XS185%2018.5cm.html,,,assets/179bc3436e97aea7.jpg,127341,
https://sprayway-tpr.com/vnt_upload/product/01_2025/thumbs/140_SF_120.png,https://sprayway-tpr.com/vn/san-pham/May%20M%E1%BA%B7c-16.html?p=13,SÚNG BẮN TẨY SF-120,SÚNG BẮN TẨY SF-120,assets/c347820a56e22710.png,18079,
https://sprayway-tpr.com/vnt_upload/product/01_2025/thumbs/140_KINGMU_180C.png,https://sprayway-tpr.com/vn/san-pham/May%20M%E1%BA%B7c-16.html?p=14,SÚNG BẮN TẨY KINGMU-180C,SÚNG BẮN TẨY KINGMU-180C,assets/2498ac39eaa8d512.png,19198,
https://sprayway-tpr.com/vnt_upload/product/11_2016/thumbs/224_CL961_Can_New.png,https://sprayway-tpr.com/cn/product/16/961%E5%8F%B7HOIL%E6%B8%97%E9%80%8F%E9%98%B2%E9%94%88%E5%89%82.html,,,assets/efa83ed845ca4f99.png,35963,
https://sprayway-tpr.com/vnt_upload/File/Image/Poster961_web.jpg,https://sprayway-tpr.com/vn/san-pham/16/hoil-penetrating-oil---rust-preventative.html,,,assets/776605d9650d086e.jpg,213273,
https://sprayway-tpr.com/vnt_upload/product/11_2024/thumbs/224_190_chai_xit_khu_mui.png,https://sprayway-tpr.com/cn/product/426/190%E5%8F%B7%E5%BC%82%E5%91%B3%E6%B8%85%E9%99%A4%E5%89%82.html,,,assets/764ea37ea30ceaaa.png,37448,
https://sprayway-tpr.com/vnt_upload/product/09_2016/thumbs/224_SW_003R_Bed_Bug.jpg,https://sprayway-tpr.com/cn/product/480/003%E5%8F%B7%E4%B8%93%E4%B8%9A%E9%99%A4%E8%9E%A8%E8%99%AB%E5%96%B7%E5%89%82.html,,,assets/3529ac99575af4e7.jpg,11225,
https://sprayway-tpr.com/vnt_upload/product/07_2018/thumbs/224_sw715.jpg,https://sprayway-tpr.com/cn/product/57/715%E5%8F%B7%E5%B7%A5%E4%B8%9A%E6%9E%81%E7%99%BD%E9%94%82%E6%B2%B9%E6%B6%A6%E6%BB%91%E5%89%82.html,,,assets/165479b83f1f9755.jpg,10196,
https://sprayway-tpr.com/vnt_upload/product/07_2018/thumbs/224_sw719.jpg,https://sprayway-tpr.com/cn/product/405/719%E5%8F%B7%E5%9E%AB%E5%9C%88%E6%8B%86%E5%8D%B8%E5%89%82.html,,,assets/9354863027273b81.jpg,10813,
https://sprayway-tpr.com/vnt_upload/product/08_2012/thumbs/224_725.jpg,https://sprayway-tpr.com/cn/product/406/725%E5%8F%B7%E5%B7%A5%E4%B8%9A%E7%84%8A%E6%9C%BA%E9%98%B2%E6%BA%85%E5%96%B7%E5%89%82.html,,,assets/5149467a6b28ae8b.jpg,9198,
https://sprayway-tpr.com/vnt_upload/product/09_2016/thumbs/224_SW161.jpg,https://sprayway-tpr.com/cn/product/473/161%E5%8F%B7%E8%8B%B9%E6%9E%9C%E8%8A%B1%E5%B9%B2%E7%A9%BA%E6%B0%94%E5%92%8C%E7%BB%87%E7%89%A9%E9%99%A4%E8%87%AD%E5%89%82.html,,,assets/a25e8beb6f6f6861.jpg,10123,
https://sprayway-tpr.com/vnt_upload/product/11_2024/thumbs/224_spw162w.jpg,https://sprayway-tpr.com/cn/product/474/162%E5%8F%B7%E6%A1%82%E9%A6%99%E6%B8%85%E6%96%B0%E5%89%82.html,,,assets/611cae5821354af2.jpg,10646,
https://sprayway-tpr.com/vnt_upload/product/09_2016/thumbs/224_SW165.jpg,https://sprayway-tpr.com/cn/product/475/165%E5%8F%B7%E7%83%AD%E5%B8%A6%E6%B0%B4%E6%9E%9C%E6%B8%85%E6%96%B0%E5%89%82.html,,,assets/582003744fe5edf6.jpg,10526,
https://sprayway-tpr.com/vnt_upload/product/09_2016/thumbs/224_SW167.jpg,https://sprayway-tpr.com/cn/product/476/167%E5%8F%B7%E5%A9%B4%E5%84%BF%E7%88%BD%E8%BA%AB%E7%B2%89%E6%B8%85%E6%96%B0%E5%89%82.html,,,assets/3013162e95818b58.jpg,9606,
https://sprayway-tpr.com/vnt_upload/product/08_2012/thumbs/224_sw563.jpg,https://sprayway-tpr.com/cn/product/404/563%E5%8F%B7%E6%B1%BD%E8%BB%8A%E5%8C%96%E6%B2%B9%E5%99%A8%E5%8F%8A%E6%89%BC%E6%B5%81%E5%9C%88%E6%B8%85%E6%BD%94.html,,,assets/b7a7f1d130ea01d5.jpg,10401,
https://sprayway-tpr.com/vnt_upload/product/08_2012/thumbs/224_sw110.jpg,https://sprayway-tpr.com/cn/product/229/110%E5%8F%B7%E6%B8%85%E6%96%B0%E7%BB%87%E5%B8%83%E7%A9%BA%E6%B0%94%E8%8A%B3%E9%A6%99%E5%89%82.html,,,assets/5aac46ec586b1640.jpg,13319,
https://sprayway-tpr.com/vnt_upload/product/08_2012/thumbs/224_sw116.jpg,https://sprayway-tpr.com/cn/product/231/%E5%A5%87%E5%A6%99%E7%9A%84%E8%8A%92%E6%9E%9C%E5%92%AA%E9%8C%B6%E7%A9%BA%E6%B0%A3%E6%B8%85%E6%96%B0%E5%8A%91.html,,,assets/2aba12b7ae8ab588.jpg,13857,
https://sprayway-tpr.com/vnt_upload/product/09_2016/thumbs/224_SW508.jpg,https://sprayway-tpr.com/cn/product/236/508%E5%8F%B7%E7%B9%94%E7%89%A9%E6%B8%85%E6%BD%94%E5%8A%91.html,,,assets/d802c091347f0fb1.jpg,11502,
https://sprayway-tpr.com/vnt_upload/product/09_2016/thumbs/224_SW558.jpg,https://sprayway-tpr.com/cn/product/237/558%E5%8F%B7%E7%B9%94%E7%89%A9%E6%B8%85%E6%BD%94%E5%8A%91.html,,,assets/898104d15b6e9bc3.jpg,11531,
https://sprayway-tpr.com/vnt_upload/product/08_2012/thumbs/224_sw575.jpg,https://sprayway-tpr.com/cn/product/238/%E6%B8%85%E6%BD%94%E5%BE%AE%E9%A2%A8%E7%A9%BA%E6%B0%A3%E6%B8%85%E6%96%B0%E5%8A%91.html,,,assets/46e26dafd6905288.jpg,10247,
https://sprayway-tpr.com/vnt_upload/product/11_2024/thumbs/224_Chai_tay_rua_vet_ban_tren_tham_Sprayway_676_1.png,https://sprayway-tpr.com/cn/product/88/676%E5%8F%B7%E5%8A%A0%E5%BC%BA%E5%9E%8B%E5%9C%B0%E6%AF%AF%E5%8E%BB%E6%B1%A1%E5%89%82.html,,,assets/60dbacd8402f93a5.png,34549,
https://sprayway-tpr.com/vnt_upload/product/11_2016/thumbs/224_945_US_CF.jpg,https://sprayway-tpr.com/cn/product/272/945%E5%8F%B7%E5%B9%B2%E6%BB%91%E7%A1%85%E9%85%AE%E5%96%B7%E5%89%82.html,,,assets/0f691612d6a126cb.jpg,12346,
https://sprayway-tpr.com/vnt_upload/File/Image/945tpr_20130909.jpg,https://sprayway-tpr.com/vn/san-pham/272/silicone-spray.html,,,assets/9b65dfdeb63d095a.jpg,218729,
https://sprayway-tpr.com/vnt_upload/product/08_2012/thumbs/224_731.jpg,https://sprayway-tpr.com/cn/product/407/731%E5%8F%B7%E6%B1%BD%E8%BD%A6%E6%8A%A4%E7%90%86%E9%A6%99%E6%B3%A2%E5%86%85%E9%83%A8%E6%B8%85%E6%B4%97%E5%89%82.html,,,assets/252478fd7e09be60.jpg,8002,
https://sprayway-tpr.com/vnt_upload/product/06_2024/thumbs/224_821_1_1.jpg,https://sprayway-tpr.com/cn/product/338/821%E5%8F%B7%E9%98%B2%E6%AF%9B%E8%BE%B9%E5%96%B7%E5%89%82.html,,,assets/23d3dd6d63757746.jpg,12378,
https://sprayway-tpr.com/vnt_upload/product/03_2024/thumbs/224_LDH_X1_1.jpg,https://sprayway-tpr.com/cn/product/546/%E5%B7%A5%E4%B8%9A%E5%89%AA%E5%88%8020.1cm%20LDH-X1.html,,,assets/baf625b5ef6321bb.jpg,11911,
https://sprayway-tpr.com/vnt_upload/File/Image/Moi/LDH_X1_1.jpg,https://sprayway-tpr.com/cn/product/546/%E5%B7%A5%E4%B8%9A%E5%89%AA%E5%88%8020.1cm%20LDH-X1.html,,,assets/3cbdd7f37fbe7b64.jpg,1305617,
https://sprayway-tpr.com/vnt_upload/product/09_2016/thumbs/224_SW209.jpg,https://sprayway-tpr.com/cn/product/429/209%E5%8F%B7%E9%95%9C%E7%BC%98%E5%AF%86%E5%B0%81%E5%89%82.html,,,assets/507d56e048edb171.jpg,12230,
https://sprayway-tpr.com/vnt_upload/product/11_2016/thumbs/224_822us.png,https://sprayway-tpr.com/cn/product/431/fast-track-adhesive.html,,,assets/a75cb9a54fedfe2c.png,34930,
https://sprayway-tpr.com/vnt_upload/product/03_2024/thumbs/224_LDH_G8.jpg,https://sprayway-tpr.com/cn/product/549/8%E8%8B%B1%E5%AF%B8%E9%AB%98%E5%93%81%E8%B4%A8%E5%B8%83%E6%96%99%E5%89%AA%E5%88%80%20LDH-G08.html,,,assets/43dc355009b2f90c.jpg,8627,
https://sprayway-tpr.com/vnt_upload/File/Image/Moi/LDH_G8.jpg,https://sprayway-tpr.com/cn/product/549/8%E8%8B%B1%E5%AF%B8%E9%AB%98%E5%93%81%E8%B4%A8%E5%B8%83%E6%96%99%E5%89%AA%E5%88%80%20LDH-G08.html,,,assets/4ded3db2a69a30e2.jpg,271369,
https://sprayway-tpr.com/vnt_upload/product/03_2024/thumbs/224_LDH_G9.jpg,https://sprayway-tpr.com/cn/product/550/9%E8%8B%B1%E5%AF%B8%E9%AB%98%E5%93%81%E8%B4%A8%E5%B8%83%E6%96%99%E5%89%AA%E5%88%80%20LDH-G09.html,,,assets/1e74d33982d5347b.jpg,11593,
https://sprayway-tpr.com/vnt_upload/File/Image/Moi/LDH_G9_3.jpg,https://sprayway-tpr.com/cn/product/550/9%E8%8B%B1%E5%AF%B8%E9%AB%98%E5%93%81%E8%B4%A8%E5%B8%83%E6%96%99%E5%89%AA%E5%88%80%20LDH-G09.html,,,assets/c9834ca4bb7eec22.jpg,935313,
https://sprayway-tpr.com/vnt_upload/File/Image/Moi/LDH_G9.jpg,https://sprayway-tpr.com/cn/product/550/9%E8%8B%B1%E5%AF%B8%E9%AB%98%E5%93%81%E8%B4%A8%E5%B8%83%E6%96%99%E5%89%AA%E5%88%80%20LDH-G09.html,,,assets/80b530908b17d074.jpg,201029,
https://sprayway-tpr.com/vnt_upload/File/Image/Moi/LDH_G9_2.jpg,https://sprayway-tpr.com/cn/product/550/9%E8%8B%B1%E5%AF%B8%E9%AB%98%E5%93%81%E8%B4%A8%E5%B8%83%E6%96%99%E5%89%AA%E5%88%80%20LDH-G09.html,,,assets/32adeeb6dfce50bc.jpg,211726,
https://sprayway-tpr.com/vnt_upload/product/03_2024/thumbs/224_LDH_X3_2.jpg,https://sprayway-tpr.com/cn/product/548/%E5%B7%A5%E4%B8%9A%E5%89%AA%E5%88%80%2017cm%20LDH-X3.html,,,assets/b605907f102f5a01.jpg,11928,
https://sprayway-tpr.com/vnt_upload/File/Image/Moi/LDH_X3_2.jpg,https://sprayway-tpr.com/cn/product/548/%E5%B7%A5%E4%B8%9A%E5%89%AA%E5%88%80%2017cm%20LDH-X3.html,,,assets/fec83bceb7963672.jpg,1306587,
https://sprayway-tpr.com/vnt_upload/product/11_2016/thumbs/224_789.png,https://sprayway-tpr.com/cn/product/478/789%E5%8F%B7%E7%B2%BE%E5%AF%86%E7%94%B5%E8%A7%A6%E7%82%B9%E6%B8%85%E6%B4%81%E5%89%82.html,,,assets/0c2af258d3ca3c4e.png,41765,
https://sprayway-tpr.com/vnt_upload/product/09_2016/thumbs/224_SW201.jpg,https://sprayway-tpr.com/cn/product/427/201%E5%8F%B7%E5%A1%91%E6%96%99%E5%96%B7%E5%89%82%EF%BC%88%E6%B8%85%E6%99%B0%E5%AE%9A%E8%89%B2).html,,,assets/df62604be583b7af.jpg,11794,
https://sprayway-tpr.com/vnt_upload/product/09_2016/thumbs/224_SW811.jpg,https://sprayway-tpr.com/cn/product/240/811%E5%8F%B7%E5%AE%B6%E5%85%B7%E4%B8%8A%E5%85%89%E5%89%82.html,,,assets/8ca7203bfcd2ca33.jpg,11336,
https://sprayway-tpr.com/vnt_upload/product/06_2018/thumbs/140_822_TPR_nap_den.png,https://sprayway-tpr.com/cn/product/498/%E5%8F%B7%E5%8E%BB%E6%B2%B9%E5%96%B7%E5%89%82%EF%BC%88%E5%B7%A5%E4%B8%9A%E7%94%A8%E9%80%94%EF%BC%89.html,,,assets/a54571e672b23a22.png,14850,
https://sprayway-tpr.com/vnt_upload/product/06_2018/thumbs/140_088_nhe.jpg,https://sprayway-tpr.com/cn/main.html?p=6,088 TPR-号多功能喷胶,088 TPR-号多功能喷胶,assets/07b8a3890b5c62a2.jpg,4537,
https://sprayway-tpr.com/vnt_upload/product/06_2018/thumbs/140_066_TPR_ok.png,https://sprayway-tpr.com/cn/main.html?p=6,066 TPR-号雾状喷胶,066 TPR-号雾状喷胶,assets/8f1c5db63e42ff09.png,19263,
https://sprayway-tpr.com/vnt_upload/product/04_2026/thumbs/224_TPR_1088.png,https://sprayway-tpr.com/cn/product/608/may-cat-chi-thong-minh-tpr-1088.html,,,assets/13a81209010ebb3e.png,26292,
https://sprayway-tpr.com/vnt_upload/File/Image/TPR_1288_tpr_1088___.png,https://sprayway-tpr.com/cn/product/608/may-cat-chi-thong-minh-tpr-1088.html,,,assets/d11b710cbbea6e1a.png,1569555,
https://sprayway-tpr.com/vnt_upload/product/03_2025/thumbs/224_ZS_1188.png,https://sprayway-tpr.com/cn/product/603/%E5%90%B8%E5%B0%98%E8%AE%BE%E5%A4%87_tpr1488.html,,,assets/a44fe79511b0a8b4.png,22764,
https://sprayway-tpr.com/vnt_upload/File/Image/flyer_TPR_1488_01.jpg,"https://sprayway-tpr.com/vn/san-pham/603/D%E1%BB%A4NG%20C%E1%BB%A4%20H%C3%9AT%20V%E1%BA%A2I%20V%E1%BB%A4N,%20CH%E1%BB%88%20TH%E1%BB%AAA%20M%C3%81Y%20MAY%20TPR-1488.html",,,assets/5739592f6db2aa5b.jpg,900097,
https://sprayway-tpr.com/vnt_upload/product/05_2025/thumbs/224_TPR_1688_website.jpg,https://sprayway-tpr.com/cn/product/602/%E5%89%AA%E7%BA%BF%E6%9C%BA_tpr1688.html,,,assets/d704cf61dc551298.jpg,6993,
https://sprayway-tpr.com/vnt_upload/File/Image/flyer_TPR_1688_01_4.jpg,https://sprayway-tpr.com/en/product/602/thread_trimmer_machine%20_TPR1688.html,,,assets/a0187841ed07d534.jpg,12517128,
https://sprayway-tpr.com/vnt_upload/product/03_2025/thumbs/224_TPR1388sua.png,https://sprayway-tpr.com/cn/product/601/%E5%89%AA%E7%BA%BF%E6%9C%BA_tpr1388.html,,,assets/883b46b9af530fe1.png,36577,
https://sprayway-tpr.com/vnt_upload/File/Image/FLYER_TPR_1388_01.jpg,https://sprayway-tpr.com/vn/san-pham/601/may_cat_chi_thong_minh_tpr1388.html,,,assets/f84747ade782019b.jpg,5755715,
https://sprayway-tpr.com/vnt_upload/product/01_2025/thumbs/224_USTPR830.png,https://sprayway-tpr.com/cn/product/570/chaixitmy830.html,,,assets/14d4c8220eabc766.png,33817,
https://sprayway-tpr.com/vnt_upload/product/01_2025/thumbs/224_tpr_63.jpg,https://sprayway-tpr.com/cn/product/568/tpr063.html,,,assets/a6cef4fd460e09f7.jpg,12701,
https://sprayway-tpr.com/vnt_upload/product/01_2025/thumbs/224_tpr945.png,https://sprayway-tpr.com/cn/product/500/%E5%8F%B7%E5%B9%B2%E6%BB%91%E7%A1%85%E9%85%AE%E5%96%B7%E5%89%82.html,,,assets/608ec712767237a0.png,35652,
https://sprayway-tpr.com/vnt_upload/product/11_2024/thumbs/224_tpr833_nhe.png,https://sprayway-tpr.com/cn/product/499/%E5%8F%B7%E6%B2%B9%E6%B1%A1%E5%B9%B2%E6%B4%97%E5%89%82(%E6%97%A0%E6%B0%AF%E5%8C%96%E9%85%8D%E6%96%B9).html,,,assets/1d1f98270ad3f058.png,31018,
https://sprayway-tpr.com/vnt_upload/product/06_2018/thumbs/224_TPR823_nhe_1.png,https://sprayway-tpr.com/vn/san-pham/494/823-tpr-tay-bang-chuyen-may-ep-co-ao.html,,,assets/06423defa656e3f3.png,34021,
https://sprayway-tpr.com/vnt_upload/product/06_2018/thumbs/224_TPR821_nhe.jpg,https://sprayway-tpr.com/vn/san-pham/492/821-tpr-keo-xit-chong-tua-mep-vai.html,,,assets/f65084e1519426ac.jpg,7478,
https://sprayway-tpr.com/vnt_upload/product/05_2018/thumbs/224_063_TPR_new.jpg,https://sprayway-tpr.com/vn/san-pham/488/063-tpr-chai-xit-tay-rua-chat-dau-mo.html,,,assets/b6188a69fc4b9442.jpg,12912,
https://sprayway-tpr.com/vnt_upload/product/06_2018/thumbs/224_084_TPR_nap_den.png,https://sprayway-tpr.com/vn/san-pham/490/084-tpr-keo-xit-dinh-vi-vai-khi-in-lua(chieu-nhiet-cao).html,,,assets/55e5bd3ce113d424.png,41463,
https://sprayway-tpr.com/vnt_upload/product/03_2025/thumbs/224_SS811.png,https://sprayway-tpr.com/vn/san-pham/597/chai-xit-ve-sinh-do-go-ss811.html,,,assets/3ab8e9d6ed53cdfe.png,42821,
https://sprayway-tpr.com/vnt_upload/product/04_2023/thumbs/224_031SS_China.jpg,https://sprayway-tpr.com/vn/san-pham/512/chai-xit-tay-da-nang-sprayway-singapore-31.html,,,assets/6d2e48900ff6a8fc.jpg,11287,
https://sprayway-tpr.com/vnt_upload/product/04_2023/thumbs/224_831_sss.png,https://sprayway-tpr.com/vn/san-pham/510/chai-xit-tay-dau-tren-vai-sprayway-singapore-ss831-nhanh-kho.html,,,assets/47b09f7437f1445b.png,37110,
https://sprayway-tpr.com/vnt_upload/product/11_2024/thumbs/224_ss833_nhe.png,https://sprayway-tpr.com/vn/san-pham/505/chai-xit-tay-vet-dau-tren-vai-sprayway-singapore-ss833.html,,,assets/e35f97f5884e8b3a.png,32814,
https://sprayway-tpr.com/vnt_upload/File/Image/Poster_SaigonTex_2023_chai_xit_tay_dau_01.jpg,https://sprayway-tpr.com/vn/san-pham/505/chai-xit-tay-vet-dau-tren-vai-sprayway-singapore-ss833.html,,,assets/0893e61119a7d7e8.jpg,414762,
https://sprayway-tpr.com/vnt_upload/product/04_2023/thumbs/224_830_ss.png,https://sprayway-tpr.com/vn/san-pham/511/chai-xit-tay-vet-dau-tren-vai-sprayway-singapore-ss833-hieu-qua-cao.html,,,assets/bea448bb237e7436.png,33479,
https://sprayway-tpr.com/vnt_upload/product/04_2023/thumbs/224_077_SS.png,https://sprayway-tpr.com/vn/san-pham/525/ss77-dau-silicone-boi-tron-dang-uot.html,,,assets/65bd6a48d36e8a8d.png,36468,
https://sprayway-tpr.com/vnt_upload/product/04_2023/thumbs/224_099_SS.png,https://sprayway-tpr.com/vn/san-pham/524/ss99-keo-xit-da-nang.html,,,assets/baa11e6ee7307862.png,31334,
https://sprayway-tpr.com/vnt_upload/product/04_2023/thumbs/224_822_ss.png,https://sprayway-tpr.com/vn/san-pham/523/ss822-keo-dan-dinh-vi.html,,,assets/8b562f3912535e89.png,33279,
https://sprayway-tpr.com/vnt_upload/product/04_2023/thumbs/224_All_Product_ANC_Web_05.jpg,https://sprayway-tpr.com/vn/san-pham/537/anc821-keo-xit-chong-tua-mep-vai.html,,,assets/5f8d45e04feb5c79.jpg,7689,
https://sprayway-tpr.com/vnt_upload/product/04_2023/thumbs/224_All_Product_ANC_Web_04.jpg,https://sprayway-tpr.com/vn/san-pham/536/anc823-chai-xit-tay-bang-chuyen-may-ep-co-ao.html,,,assets/dc9be6eeb8c5fd49.jpg,7896,
https://sprayway-tpr.com/vnt_upload/product/04_2023/thumbs/224_All_Product_ANC_Web_03.jpg,"https://sprayway-tpr.com/vn/san-pham/535/anc63-chai-xit-tay-rua-cac-chat-dau-mo,-keo-dan-.html",,,assets/9e5e56cdf0df46cf.jpg,8323,
https://sprayway-tpr.com/vnt_upload/product/04_2023/thumbs/224_All_Product_ANC_Web_06.jpg,https://sprayway-tpr.com/vn/san-pham/534/anc66-keo-xit-dang-phun-suong.html,,,assets/f72fbb3a33dcb3d7.jpg,9003,
https://sprayway-tpr.com/vnt_upload/product/04_2023/thumbs/224_All_Product_ANC_Web_07.jpg,https://sprayway-tpr.com/vn/san-pham/533/anc82-keo-xit-dang-phun-suong-dung-trong-in-vai.html,,,assets/4b47667c0facc4b2.jpg,9569,
https://sprayway-tpr.com/vnt_upload/product/04_2023/thumbs/224_All_Product_ANC_Web_08.jpg,https://sprayway-tpr.com/vn/san-pham/532/anc84-keo-xit-dinh-vi-vai-khi-in-lua-(chieu-nhiet-cao).html,,,assets/c68ddde73a3a9bb3.jpg,9260,
https://sprayway-tpr.com/vnt_upload/product/04_2023/thumbs/224_All_Product_ANC_Web_09.jpg,https://sprayway-tpr.com/vn/san-pham/531/anc88-keo-xit-da-nang.html,,,assets/6dd096b09fea1b6a.jpg,8690,
https://sprayway-tpr.com/vnt_upload/product/04_2023/thumbs/224_All_Product_ANC_Web_10.jpg,https://sprayway-tpr.com/vn/san-pham/530/anc99-keo-xit-da-nang.html,,,assets/77d621810c52af42.jpg,8244,
https://sprayway-tpr.com/vnt_upload/product/04_2023/thumbs/224_All_Product_ANC_Web_02.jpg,https://sprayway-tpr.com/vn/san-pham/526/anc31-chai-xit-tay-da-nang.html,,,assets/f614d74a073e80f1.jpg,10018,
https://sprayway-tpr.com/vnt_upload/product/08_2025/thumbs/224_lsv_20_.png,https://sprayway-tpr.com/vn/san-pham/607/rarosalsv20.html,,,assets/5da5ff3e2097c8b6.png,49021,
https://sprayway-tpr.com/vnt_upload/product/05_2024/thumbs/224_z5446511988511_7ce66a337171b9d2eb9c0ddb275409f2_1.jpg,https://sprayway-tpr.com/vn/san-pham/563/rarosa-r4.html,,,assets/bcff971b325c0982.jpg,7347,
https://sprayway-tpr.com/vnt_upload/File/Image/sp/Huong_dan_su_dung_600.jpg,https://sprayway-tpr.com/vn/san-pham/563/rarosa-r4.html,,,assets/d86e504aa05b123a.jpg,65796,
https://sprayway-tpr.com/vnt_upload/product/05_2024/thumbs/224_z5446511988566_58f4d1eef5383d9948a31fb6bfa554ec_1.jpg,https://sprayway-tpr.com/vn/san-pham/562/rarosa-r3.html,,,assets/9077ccae15f00113.jpg,8369,
https://sprayway-tpr.com/vnt_upload/File/Image/sp/Huong_dan_su_dung.jpg,https://sprayway-tpr.com/vn/san-pham/561/rarosa-r2.html,,,assets/48497a51ccd278f2.jpg,225974,
https://sprayway-tpr.com/vnt_upload/product/05_2024/thumbs/224_z5446512006700_7d03727988627da5c1bffe8d756d5420.jpg,https://sprayway-tpr.com/vn/san-pham/561/rarosa-r2.html,,,assets/d9ec074402865daa.jpg,7708,
https://sprayway-tpr.com/vnt_upload/product/05_2024/thumbs/224_z5446512006702_c6aa02514bdea6bd3ffaf3f9fb019395.jpg,https://sprayway-tpr.com/vn/san-pham/560/rarosa-r1.html,,,assets/88b868c61125d644.jpg,7688,
https://sprayway-tpr.com/vnt_upload/File/Image/sp/Huong_dan_su_dung1.jpg,https://sprayway-tpr.com/vn/san-pham/560/rarosa-r1.html,,,assets/95cbf0b300d164ac.jpg,173241,
https://sprayway-tpr.com/vnt_upload/product/04_2023/thumbs/224_May_RAROSA_RS222_CHINESE_03.png,https://sprayway-tpr.com/vn/san-pham/513/may-tay-vet-ban-rarosa-rs222.html,,,assets/6baca32023585379.png,28671,
https://sprayway-tpr.com/vnt_upload/File/Image/TOROI_RAROSA_2025.jpg,https://sprayway-tpr.com/vn/san-pham/513/may-tay-vet-ban-rarosa-rs222.html,,,assets/b376eeae72c05526.jpg,2804166,
https://sprayway-tpr.com/vnt_upload/product/04_2023/thumbs/224_TOROI_RAROSA_02_Recovered_02.jpg,https://sprayway-tpr.com/vn/san-pham/517/sung-tay-sieu-thanh-rc15.html,,,assets/a9cfd1a079498424.jpg,8775,
https://sprayway-tpr.com/vnt_upload/File/Image/TOROI_RAROSA_02_01.jpg,"https://sprayway-tpr.com/vn/san-pham/515/dung-moi-r1,r2,r3,r4.html",,,assets/62a155806511bfe6.jpg,970736,
https://sprayway-tpr.com/vnt_upload/product/04_2023/thumbs/224_ak35_05.png,https://sprayway-tpr.com/vn/san-pham/516/dung-moi-ak35.html,,,assets/8a3e15bedfcd5406.png,37087,
https://sprayway-tpr.com/vnt_upload/File/Image/ak35_01.jpg,https://sprayway-tpr.com/vn/san-pham/516/dung-moi-ak35.html,,,assets/091d4c2e4ef8bc8a.jpg,891083,
https://sprayway-tpr.com/vnt_upload/product/04_2023/thumbs/224_TOROI_RAROSA_02_02.jpg,"https://sprayway-tpr.com/vn/san-pham/515/dung-moi-r1,r2,r3,r4.html",,,assets/183e4658a8142af9.jpg,9244,
https://sprayway-tpr.com/vnt_upload/File/Image/Rset_STVN_Chinese_01.jpg,"https://sprayway-tpr.com/vn/san-pham/515/dung-moi-r1,r2,r3,r4.html",,,assets/3108847c2ad2e169.jpg,471956,
https://sprayway-tpr.com/vnt_upload/product/03_2024/thumbs/224_RabbitChalk_Paraffin.jpg,https://sprayway-tpr.com/cn/product/558/rabbitchalk-%E7%9F%B3%E8%9C%A1%E7%B2%89%E7%AC%94.html,,,assets/1f8cf53b253db42b.jpg,9348,
https://sprayway-tpr.com/vnt_upload/product/03_2024/thumbs/224_RabbitChalk_Powder.jpg,https://sprayway-tpr.com/cn/product/559/rabbitchalk-%E7%B2%89%E6%9C%AB%E7%B2%89%E7%AC%94.html,,,assets/9198eeac8adee1b1.jpg,8637,
https://sprayway-tpr.com/vnt_upload/product/03_2024/thumbs/224_RabbitChalk_Pen_Air__Water.jpg,https://sprayway-tpr.com/cn/product/557/rabbitchalk-%E7%A9%BA%E6%B0%94%20&amp;%20%E6%B0%B4%E7%94%A8%E7%B2%89%E7%AC%94%E7%AC%94.html,,,assets/b270fea45360036c.jpg,11755,
https://sprayway-tpr.com/modules/product/images/mail_send.gif,https://sprayway-tpr.com/modules/product/popup/send_email.php?id=240&lang=vn&TB_iframe=true&width=650&height=550,,,assets/2f80012755927c7f.gif,1205,
https://sprayway-tpr.com/vnt_upload/product/03_2024/thumbs/RabbitChalk_Vaporizable.jpg,https://sprayway-tpr.com/modules/product/popup/send_email.php?id=556&lang=vn&TB_iframe=true&width=650&height=550,,,assets/2205f7a32cef851e.jpg,4443,
https://sprayway-tpr.com/includes/do_image.php?code=TODYwNcy,https://sprayway-tpr.com/modules/product/popup/send_email.php?id=556&lang=vn&TB_iframe=true&width=650&height=550,,,assets/cb3fe796ce144916.php,1168,
https://sprayway-tpr.com/vnt_upload/product/01_2025/thumbs/224_LDH_S11_1.png,https://sprayway-tpr.com/vn/san-pham/581/keocatldhs11.html,,,assets/4f6bd8471bdc0c20.png,43216,
https://sprayway-tpr.com/vnt_upload/product/01_2025/thumbs/224_LDH_S10_1.png,https://sprayway-tpr.com/vn/san-pham/580/keoldhs10.html,,,assets/c347371f883e6b9c.png,45847,
https://sprayway-tpr.com/vnt_upload/product/01_2025/thumbs/224_LDH_S9_11.png,https://sprayway-tpr.com/vn/san-pham/579/keoldhs9.html,,,assets/f0671bec9ed5ea7c.png,40211,
https://sprayway-tpr.com/vnt_upload/product/01_2025/thumbs/224_LDH_211xl.png,https://sprayway-tpr.com/vn/san-pham/576/ldh211xl.html,,,assets/6435893a764c9cad.png,18863,
https://sprayway-tpr.com/vnt_upload/product/03_2024/thumbs/224_LDH_210_1.jpg,https://sprayway-tpr.com/vn/san-pham/543/K%C3%A9o%20b%E1%BA%A5m%20ch%E1%BB%89%2010.8cm%20LDH-210.html,,,assets/69b01fd7ba565a1e.jpg,11813,
https://sprayway-tpr.com/vnt_upload/File/Image/Moi/LDH_210.jpg,https://sprayway-tpr.com/vn/san-pham/543/K%C3%A9o%20b%E1%BA%A5m%20ch%E1%BB%89%2010.8cm%20LDH-210.html,,,assets/cd68a652e8ea4fa5.jpg,1128629,
https://sprayway-tpr.com/vnt_upload/File/Image/Moi/LDH_210_2.jpg,https://sprayway-tpr.com/vn/san-pham/543/K%C3%A9o%20b%E1%BA%A5m%20ch%E1%BB%89%2010.8cm%20LDH-210.html,,,assets/e78ece2c964e04f4.jpg,399167,
https://sprayway-tpr.com/vnt_upload/File/Image/Moi/LDH_210_3.jpg,https://sprayway-tpr.com/vn/san-pham/543/K%C3%A9o%20b%E1%BA%A5m%20ch%E1%BB%89%2010.8cm%20LDH-210.html,,,assets/e078efaf1d948782.jpg,304769,
https://sprayway-tpr.com/vnt_upload/product/03_2024/thumbs/224_LDH_240X.jpg,https://sprayway-tpr.com/vn/san-pham/545/keo-cat-rang-cua-inox-9inch-ldh-240x.html,,,assets/34856e44f060b18b.jpg,10665,
https://sprayway-tpr.com/vnt_upload/File/Image/Moi/LDH_240X.jpg,https://sprayway-tpr.com/vn/san-pham/545/keo-cat-rang-cua-inox-9inch-ldh-240x.html,,,assets/02716248e4a50e2b.jpg,904095,
https://sprayway-tpr.com/vnt_upload/File/Image/Moi/LDH_240X_2.jpg,https://sprayway-tpr.com/vn/san-pham/545/keo-cat-rang-cua-inox-9inch-ldh-240x.html,,,assets/36ce497c50ca5013.jpg,217058,
https://sprayway-tpr.com/vnt_upload/product/03_2024/thumbs/224_LDH_G10.jpg,https://sprayway-tpr.com/vn/san-pham/551/keo-cat-vai-cao-cap-10-inch-ldh-g10.html,,,assets/0eab2b88c718a6c8.jpg,9984,
https://sprayway-tpr.com/vnt_upload/File/Image/Moi/LDH_G10.jpg,https://sprayway-tpr.com/vn/san-pham/551/keo-cat-vai-cao-cap-10-inch-ldh-g10.html,,,assets/887819b6da3c92f5.jpg,260644,
https://sprayway-tpr.com/vnt_upload/product/01_2025/thumbs/140_SMH_794BTRD.png,https://sprayway-tpr.com/cn/product/brand/sanme-26.html,SANME 旋梭 SMH-7.94BTRD,SANME 旋梭 SMH-7.94BTRD,assets/94fbfd89fefc3adc.png,28011,
https://sprayway-tpr.com/vnt_upload/product/01_2025/thumbs/224_SMH_794BTRD_2.png,https://sprayway-tpr.com/vn/san-pham/599/ochao-sanme-7-94btrd.html,,,assets/2b9e1d628cf9e891.png,57715,
https://sprayway-tpr.com/vnt_upload/product/01_2025/thumbs/224_6_7TRD.png,https://sprayway-tpr.com/vn/san-pham/598/o-chao-sanme-smh-6-7trd.html,,,assets/60857a3935a6f090.png,61383,
https://sprayway-tpr.com/vnt_upload/product/01_2025/thumbs/224_SMH_ATR1Q_6_7TR_2.png,https://sprayway-tpr.com/vn/san-pham/587/ochao-sanme-smh-atr-6-7tr.html,,,assets/4c691ff755149f8d.png,49763,
https://sprayway-tpr.com/vnt_upload/product/01_2025/thumbs/224_SMH_794BTR.png,https://sprayway-tpr.com/vn/san-pham/586/o-chao-sanme-7-94btr.html,,,assets/7cd6e857eef50a28.png,60273,
https://sprayway-tpr.com/vnt_upload/product/01_2025/thumbs/224_SMH_67TR_2.png,https://sprayway-tpr.com/vn/san-pham/585/ochao-sanme-smh6-7tr.html,,,assets/5fb14e5ec5cd4813.png,51573,
https://sprayway-tpr.com/vnt_upload/product/01_2025/thumbs/224_SMH_65TRD_1.png,https://sprayway-tpr.com/vn/san-pham/584/ochao-sanme-6-5trd.html,,,assets/d74f744962f4b8dc.png,56796,
https://sprayway-tpr.com/vnt_upload/product/01_2025/thumbs/224_SMH_16FLTRD.png,https://sprayway-tpr.com/vn/san-pham/583/o-chao-sanme-smh-1-6fltrd.html,,,assets/cd17e060f59083e5.png,38307,
https://sprayway-tpr.com/vnt_upload/product/01_2025/thumbs/140_ZS_3268A.png,https://sprayway-tpr.com/cn/product/brand/logo-js-28.html,剪线机 JS-3268A,剪线机 JS-3268A,assets/c8d34e9fc665c0dd.png,15105,
https://sprayway-tpr.com/vnt_upload/product/08_2025/thumbs/224_JS_3268I_2COLOR_2.jpg,https://sprayway-tpr.com/vn/san-pham/590/may-cat-chi-js-3268i.html,,,assets/7fb044a4f1364b2a.jpg,11206,
https://sprayway-tpr.com/vnt_upload/File/Image/JS3269I_HDSD_TV.jpg,https://sprayway-tpr.com/vn/san-pham/590/may-cat-chi-js-3268i.html,,,assets/88a81bff9ddb1b2f.jpg,2234737,
https://sprayway-tpr.com/vnt_upload/product/01_2025/thumbs/224_DJS999.png,https://sprayway-tpr.com/vn/san-pham/594/sung-hut-thoi-bui%20djs999.html,,,assets/a7838be0abbe1a75.png,23964,
https://sprayway-tpr.com/vnt_upload/product/01_2025/thumbs/224_DJS888.png,https://sprayway-tpr.com/vn/san-pham/593/sung-hut-thoi-bui%20djs888.html,,,assets/f8155fffb1e5c5de.png,24835,
https://sprayway-tpr.com/vnt_upload/product/01_2025/thumbs/224_DJS666_1.png,https://sprayway-tpr.com/vn/san-pham/592/sung-hut-thoi-bui-djs666.html,,,assets/d369c3ec4ffce615.png,19410,
https://sprayway-tpr.com/vnt_upload/news/12_2025/thumbs/for_web.png,https://sprayway-tpr.com/cn/news/news-1.html,for_web,,assets/f68dced4c2ba7a77.png,12465,
https://sprayway-tpr.com/vnt_upload/File/Image/FINAL_INVITATION_OSAKA_JAPAN_sua_01.jpg,https://sprayway-tpr.com/vn/news/detail/thu-moi-tham-du---invitation-jiam-osaka-japan-2024-76.html,,,assets/241f6c3d167bb7e9.jpg,4263021,
https://sprayway-tpr.com/vnt_upload/File/Image/POST_WEBSITE_TIN_TUC.jpg,https://sprayway-tpr.com/vn/news/detail/hanoitex2024-75.html,,,assets/90826945a0081eba.jpg,647139,
https://sprayway-tpr.com/vnt_upload/news/07_2024/special_event_5_1.jpg,https://sprayway-tpr.com/vn/news/detail/textile-asia-internation-trade-fair-exhibition---conferences-2024-71.html,,,assets/1045dd1e1231ee48.jpg,48477,
https://sprayway-tpr.com/vnt_upload/File/Image/event/POST_WEBSITE_01.jpg,https://sprayway-tpr.com/vn/news/detail/textile-asia-internation-trade-fair-exhibition---conferences-2024-71.html,,,assets/abc31a5865d731f9.jpg,1746494,
https://sprayway-tpr.com/vnt_upload/news/06_2024/special_event_5_1.jpg,https://sprayway-tpr.com/vn/news/detail/invitation-gft-2024-70.html,,,assets/977460d6fa5173e4.jpg,48477,
https://sprayway-tpr.com/vnt_upload/File/Image/event/z5577819069863_e297485c4eab5afb91cbf7c5b9d614b8.jpg,https://sprayway-tpr.com/vn/news/detail/invitation-gft-2024-70.html,,,assets/7be6665fae191a7c.jpg,654873,
https://sprayway-tpr.com/vnt_upload/File/Image/event/thank_you_letter_7_01.jpg,https://sprayway-tpr.com/vn/news/detail/invitation-gft-2024-70.html,,,assets/ba82ead7a229fa09.jpg,2628029,
https://sprayway-tpr.com/vnt_upload/news/03_2024/special_event_5_1.jpg,https://sprayway-tpr.com/vn/news/detail/saigontex-2024-69.html,,,assets/a44f67fb0068d692.jpg,48477,
https://sprayway-tpr.com/vnt_upload/File/Image/event/Saigontex_449.jpg,https://sprayway-tpr.com/vn/news/detail/saigontex-2024-69.html,,,assets/217215194c3fec97.jpg,54508,
https://sprayway-tpr.com/vnt_upload/news/03_2024/special_event_5.jpg,https://sprayway-tpr.com/vn/news/detail/indo-intertex-68.html,,,assets/6ad542970f4b8abf.jpg,48477,
https://sprayway-tpr.com/vnt_upload/File/Image/event/INDO_InterTEX.jpg,https://sprayway-tpr.com/vn/news/detail/indo-intertex-68.html,,,assets/e983cb1b8c5fa410.jpg,46524,
https://sprayway-tpr.com/vnt_upload/news/01_2024/oeko_tex.jpg,https://sprayway-tpr.com/vn/news/detail/oeko-tex-4-product-tpr-spraywaysingapore-67.html,,,assets/9badcb72bca64010.jpg,41001,
https://sprayway-tpr.com/vnt_upload/File/Image/oeko_tex_5_product_01.jpg,https://sprayway-tpr.com/vn/news/detail/oeko-tex-4-product-tpr-spraywaysingapore-67.html,,,assets/dbf02ccb063645d5.jpg,2119402,
https://sprayway-tpr.com/vnt_upload/news/10_2023/logo_04.png,https://sprayway-tpr.com/vn/news/detail/hanoitex-2023-66.html,,,assets/9959f85c184d4c80.png,182599,
https://sprayway-tpr.com/vnt_upload/File/Image/THU_MOI__HANOITEX_FINISH_02.jpg,https://sprayway-tpr.com/vn/news/detail/hanoitex-2023-66.html,,,assets/dbaeb211426f5b50.jpg,4721037,
https://sprayway-tpr.com/vnt_upload/File/Image/screenshot_1697857660.png,https://sprayway-tpr.com/vn/news/detail/hanoitex-2023-66.html,,,assets/6328442c0791b14f.png,490343,
https://sprayway-tpr.com/vnt_upload/news/09_2023/banner_cisma_2023anhdaidien.jpg,https://sprayway-tpr.com/vn/news/detail/cisma-2023-shanghai-63.html,,,assets/cb50574e43083a64.jpg,18566,
https://sprayway-tpr.com/vnt_upload/File/Image/invition_cisma_new_02.jpg,https://sprayway-tpr.com/vn/news/detail/cisma-2023-shanghai-63.html,,,assets/79b066b77c6488e1.jpg,2774752,
https://sprayway-tpr.com/vnt_upload/news/08_2023/thumbs/2_9_05.jpg,https://sprayway-tpr.com/vn/news/news-1.html?p=2,2_9_05,,assets/90aebf6c5f3ccb25.jpg,3335,
https://sprayway-tpr.com/vnt_upload/news/02_2023/thumbs/saigontex_logo.jpg,https://sprayway-tpr.com/vn/news/trien-lam-4.html,saigontex_logo,,assets/84396be37470ff63.jpg,2821,
https://sprayway-tpr.com/vnt_upload/news/01_2023/thumbs/bangladesh.png,https://sprayway-tpr.com/vn/news/trien-lam-4.html,bangladesh,,assets/bb9952c1c1c6fa4f.png,13786,
https://sprayway-tpr.com/vnt_upload/news/01_2023/thumbs/z4025534731272_1be564359d5f144710f03a2543219f3e.jpg,https://sprayway-tpr.com/vn/news/news-1.html?p=2,z4025534731272_1be564359d5f144710f03a2543219f3e,,assets/5705d90b53a7cf92.jpg,3585,
https://sprayway-tpr.com/vnt_upload/news/08_2022/thumbs/shoes__leather_vietnam.jpg,https://sprayway-tpr.com/vn/news/news-1.html?p=2,shoes__leather_vietnam,,assets/4ab14a6050da9242.jpg,4117,
https://sprayway-tpr.com/vnt_upload/news/06_2022/thumbs/texprocess_logo_309x449_REVISE.jpg,https://sprayway-tpr.com/vn/news/events-3.html,texprocess_logo_309x449_REVISE,,assets/60aaa34ec1eccea5.jpg,1956,
https://sprayway-tpr.com/vnt_upload/news/03_2021/thumbs/special_event_5_2.jpg,https://sprayway-tpr.com/vn/news/news-1.html?p=2,special_event_5_2,,assets/2a5580f8f672706e.jpg,3493,
https://sprayway-tpr.com/vnt_upload/news/03_2021/thumbs/special_event_5_1.jpg,https://sprayway-tpr.com/vn/news/news-1.html?p=2,special_event_5_1,,assets/7ea1a3e6db824aab.jpg,3493,
https://sprayway-tpr.com/vnt_upload/news/03_2021/thumbs/special_event_5.jpg,https://sprayway-tpr.com/vn/news/news-1.html?p=2,special_event_5,,assets/5611d7e1c60890db.jpg,3560,
https://sprayway-tpr.com/vnt_upload/news/07_2017/thumbs/special_event_5.jpg,https://sprayway-tpr.com/vn/news/news-1.html?p=3,special_event_5,,assets/5fcfe9a46310c821.jpg,3559,
https://sprayway-tpr.com/vnt_upload/news/07_2017/thumbs/special_event_4.jpg,https://sprayway-tpr.com/vn/news/news-1.html?p=3,special_event_4,,assets/f2a1557e32908e66.jpg,3559,
https://sprayway-tpr.com/vnt_upload/video/thumbs/155_Saigontex.jpg,https://sprayway-tpr.com/cn/video.html,,,assets/e4cda375297f6e82.jpg,8468,
https://sprayway-tpr.com/vnt_upload/video/thumbs/155_cisma2023_23.jpg,https://sprayway-tpr.com/cn/video.html,,,assets/fdc366aa1c9f3319.jpg,6918,
https://sprayway-tpr.com/vnt_upload/video/thumbs/155_TOROI_RAROSA_01_01.jpg,https://sprayway-tpr.com/cn/video.html,,,assets/d5c5a011016e09cf.jpg,9274,
https://sprayway-tpr.com/vnt_upload/video/thumbs/155_Sequence_0100_00_01_13Still001.jpg,https://sprayway-tpr.com/cn/video.html,,,assets/b1d87ed8c4943d54.jpg,5330,
https://sprayway-tpr.com/vnt_upload/video/thumbs/155_1491805654_1.jpg,https://sprayway-tpr.com/cn/video.html,,,assets/10a979236a5ee389.jpg,4562,
https://sprayway-tpr.com/vnt_upload/video/thumbs/155_1481165464_1.png,https://sprayway-tpr.com/cn/video.html,,,assets/65d82b09038247d0.png,15345,
https://sprayway-tpr.com/vnt_upload/video/thumbs/155_1481165403_1.png,https://sprayway-tpr.com/cn/video.html,,,assets/c5e7ceb0dabd3492.png,15345,
https://sprayway-tpr.com/vnt_upload/video/thumbs/155_1481165348_1.png,https://sprayway-tpr.com/cn/video.html,,,assets/f9beb7a81581d9d8.png,15345,
https://sprayway-tpr.com/vnt_upload/video/thumbs/155_1481011472_1.png,https://sprayway-tpr.com/cn/video.html,,,assets/e7f5aaae92b1043a.png,19341,
https://sprayway-tpr.com/vnt_upload/video/thumbs/155_1481011423_1.jpg,https://sprayway-tpr.com/cn/video.html,,,assets/ffc627922babbe3c.jpg,4562,
https://sprayway-tpr.com/vnt_upload/video/thumbs/65_cisma2023_23.jpg,https://sprayway-tpr.com/vn/video/detail/Video%20India%20Expo%202023-69.html,,,assets/71938d09079c7836.jpg,1918,
https://sprayway-tpr.com/vnt_upload/video/thumbs/65_TOROI_RAROSA_01_01.jpg,https://sprayway-tpr.com/vn/video/detail/Video%20India%20Expo%202023-69.html,,,assets/0d2403839d25e264.jpg,2559,
https://sprayway-tpr.com/vnt_upload/video/thumbs/65_Sequence_0100_00_01_13Still001.jpg,https://sprayway-tpr.com/vn/video/detail/Tri%E1%BB%83n%20L%C3%A3m%20Qu%E1%BB%91c%20T%E1%BA%BF%20Ng%C3%A0nh%20C%C3%B4ng%20Nghi%E1%BB%87p%20D%E1%BB%87t%20&amp;%20May-70.html,,,assets/f309146c713d8650.jpg,1853,
https://sprayway-tpr.com/vnt_upload/video/thumbs/65_Saigontex.jpg,https://sprayway-tpr.com/vn/video/detail/Video%20India%20Expo%202023-69.html,,,assets/0505982a9a42acd2.jpg,2334,
https://sprayway-tpr.com/vnt_upload/video/thumbs/65_rs222__50_up_.png,https://sprayway-tpr.com/vn/video/detail/063sp-01d-63.html,,,assets/1bc68c6f709ebab9.png,2597,
https://sprayway-tpr.com/vnt_upload/video/thumbs/65_1481011423_1.jpg,https://sprayway-tpr.com/vn/video/detail/066s-01l--57.html,,,assets/8c3dcee55b9fe103.jpg,1644,
https://sprayway-tpr.com/vnt_upload/video/thumbs/65_1481011388_1.jpg,https://sprayway-tpr.com/vn/video/detail/066s-01l--57.html,,,assets/1d81f43e7a321c0f.jpg,1644,
https://sprayway-tpr.com/vnt_upload/video/thumbs/65_1481011354_1.jpg,https://sprayway-tpr.com/vn/video/detail/066s-01l--57.html,,,assets/825dacff13b29444.jpg,1644,
https://sprayway-tpr.com/vnt_upload/video/thumbs/65_1481011101_1.jpg,https://sprayway-tpr.com/vn/video/detail/945s-01d--59.html,,,assets/1dc56dc175fddd87.jpg,1628,
https://sprayway-tpr.com/vnt_upload/video/thumbs/65_1481011472_1.png,https://sprayway-tpr.com/vn/video/detail/066s-01l--57.html,,,assets/f45a96c464fbc069.png,4028,
https://sprayway-tpr.com/vnt_upload/video/thumbs/65_1481010474_1.jpg,https://sprayway-tpr.com/vn/video/detail/sprayway-glass-cleaner--50--51.html,,,assets/4f7bd4f1cfe6be40.jpg,1300,
https://sprayway-tpr.com/vnt_upload/video/thumbs/65_1481010435_1.jpg,https://sprayway-tpr.com/vn/video/detail/sprayway-glass-cleaner--50--51.html,,,assets/cda9c67f5410b961.jpg,1300,
https://sprayway-tpr.com/vnt_upload/video/thumbs/65_1481010384_1.jpg,https://sprayway-tpr.com/vn/video/detail/sprayway-glass-cleaner--50--51.html,,,assets/4f26dc723cb18d2a.jpg,1300,
https://sprayway-tpr.com/vnt_upload/video/thumbs/65_1481010278_1.png,https://sprayway-tpr.com/vn/video/detail/sprayway-good-night-helps-allergies--53.html,,,assets/8e347d85e9a2b92b.png,2897,
https://sprayway-tpr.com/vnt_upload/video/thumbs/65_1481010509_1.jpg,https://sprayway-tpr.com/vn/video/detail/sprayway-glass-cleaner--50--51.html,,,assets/f18862e414ca2a3e.jpg,1674,
https://sprayway-tpr.com/vnt_upload/video/thumbs/141_title00_01.jpg,https://sprayway-tpr.com/vn/video/About-Sprayway-Video-Clips-6.html,,,assets/78d42e69d2ec06fc.jpg,6428,
https://sprayway-tpr.com/vnt_upload/video/thumbs/141_945_US_CF.jpg,https://sprayway-tpr.com/vn/video/video-for-embroidery-8.html,,,assets/1c63a34df29310ed.jpg,4169,
https://sprayway-tpr.com/vnt_upload/video/thumbs/141_SW88_16028_FRNT_2.png,https://sprayway-tpr.com/vn/video/video-for-embroidery-8.html,,,assets/901b0ab0de6a11c8.png,10935,
https://sprayway-tpr.com/vnt_upload/video/thumbs/141_SW88_16028_FRNT_1.png,https://sprayway-tpr.com/vn/video/video-for-embroidery-8.html,,,assets/6da49835b8754235.png,10935,
https://sprayway-tpr.com/vnt_upload/video/thumbs/141_SW88_16028_FRNT.png,https://sprayway-tpr.com/vn/video/video-for-embroidery-8.html,,,assets/39d5e5758f34f049.png,10935,
https://sprayway-tpr.com/vnt_upload/video/thumbs/141_1481009446_1.jpg,https://sprayway-tpr.com/vn/video/Video%20for%20Garments%20&amp;%20Textile-9.html,,,assets/e2007279dce7c228.jpg,3983,
https://sprayway-tpr.com/vnt_upload/video/thumbs/141_1481009415_1.jpg,https://sprayway-tpr.com/vn/video/Video%20for%20Garments%20&amp;%20Textile-9.html,,,assets/c15d472a2489b149.jpg,3983,
https://sprayway-tpr.com/vnt_upload/video/thumbs/141_1481009371_1.jpg,https://sprayway-tpr.com/vn/video/Video%20for%20Garments%20&amp;%20Textile-9.html,,,assets/4c8efc9668a64080.jpg,3983,
https://sprayway-tpr.com/vnt_upload/video/thumbs/141_1481009339_1.jpg,https://sprayway-tpr.com/vn/video/Video%20for%20Garments%20&amp;%20Textile-9.html,,,assets/c34d055536513bb3.jpg,3983,
https://sprayway-tpr.com/vnt_upload/video/thumbs/141_1481009298_1.jpg,https://sprayway-tpr.com/vn/video/Video%20for%20Garments%20&amp;%20Textile-9.html,,,assets/ef8d543ac67674e1.jpg,3983,
https://sprayway-tpr.com/vnt_upload/video/thumbs/141_1481009250_1.jpg,https://sprayway-tpr.com/vn/video/Video%20for%20Garments%20&amp;%20Textile-9.html,,,assets/694fb19535f65954.jpg,3983,
https://sprayway-tpr.com/vnt_upload/video/thumbs/141_1481009134_1.png,https://sprayway-tpr.com/vn/video/Video%20for%20Garments%20&amp;%20Textile-9.html,,,assets/0569a580ee64cc66.png,12681,
https://sprayway-tpr.com/vnt_upload/video/thumbs/141_066_US_new.png,https://sprayway-tpr.com/vn/video/Video%20for%20Garments%20&amp;%20Textile-9.html,,,assets/38cef9d39a8cd215.png,12171,
https://sprayway-tpr.com/vnt_upload/video/thumbs/141_SW031_3.jpg,https://sprayway-tpr.com/vn/video/Video%20for%20Garments%20&amp;%20Textile-9.html,,,assets/0613d4717509dd9b.jpg,4188,
https://sprayway-tpr.com/vnt_upload/video/thumbs/141_SW031_2.jpg,https://sprayway-tpr.com/vn/video/Video%20for%20Garments%20&amp;%20Textile-9.html,,,assets/46626798cf6926b7.jpg,4188,
https://sprayway-tpr.com/vnt_upload/video/thumbs/141_SW031_1.jpg,https://sprayway-tpr.com/vn/video/Video%20for%20Garments%20&amp;%20Textile-9.html,,,assets/6f1bce763c498c51.jpg,4188,
https://sprayway-tpr.com/vnt_upload/video/thumbs/141_SW031.jpg,https://sprayway-tpr.com/vn/video/Video%20for%20Garments%20&amp;%20Textile-9.html,,,assets/8e8858cfe789aa30.jpg,4188,
https://sprayway-tpr.com/vnt_upload/video/thumbs/141_1481010026_1.jpg,https://sprayway-tpr.com/vn/video/Video%20for%20Leather-10.html,,,assets/fc9b00173f618e4e.jpg,4161,
https://sprayway-tpr.com/vnt_upload/video/thumbs/141_1481009975_1.jpg,https://sprayway-tpr.com/vn/video/Video%20for%20Leather-10.html,,,assets/dfca2fe7f9911843.jpg,4161,
https://sprayway-tpr.com/vnt_upload/video/thumbs/141_1481010150_1.jpg,https://sprayway-tpr.com/vn/video/Video%20for%20Personal-11.html,,,assets/495ca1b26a75b8ec.jpg,4161,
https://sprayway-tpr.com/vnt_upload/video/thumbs/141_1481010100_1.jpg,https://sprayway-tpr.com/vn/video/Video%20for%20Personal-11.html,,,assets/bb30d82b20601671.jpg,4000,
https://sprayway-tpr.com/vnt_upload/video/thumbs/141_rs222__50_up_.png,https://sprayway-tpr.com/vn/video/Sewing%20Products-7.html,,,assets/c14670c86b57f685.png,8976,
https://sprayway-tpr.com/vnt_upload/video/thumbs/141_pull_out_premium.png,https://sprayway-tpr.com/vn/video/Sewing%20Products-7.html,,,assets/37af83e38d6325c2.png,8951,
https://sprayway-tpr.com/vnt_upload/video/thumbs/141_Housekeeping.jpeg,https://sprayway-tpr.com/vn/video/House-Keeping-Video-Clips-4.html,,,assets/9754d56a64b519e5.jpeg,5251,
https://sprayway-tpr.com/vnt_upload/video/thumbs/141_sp031_02.jpg,https://sprayway-tpr.com/vn/video/House-Keeping-Video-Clips-4.html,,,assets/01605aae01d44dae.jpg,10699,
https://sprayway-tpr.com/includes/sec_image.php?code=DODU1NQx,https://sprayway-tpr.com/en/contact.html,,,assets/f48c781d45581189.php,12030,
https://sprayway-tpr.com/includes/sec_image.php?code=TODc0Ng0,https://sprayway-tpr.com/cn/contact.html,,,assets/e2152eec5bc000d3.php,12763,
https://sprayway-tpr.com/vnt_upload/product/08_2012/thumbs/140_894.jpg,https://sprayway-tpr.com/en/product/brand/-1.html?p=3,894-Multi-Purpose Adhesive Remover,894-Multi-Purpose Adhesive Remover,assets/f2bbca2774759e7f.jpg,5262,
https://sprayway-tpr.com/vnt_upload/product/03_2024/thumbs/224_195.jpg,https://sprayway-tpr.com/cn/product/555/%E4%B8%8D%E9%94%88%E9%92%A2%E5%BC%BA%E5%8A%9B%E5%89%AA%E5%88%8019.5cm%20LDH-XS195.html,,,assets/d020a9d4f9cd5871.jpg,9476,
https://sprayway-tpr.com/vnt_upload/File/Image/Moi/195.jpg,https://sprayway-tpr.com/cn/product/555/%E4%B8%8D%E9%94%88%E9%92%A2%E5%BC%BA%E5%8A%9B%E5%89%AA%E5%88%8019.5cm%20LDH-XS195.html,,,assets/19b234af6b0c0de5.jpg,227949,
https://sprayway-tpr.com/vnt_upload/product/11_2024/thumbs/140_702nhe.png,https://sprayway-tpr.com/en/product/240/furniture-polish.html,,,assets/60add88b83de1c1d.png,,
https://sprayway-tpr.com/vnt_upload/File/Image/FINAL_ISPRAY_SS_JJW_008_ENGLISH_01.jpg,https://sprayway-tpr.com/cn/product/542/%E5%8E%BB%E6%B1%A1%E6%9E%AA.html,,,assets/bdc063a63fdf4e3a.jpg,3300913,
https://sprayway-tpr.com/vnt_upload/product/10_2015/thumbs/224_sw063.png,https://sprayway-tpr.com/en/product/1/063--c-60-solvent-cleaner--amp;-degreaser.html,,,assets/b8533fb5764561e7.png,52349,
https://sprayway-tpr.com/vnt_upload/File/Image/945SS_chai_xt_bi_trn_ng_c_my_ct_giy_my_ct_vi_khung_gh_sofa.jpg,"https://sprayway-tpr.com/en/product/501/ss945---silicone-chuyen-dung-de-boi-tron-khung-in,-bang-in,-may-cat-vai,-chi-tiet-may-moc-va-cac-loai-may-cat-giay.html",,,assets/f30e8dd9d9e37376.jpg,348518,
https://sprayway-tpr.com/vnt_upload/product/08_2012/thumbs/140_sw985.jpg,https://sprayway-tpr.com/cn/product/brand/-1.html?p=2,985号柠檬油“疯狂”清洗剂,985号柠檬油“疯狂”清洗剂,assets/015d6d002fd4a70c.jpg,5391,
https://sprayway-tpr.com/vnt_upload/video/thumbs/65_Sprayway_Good_Night_Kills_Dust_Mites.jpg,https://sprayway-tpr.com/cn/video/detail/Sprayway-Good-Night-Helps-Allergies-23.html,,,assets/6813f758cd406be1.jpg,2139,
https://sprayway-tpr.com/vnt_upload/video/thumbs/65_Sprayway_Good_Night_Kills_Bed_Bugs.jpg,https://sprayway-tpr.com/cn/video/detail/Sprayway-Good-Night-Helps-Allergies-23.html,,,assets/ac997eb609a096a8.jpg,2031,
https://sprayway-tpr.com/vnt_upload/video/thumbs/65_Sprayway_Glass_Cleaner_TV_Commercial.jpg,https://sprayway-tpr.com/cn/video/detail/Sprayway-Good-Night-Helps-Allergies-23.html,,,assets/97f9be3d9eb3a599.jpg,2216,
https://sprayway-tpr.com/vnt_upload/video/thumbs/65_Housekeeping.jpeg,https://sprayway-tpr.com/cn/video/detail/Sprayway-Good-Night-Helps-Allergies-23.html,,,assets/46ef8d7609f2fc51.jpeg,2177,
https://sprayway-tpr.com/vnt_upload/news/08_2018/special_event_1_1.jpg,"https://sprayway-tpr.com/cn/news/detail/26th-international-clothing-machines,-embroidery-machines-and-related-industry-fair-49.html",,,assets/644e2d2585ec8e90.jpg,3560,
https://sprayway-tpr.com/vnt_upload/File/Image/Moi/su_kien.jpg,"https://sprayway-tpr.com/cn/news/detail/26th-international-clothing-machines,-embroidery-machines-and-related-industry-fair-49.html",,,assets/fe038b5ca84476e6.jpg,50217,
https://sprayway-tpr.com/vnt_upload/news/04_2018/Textile_Garment_LOGO.png,https://sprayway-tpr.com/cn/news/detail/saigontex-2018:-trien-lam-quoc-te-nganh-cong-nghiep-det---may-thiet-bi---nguyen-phu-lieu-44.html,,,assets/8b2f60ed4b7a3bb1.png,214809,
https://sprayway-tpr.com/vnt_upload/File/Image/Moi/Saigontex_449x309.jpg,https://sprayway-tpr.com/cn/news/detail/saigontex-2018:-trien-lam-quoc-te-nganh-cong-nghiep-det---may-thiet-bi---nguyen-phu-lieu-44.html,,,assets/0189679535fb3dc4.jpg,160378,
https://sprayway-tpr.com/vnt_upload/news/03_2018/Techprocess_USA_Logo.png,"https://sprayway-tpr.com/cn/news/detail/texprocess-americas-may-22024,-2018-43.html",,,assets/a2a4688a232fa759.png,113210,
https://sprayway-tpr.com/vnt_upload/File/Image/974e4ce1cea05b590f5fc8fec117d316.jpg,"https://sprayway-tpr.com/cn/news/detail/texprocess-americas-may-22024,-2018-43.html",,,assets/965b6bbd6aa1dbfe.jpg,29713,
https://sprayway-tpr.com/vnt_upload/news/07_2017/special_event_3.jpg,"https://sprayway-tpr.com/cn/news/detail/mtg-2017---myanmar-intl-textile---garment-industry-exhibition-date:-08---11-december,-2017-39.html",,,assets/bdf010b1709a3903.jpg,48477,
https://sprayway-tpr.com/vnt_upload/File/Image/MTG.jpg,"https://sprayway-tpr.com/cn/news/detail/mtg-2017---myanmar-intl-textile---garment-industry-exhibition-date:-08---11-december,-2017-39.html",,,assets/8c62e86cbd66b13d.jpg,57698,
https://sprayway-tpr.com/vnt_upload/news/07_2017/special_event_2.jpg,https://sprayway-tpr.com/cn/news/detail/vtg-2017---vietnam-intl-textile---garment-2017-38.html,,,assets/273b93d95274bc85.jpg,48477,
https://sprayway-tpr.com/vnt_upload/File/Image/VTG.jpg,https://sprayway-tpr.com/cn/news/detail/vtg-2017---vietnam-intl-textile---garment-2017-38.html,,,assets/a922ed30336a07cf.jpg,59922,
https://sprayway-tpr.com/vnt_upload/news/07_2017/special_event_1.jpg,https://sprayway-tpr.com/cn/news/detail/hanoitex-2017---vietnam-hanoi-textile---garment-industry-expo-37.html,,,assets/27dc81d89cb3b981.jpg,48477,
https://sprayway-tpr.com/vnt_upload/File/Image/HANoi_Text.jpg,https://sprayway-tpr.com/cn/news/detail/hanoitex-2017---vietnam-hanoi-textile---garment-industry-expo-37.html,,,assets/44e0995e54d2f39e.jpg,73365,
https://sprayway-tpr.com/vnt_upload/news/10_2016/Saigontex_01.jpg,https://sprayway-tpr.com/en/news/detail/Viet-nam-Sai-Gon-Textile-Garment-Industry-Exhibition-30.html,,,assets/798a7402ac5ccec3.jpg,48060,
https://sprayway-tpr.com/vnt_upload/File/Image/invitation_of_Sewing_EXH_final.jpg,https://sprayway-tpr.com/en/news/detail/Viet-nam-Sai-Gon-Textile-Garment-Industry-Exhibition-30.html,,,assets/ab2b4c5634cfe573.jpg,376463,
https://sprayway-tpr.com/vnt_upload/news/11_2016/Logo.jpg,"https://sprayway-tpr.com/en/news/detail/trien-lam-quoc-te-lan-thu-16-ve-may-moc,-thiet-bi,-nguyen-phu-lieu-nganh-cong-nghiep-det-va-may-%E2%80%93vtg-2016-32.html",,,assets/7e8b25eab0d70251.jpg,19819,
https://sprayway-tpr.com/vnt_upload/news/11_2016/Letter.jpg,"https://sprayway-tpr.com/en/news/detail/trien-lam-quoc-te-lan-thu-16-ve-may-moc,-thiet-bi,-nguyen-phu-lieu-nganh-cong-nghiep-det-va-may-%E2%80%93vtg-2016-32.html",,,assets/9c97753caa1815f0.jpg,294081,
https://sprayway-tpr.com/vnt_upload/news/10_2016/message_icon_clipart_best_9xVl7Z_clipart.png,https://sprayway-tpr.com/cn/news/detail/thu-moi-tham-quan-|-invitation-letter-29.html,,,assets/a4694ba59178fa70.png,42305,
https://sprayway-tpr.com/vnt_upload/File/Image/Invitation_letter_web.jpg,https://sprayway-tpr.com/cn/news/detail/thu-moi-tham-quan-|-invitation-letter-29.html,,,,,404 Not Found
https://sprayway-tpr.com/vnt_upload/File/Image/VBTPHCM2015.png,https://sprayway-tpr.com/cn/news/detail/vietbuild-exhibition-2015-22.html,,,assets/fd74d43b0a59c769.png,336360,
https://sprayway-tpr.com/vnt_upload/File/Image/AAMA_TEX2014brochure_Page_01.jpg,https://sprayway-tpr.com/cn/news/detail/AAMA-TEX-2014-9th-Asia-Apparel-And-Textile-Machinery-Exhibition-21.html,,,assets/c0c05dd1ce697539.jpg,66737,
https://sprayway-tpr.com/vnt_upload/File/Image/AAMA_TEX2014brochure_Page_012.jpg,https://sprayway-tpr.com/cn/news/detail/AAMA-TEX-2014-9th-Asia-Apparel-And-Textile-Machinery-Exhibition-21.html,,,assets/31d959266488d488.jpg,47270,
https://sprayway-tpr.com/vnt_upload/product/02_2016/thumbs/140_099_US.png,https://sprayway-tpr.com/cn/product/240/811%E5%8F%B7%E5%AE%B6%E5%85%B7%E4%B8%8A%E5%85%89%E5%89%82.html,,,assets/61d8b05f5ce904bc.png,12458,
https://sprayway-tpr.com/vnt_upload/product/03_2024/thumbs/211xl.jpg,https://sprayway-tpr.com/modules/product/popup/send_email.php?id=554&lang=vn&TB_iframe=true&width=650&height=550,,,assets/858836a933bbe7a3.jpg,4879,
https://sprayway-tpr.com/includes/do_image.php?code=TMzc1MEy,https://sprayway-tpr.com/modules/product/popup/send_email.php?id=554&lang=vn&TB_iframe=true&width=650&height=550,,,assets/5f620a3d304f3795.php,1111,
https://sprayway-tpr.com/vnt_upload/product/03_2024/thumbs/2024_03_19_100138.jpg,https://sprayway-tpr.com/modules/product/popup/send_email.php?id=553&lang=vn&TB_iframe=true&width=650&height=550,,,assets/318c0e902232dc46.jpg,4425,
https://sprayway-tpr.com/includes/do_image.php?code=DNDUwMc0,https://sprayway-tpr.com/modules/product/popup/send_email.php?id=553&lang=vn&TB_iframe=true&width=650&height=550,,,assets/92e502c411cd11c9.php,1163,
https://sprayway-tpr.com/vnt_upload/product/03_2024/thumbs/224_LDH_X2_2.jpg,https://sprayway-tpr.com/vn/san-pham/547/keo-cat-18-5cm-ldh-x2.html,,,assets/a618680994433d20.jpg,11944,
https://sprayway-tpr.com/vnt_upload/File/Image/Moi/LDH_X2_2.jpg,https://sprayway-tpr.com/vn/san-pham/547/keo-cat-18-5cm-ldh-x2.html,,,assets/889160911cfb4c25.jpg,1306467,
https://sprayway-tpr.com/vnt_upload/product/03_2024/thumbs/LDH_G11.jpg,https://sprayway-tpr.com/modules/product/popup/send_email.php?id=552&lang=vn&TB_iframe=true&width=650&height=550,,,assets/3ae2473024512c50.jpg,4293,
https://sprayway-tpr.com/includes/do_image.php?code=DNDMzNkw,https://sprayway-tpr.com/modules/product/popup/send_email.php?id=552&lang=vn&TB_iframe=true&width=650&height=550,,,assets/cd63c5e68c69a386.php,1171,
https://sprayway-tpr.com/vnt_upload/product/09_2023/thumbs/Poster_Cerliani_Printcccc.jpg,https://sprayway-tpr.com/modules/product/popup/send_email.php?id=540&lang=vn&TB_iframe=true&width=650&height=550,,,assets/342a34f4eb3f7685.jpg,6431,
https://sprayway-tpr.com/includes/do_image.php?code=zODcwMcx,https://sprayway-tpr.com/modules/product/popup/send_email.php?id=540&lang=vn&TB_iframe=true&width=650&height=550,,,assets/773a553014a0160c.php,1113,
https://sprayway-tpr.com/vnt_upload/product/06_2023/thumbs/384_Sprayway_US2.png,https://sprayway-tpr.com/modules/product/popup/send_email.php?id=538&lang=vn&TB_iframe=true&width=650&height=550,,,assets/7e92542d1cfe927c.png,10361,
https://sprayway-tpr.com/includes/do_image.php?code=TMTI3Mg2,https://sprayway-tpr.com/modules/product/popup/send_email.php?id=538&lang=vn&TB_iframe=true&width=650&height=550,,,assets/f1cb57fbfb912ccf.php,1105,
https://sprayway-tpr.com/vnt_upload/product/06_2024/thumbs/224_824_1.jpg,https://sprayway-tpr.com/vn/san-pham/483/824%E5%8F%B7%E7%83%A4%E6%9E%B6%E5%8F%8A%E7%83%A4%E7%AE%B1%E6%B8%85%E6%B4%81%E5%89%82.html,,,assets/2036d404d1e67bfc.jpg,11674,
https://sprayway-tpr.com/vnt_upload/product/08_2012/thumbs/224_sw986r_large.jpg,https://sprayway-tpr.com/vn/san-pham/481/986%E5%8F%B7360%E5%85%A8%E8%83%BD%E6%B8%85%E6%B4%81%E5%89%82.html,,,assets/cec9d01f7a4c8f2e.jpg,10850,
https://sprayway-tpr.com/vnt_upload/product/08_2012/thumbs/224_sw909.jpg,https://sprayway-tpr.com/vn/san-pham/479/heavy-duty-orange-power-plus.html,,,assets/58b7cc04244005ff.jpg,9528,
https://sprayway-tpr.com/vnt_upload/product/08_2012/thumbs/224_708.jpg,https://sprayway-tpr.com/vn/san-pham/477/brake---parts-cleaner.html,,,assets/3781229c43926d2e.jpg,7998,
https://sprayway-tpr.com/vnt_upload/product/03_2025/thumbs/SS_40.png,https://sprayway-tpr.com/modules/product/popup/send_email.php?id=600&lang=vn&TB_iframe=true&width=650&height=550,,,assets/affe56b6c61692b5.png,13001,
https://sprayway-tpr.com/includes/do_image.php?code=DMTUzOk2,https://sprayway-tpr.com/modules/product/popup/send_email.php?id=600&lang=vn&TB_iframe=true&width=650&height=550,,,assets/d3024711312c2f77.php,1132,
https://sprayway-tpr.com/vnt_upload/product/04_2023/thumbs/224_88_SS.png,https://sprayway-tpr.com/vn/san-pham/522/ss88-keo-xit-da-nang.html,,,assets/15d7ca1aa970685f.png,35496,
https://sprayway-tpr.com/vnt_upload/product/04_2023/thumbs/224_82_SS_W.png,https://sprayway-tpr.com/vn/san-pham/521/ss84-keo-xit-dinh-vi-vai-khi-in-lua-(chieu-nhiet-cao).html,,,assets/c0b11020a0841595.png,41462,
https://sprayway-tpr.com/vnt_upload/product/04_2023/thumbs/224_82_SS.png,https://sprayway-tpr.com/vn/san-pham/520/ss82-keo-xit-dang-phun-suong-dung-trong-in-vai.html,,,assets/d764851f065e370f.png,38622,
https://sprayway-tpr.com/vnt_upload/product/04_2023/thumbs/224_66_ANCTQ_SS.png,https://sprayway-tpr.com/vn/san-pham/519/ss66-keo-xit-dang-phun-suong.html,,,assets/e3e2ebe9007a85a6.png,43885,
https://sprayway-tpr.com/vnt_upload/product/04_2023/thumbs/224_821_SS.png,https://sprayway-tpr.com/vn/san-pham/518/ss821-keo-xit-chong-tua-mep-vai.html,,,assets/4f1b1c7892870e8c.png,32168,
https://sprayway-tpr.com/vnt_upload/product/03_2025/thumbs/US702_1.png,https://sprayway-tpr.com/modules/product/popup/send_email.php?id=566&lang=vn&TB_iframe=true&width=650&height=550,,,assets/772eec332b306dec.png,12888,
https://sprayway-tpr.com/includes/do_image.php?code=jMjIzNA2,https://sprayway-tpr.com/modules/product/popup/send_email.php?id=566&lang=vn&TB_iframe=true&width=650&height=550,,,assets/93cc987928ecc99e.php,1150,
https://sprayway-tpr.com/vnt_upload/product/08_2024/thumbs/thung.png,https://sprayway-tpr.com/modules/product/popup/send_email.php?id=542&lang=vn&TB_iframe=true&width=650&height=550,,,assets/66c3b51f1575deac.png,20887,
https://sprayway-tpr.com/includes/do_image.php?code=zMzIxMA2,https://sprayway-tpr.com/modules/product/popup/send_email.php?id=542&lang=vn&TB_iframe=true&width=650&height=550,,,assets/548f221510a477eb.php,1136,
https://sprayway-tpr.com/vnt_upload/product/04_2018/thumbs/031_nap_trang.jpg,https://sprayway-tpr.com/modules/product/popup/send_email.php?id=416&lang=vn&TB_iframe=true&width=650&height=550,,,assets/d4f274e56e70a13b.jpg,3156,
https://sprayway-tpr.com/includes/do_image.php?code=TODkzNQ5,https://sprayway-tpr.com/modules/product/popup/send_email.php?id=416&lang=vn&TB_iframe=true&width=650&height=550,,,assets/0d30eb912f1b1375.php,1158,
https://sprayway-tpr.com/vnt_upload/product/09_2023/thumbs/PHanmay_web.jpg,https://sprayway-tpr.com/modules/product/popup/send_email.php?id=541&lang=vn&TB_iframe=true&width=650&height=550,,,assets/31ca0ab1e4e7bb4c.jpg,4551,
https://sprayway-tpr.com/includes/do_image.php?code=zOTU3NA2,https://sprayway-tpr.com/modules/product/popup/send_email.php?id=541&lang=vn&TB_iframe=true&width=650&height=550,,,assets/3cced91b6eb8e850.php,1153,
https://sprayway-tpr.com/vnt_upload/product/05_2018/thumbs/040_Duoi_Bright.png,https://sprayway-tpr.com/modules/product/popup/send_email.php?id=451&lang=vn&TB_iframe=true&width=650&height=550,,,assets/bf3d6c1698aa79ad.png,13724,
https://sprayway-tpr.com/includes/do_image.php?code=TNTQ0MM2,https://sprayway-tpr.com/modules/product/popup/send_email.php?id=451&lang=vn&TB_iframe=true&width=650&height=550,,,assets/3a8477b60e3d6cb0.php,1136,
https://sprayway-tpr.com/vnt_upload/product/10_2024/thumbs/828_website.png,https://sprayway-tpr.com/modules/product/popup/send_email.php?id=564&lang=vn&TB_iframe=true&width=650&height=550,,,assets/ebc64e8be535459b.png,12972,
https://sprayway-tpr.com/includes/do_image.php?code=jNTkyNg3,https://sprayway-tpr.com/modules/product/popup/send_email.php?id=564&lang=vn&TB_iframe=true&width=650&height=550,,,assets/490f9a2749940da3.php,1154,
https://sprayway-tpr.com/vnt_upload/product/06_2018/thumbs/224_830tpr_new_ok.png,https://sprayway-tpr.com/cn/product/498/%E5%8F%B7%E5%8E%BB%E6%B2%B9%E5%96%B7%E5%89%82%EF%BC%88%E5%B7%A5%E4%B8%9A%E7%94%A8%E9%80%94%EF%BC%89.html,,,assets/748d44c2b9122b25.png,37937,
https://sprayway-tpr.com/vnt_upload/product/01_2023/thumbs/anc_pull_out_2.png,https://sprayway-tpr.com/modules/product/popup/send_email.php?id=502&lang=vn&TB_iframe=true&width=650&height=550,,,assets/8dc6f8ebd8fe0740.png,8331,
https://sprayway-tpr.com/includes/do_image.php?code=DNTEwNUw,https://sprayway-tpr.com/modules/product/popup/send_email.php?id=502&lang=vn&TB_iframe=true&width=650&height=550,,,assets/7ced9f819808c3e5.php,1124,
https://sprayway-tpr.com/vnt_upload/product/04_2023/thumbs/224_All_Product_ANC_Web_13.jpg,"https://sprayway-tpr.com/vn/san-pham/529/ancrd90-chai-xit-boi-tron,-chong-ri-cho-may-moc-va-kim-loai-.html",,,assets/d6594d9e928540d2.jpg,8791,
https://sprayway-tpr.com/vnt_upload/product/04_2023/thumbs/224_All_Product_ANC_Web_12.jpg,https://sprayway-tpr.com/vn/san-pham/528/anc77-dau-silicone-boi-tron-dang-uot.html,,,assets/ee5830ccb70372ec.jpg,8170,
https://sprayway-tpr.com/vnt_upload/product/06_2015/thumbs/sw063.jpg,https://sprayway-tpr.com/modules/product/popup/send_email.php?id=433&lang=vn&TB_iframe=true&width=650&height=550,,,assets/ad8d1408fae167fe.jpg,3333,
https://sprayway-tpr.com/includes/do_image.php?code=DNjczOI0,https://sprayway-tpr.com/modules/product/popup/send_email.php?id=433&lang=vn&TB_iframe=true&width=650&height=550,,,assets/95cad9818cae8df3.php,1155,
https://sprayway-tpr.com/vnt_upload/product/01_2023/thumbs/pull_out_premium_.png,https://sprayway-tpr.com/modules/product/popup/send_email.php?id=503&lang=vn&TB_iframe=true&width=650&height=550,,,assets/668c546c7cc7e77d.png,9580,
https://sprayway-tpr.com/includes/do_image.php?code=TOTM0MYy,https://sprayway-tpr.com/modules/product/popup/send_email.php?id=503&lang=vn&TB_iframe=true&width=650&height=550,,,assets/485d6d71c3495a19.php,1140,
https://sprayway-tpr.com/vnt_upload/product/10_2016/thumbs/077.png,https://sprayway-tpr.com/modules/product/popup/send_email.php?id=52&lang=vn&TB_iframe=true&width=650&height=550,,,assets/94c3f8cce5ab7dfa.png,12254,
https://sprayway-tpr.com/includes/do_image.php?code=zNTc2Nk5,https://sprayway-tpr.com/modules/product/popup/send_email.php?id=52&lang=vn&TB_iframe=true&width=650&height=550,,,assets/c86804c430148ec3.php,1145,
https://sprayway-tpr.com/vnt_upload/product/09_2016/thumbs/sw082.jpg,https://sprayway-tpr.com/modules/product/popup/send_email.php?id=316&lang=vn&TB_iframe=true&width=650&height=550,,,assets/1925b6aea741bdad.jpg,3543,
https://sprayway-tpr.com/includes/do_image.php?code=zMTU5Nc1,https://sprayway-tpr.com/modules/product/popup/send_email.php?id=316&lang=vn&TB_iframe=true&width=650&height=550,,,assets/8e4b8423c1f15ac3.php,1108,
https://sprayway-tpr.com/vnt_upload/product/09_2016/thumbs/sw084.jpg,https://sprayway-tpr.com/modules/product/popup/send_email.php?id=318&lang=vn&TB_iframe=true&width=650&height=550,,,assets/53446e722cadbba3.jpg,3487,
https://sprayway-tpr.com/includes/do_image.php?code=DMjg0Ngw,https://sprayway-tpr.com/modules/product/popup/send_email.php?id=318&lang=vn&TB_iframe=true&width=650&height=550,,,assets/5cf49d5e705a2f01.php,1159,
https://sprayway-tpr.com/vnt_upload/product/05_2018/thumbs/822_TPR_nap_den.png,https://sprayway-tpr.com/modules/product/popup/send_email.php?id=7&lang=vn&TB_iframe=true&width=650&height=550,,,assets/f7feaf4380d7e662.png,10874,
https://sprayway-tpr.com/includes/do_image.php?code=TMjEzNg3,https://sprayway-tpr.com/modules/product/popup/send_email.php?id=7&lang=vn&TB_iframe=true&width=650&height=550,,,assets/cbcd2699d83dde84.php,1116,
https://sprayway-tpr.com/vnt_upload/product/01_2025/thumbs/ss945_2.png,https://sprayway-tpr.com/modules/product/popup/send_email.php?id=501&lang=vn&TB_iframe=true&width=650&height=550,,,assets/02a6b68a59a26ee6.png,12788,
https://sprayway-tpr.com/includes/do_image.php?code=zODk1Ngw,https://sprayway-tpr.com/modules/product/popup/send_email.php?id=501&lang=vn&TB_iframe=true&width=650&height=550,,,assets/834564e8608dc791.php,1173,
https://sprayway-tpr.com/vnt_upload/product/10_2015/thumbs/224_sw823_1.jpg,https://sprayway-tpr.com/vn/san-pham/339/fusing-machine-cleaner.html,,,assets/baae2269d59e5627.jpg,10825,
https://sprayway-tpr.com/vnt_upload/File/Image/823_sprayway_tpr_20130909.jpg,https://sprayway-tpr.com/vn/san-pham/339/fusing-machine-cleaner.html,,,assets/85402cfc4bc280e1.jpg,445893,
https://sprayway-tpr.com/vnt_upload/product/11_2016/thumbs/224_946.jpg,https://sprayway-tpr.com/vn/san-pham/273/silicone-spray.html,,,assets/73746b7d88e8f984.jpg,10521,
https://sprayway-tpr.com/vnt_upload/product/spraywayinc/thumbs/224_sw206.jpg,https://sprayway-tpr.com/vn/san-pham/320/specialty-film-cleaner.html,,,assets/e37a36a536a53f49.jpg,13922,
https://sprayway-tpr.com/vnt_upload/product/08_2012/thumbs/224_sw208.jpg,https://sprayway-tpr.com/vn/san-pham/367/toner-aide.html,,,assets/e65540503d786ae0.jpg,13718,
https://sprayway-tpr.com/vnt_upload/product/08_2012/thumbs/224_sw211.jpg,https://sprayway-tpr.com/vn/san-pham/322/adhesive-activator.html,,,assets/6abe9f1335e8539f.jpg,10818,
https://sprayway-tpr.com/vnt_upload/product/08_2012/thumbs/224_727.jpg,https://sprayway-tpr.com/vn/san-pham/452/flex-o-spray-coat.html,,,assets/676f09dce6b25b7a.jpg,8909,
https://sprayway-tpr.com/vnt_upload/product/08_2012/thumbs/224_735.jpg,https://sprayway-tpr.com/vn/san-pham/408/auto-body-rubberized-undercoating.html,,,assets/bb5843896d11f668.jpg,9629,
https://sprayway-tpr.com/vnt_upload/product/11_2024/thumbs/224_sw_753_nhe.png,https://sprayway-tpr.com/vn/san-pham/409/wax-and-shine.html,,,assets/c544c9885d18508e.png,50386,
https://sprayway-tpr.com/vnt_upload/product/08_2012/thumbs/224_758.jpg,https://sprayway-tpr.com/vn/san-pham/410/industrial-de-icer.html,,,assets/ef24580cf0261462.jpg,8499,
https://sprayway-tpr.com/vnt_upload/product/08_2012/thumbs/224_767.jpg,https://sprayway-tpr.com/vn/san-pham/268/industrial-silicone-spray-low-viscosity.html,,,assets/ad50ba376e3d5d28.jpg,8105,
https://sprayway-tpr.com/vnt_upload/product/09_2016/thumbs/224_SW813.jpg,https://sprayway-tpr.com/vn/san-pham/241/chewing-gum-remover.html,,,assets/8bd97a2e4106cbda.jpg,14365,
https://sprayway-tpr.com/vnt_upload/product/spraywayinc/thumbs/224_sw836.jpg,https://sprayway-tpr.com/vn/san-pham/203/saw-cleaner-pitch---gum-remover.html,,,assets/50f5112967067b95.jpg,11673,
https://sprayway-tpr.com/vnt_upload/product/09_2016/thumbs/224_SW841.jpg,https://sprayway-tpr.com/vn/san-pham/418/stainless-steel-polish---cleaner.html,,,assets/21228cdeace5f586.jpg,9175,
https://sprayway-tpr.com/vnt_upload/product/08_2012/thumbs/224_848.jpg,https://sprayway-tpr.com/vn/san-pham/397/plastic-cleaner.html,,,assets/35e070fa0fd45f4b.jpg,7268,
https://sprayway-tpr.com/vnt_upload/product/08_2012/thumbs/224_856.jpg,https://sprayway-tpr.com/vn/san-pham/244/baseboard-cleaner---wax-stripper.html,,,assets/ce8981de480dbbd9.jpg,7858,
https://sprayway-tpr.com/vnt_upload/product/09_2016/thumbs/224_SW869.jpg,https://sprayway-tpr.com/vn/san-pham/412/foaming-rug---upholstery-cleaner.html,,,assets/4b61c3ed0eadc138.jpg,10930,
https://sprayway-tpr.com/vnt_upload/product/08_2012/thumbs/224_875.jpg,https://sprayway-tpr.com/vn/san-pham/292/dust-up-floor-dressing.html,,,assets/b4a897e8081d34fe.jpg,7665,
https://sprayway-tpr.com/vnt_upload/product/09_2016/thumbs/224_SW879.jpg,https://sprayway-tpr.com/vn/san-pham/413/carpet---upholstery-spotter.html,,,assets/ff95734d7e22a25e.jpg,9858,
https://sprayway-tpr.com/vnt_upload/File/Image/Untitled_1_1.jpg,https://sprayway-tpr.com/vn/san-pham/413/carpet---upholstery-spotter.html,,,assets/17636e3561dc83f2.jpg,511454,
https://sprayway-tpr.com/vnt_upload/File/Image/Untitled_2_1.jpg,https://sprayway-tpr.com/vn/san-pham/413/carpet---upholstery-spotter.html,,,assets/5133534ed54ee8be.jpg,601597,
https://sprayway-tpr.com/vnt_upload/File/Image/Untitled_3_1.jpg,https://sprayway-tpr.com/vn/san-pham/413/carpet---upholstery-spotter.html,,,assets/3bb123d2ac7b786a.jpg,469872,
https://sprayway-tpr.com/vnt_upload/File/Image/Untitled_5.jpg,https://sprayway-tpr.com/vn/san-pham/413/carpet---upholstery-spotter.html,,,assets/7bd6c465cab549ae.jpg,539300,
https://sprayway-tpr.com/vnt_upload/File/Image/Untitled_6.jpg,https://sprayway-tpr.com/vn/san-pham/413/carpet---upholstery-spotter.html,,,assets/fed84f17bc8857d2.jpg,436131,
https://sprayway-tpr.com/vnt_upload/File/Image/Untitled_7_1.jpg,https://sprayway-tpr.com/vn/san-pham/413/carpet---upholstery-spotter.html,,,assets/f52cd87ec1cc7304.jpg,489812,
https://sprayway-tpr.com/vnt_upload/File/Image/Untitled_8.jpg,https://sprayway-tpr.com/vn/san-pham/413/carpet---upholstery-spotter.html,,,assets/3baa5feaf09d9e5e.jpg,507101,
https://sprayway-tpr.com/vnt_upload/product/09_2016/thumbs/224_SW880.jpg,https://sprayway-tpr.com/vn/san-pham/373/gel-vandal-mark-remover.html,,,assets/6ab94a4f88469d7a.jpg,11889,
https://sprayway-tpr.com/vnt_upload/product/08_2012/thumbs/224_sw920_thumb.jpg,https://sprayway-tpr.com/vn/san-pham/165/industrial-polishing-oil.html,,,assets/4fc0c0894f9fe8d6.jpg,4942,
https://sprayway-tpr.com/vnt_upload/product/08_2012/thumbs/224_936.jpg,https://sprayway-tpr.com/vn/san-pham/414/instant-shine.html,,,assets/b895a2e8d2d987ff.jpg,8180,
https://sprayway-tpr.com/vnt_upload/product/spraywayinc/thumbs/224_sw938.jpg,https://sprayway-tpr.com/vn/san-pham/42/auto-care-non-silicone-instant-shine.html,,,assets/e61511a939b32de1.jpg,11220,
https://sprayway-tpr.com/vnt_upload/product/11_2024/thumbs/224_950us.png,"https://sprayway-tpr.com/vn/san-pham/376/ink-anti-skin,-long-term.html",,,assets/e8e8a2f9ccda551c.png,36616,
https://sprayway-tpr.com/vnt_upload/product/11_2014/thumbs/224_955.png,https://sprayway-tpr.com/vn/san-pham/377/anti-static-spray.html,,,assets/47aa97ba7edcd4a4.png,26932,
https://sprayway-tpr.com/vnt_upload/product/11_2024/thumbs/224_957US.png,https://sprayway-tpr.com/vn/san-pham/328/instant-screen-opener.html,,,assets/6993093665bd25a6.png,33552,
https://sprayway-tpr.com/vnt_upload/product/08_2012/thumbs/224_958.jpg,https://sprayway-tpr.com/vn/san-pham/275/auto-glass-quick-release-agent.html,,,assets/c8b9c0c819b7ec2b.jpg,8222,
https://sprayway-tpr.com/vnt_upload/product/09_2016/thumbs/224_SW990.jpg,https://sprayway-tpr.com/vn/san-pham/296/vinyl-leather-cleaner.html,,,assets/32f7d3fd4a12f396.jpg,13721,
https://sprayway-tpr.com/vnt_upload/File/Image/Untitled_1.jpg,https://sprayway-tpr.com/vn/san-pham/296/vinyl-leather-cleaner.html,,,assets/25de5630756aa89d.jpg,133894,
https://sprayway-tpr.com/vnt_upload/File/Image/Untitled_2.jpg,https://sprayway-tpr.com/vn/san-pham/296/vinyl-leather-cleaner.html,,,assets/bf60a108eddf58dd.jpg,78869,
https://sprayway-tpr.com/vnt_upload/File/Image/Untitled_3.jpg,https://sprayway-tpr.com/vn/san-pham/296/vinyl-leather-cleaner.html,,,assets/f489aabb724ab663.jpg,56343,
https://sprayway-tpr.com/vnt_upload/File/Image/Untitled_7.jpg,https://sprayway-tpr.com/vn/san-pham/296/vinyl-leather-cleaner.html,chai xit tay ngang cong nghiep nang,,assets/fffdc0a684d85126.jpg,62717,
https://sprayway-tpr.com/vnt_upload/File/Image/Untitled_17.jpg,https://sprayway-tpr.com/vn/san-pham/296/vinyl-leather-cleaner.html,chai xit tay nganh cong nghiep,,assets/f02ade02da147ee9.jpg,66982,
https://sprayway-tpr.com/vnt_upload/File/Image/Untitled_18.jpg,https://sprayway-tpr.com/vn/san-pham/296/vinyl-leather-cleaner.html,Chai xit tay ngang cong  nghiep nang,,assets/29f98c149df6bd64.jpg,57296,
https://sprayway-tpr.com/vnt_upload/File/Image/Untitled_21.jpg,https://sprayway-tpr.com/vn/san-pham/296/vinyl-leather-cleaner.html,chai xit tay nganh cong nghiep nang,,assets/d39557a912dd6794.jpg,83946,
https://sprayway-tpr.com/vnt_upload/product/08_2012/thumbs/224_sw106.jpg,https://sprayway-tpr.com/vn/san-pham/225/mulberry-breeze-metered-air-freshener.html,,,assets/5c63b8513d24fbfb.jpg,13033,
https://sprayway-tpr.com/vnt_upload/product/11_2024/thumbs/224_032.png,https://sprayway-tpr.com/vn/san-pham/312/fast-open-premium-water-based-screen-opener.html,,,assets/e07588483b71a609.png,40654,
https://sprayway-tpr.com/vnt_upload/product/08_2012/thumbs/224_sw055_1.jpg,https://sprayway-tpr.com/vn/san-pham/422/foam---fabric-adhesive.html,,,assets/902c0e478c83f6b8.jpg,9331,
https://sprayway-tpr.com/vnt_upload/product/spraywayinc/thumbs/224_sw043.jpg,https://sprayway-tpr.com/cn/product/28/043%E5%8F%B7%E7%8E%BB%E7%92%83%E6%B8%85%E6%B4%81%E5%89%82%EF%BC%88%E6%B0%A8%E5%8C%96%EF%BC%89.html,,,assets/114344ee615eed16.jpg,11295,
https://sprayway-tpr.com/vnt_upload/product/06_2024/thumbs/224_050_1.jpg,https://sprayway-tpr.com/cn/product/389/050%E5%8F%B7%E7%8E%BB%E7%92%83%E6%B8%85%E6%BD%94%E5%8A%91.html,,,assets/b2fdc25564025f2a.jpg,10217,
https://sprayway-tpr.com/vnt_upload/product/08_2012/thumbs/224_sw087.jpg,https://sprayway-tpr.com/cn/product/423/087%E5%8F%B7%E5%B7%A5%E4%B8%9A%E7%94%A8%E5%96%B7%E8%83%B6.html,,,assets/90aa9118c8c457d6.jpg,9533,
https://sprayway-tpr.com/vnt_upload/product/11_2024/thumbs/224_tpr831_nhe_1.png,https://sprayway-tpr.com/vn/san-pham/489/831-tpr-chat-tay-dau-(nhanh-kho).html,,,assets/d4f2f298b4f23c00.png,39925,
https://sprayway-tpr.com/vnt_upload/product/01_2025/thumbs/140_LDH_AW1_1.png,https://sprayway-tpr.com/vn/san-pham/May%20M%E1%BA%B7c-16.html?p=12,Kéo cán màu chống gỉ chất lượng cao LDH-AW1,Kéo cán màu chống gỉ chất lượng cao LDH-AW1,assets/ff5f395aec166357.png,12388,
https://sprayway-tpr.com/vnt_upload/product/06_2018/thumbs/224_099_TPR_1.png,https://sprayway-tpr.com/vn/san-pham/491/099-tpr-fast-tack-adhesive.html,,,assets/40802c031f245890.png,37365,
https://sprayway-tpr.com/vnt_upload/product/04_2023/thumbs/224_ss789ss.png,https://sprayway-tpr.com/vn/san-pham/506/chai-xit-tay-bui-ban-cac-mach-dien-sprayway-singapore-ss789.html,,,assets/183886d8097eb50c.png,31962,
https://sprayway-tpr.com/vnt_upload/product/04_2023/thumbs/224_090_SS.png,"https://sprayway-tpr.com/vn/san-pham/507/chai-xit-boi-tron,-chong-ri-cho-may-moc-va-kim-loai-sprayway-singapore-ssrd-90.html",,,assets/d695e8411b6c8399.png,40635,
https://sprayway-tpr.com/vnt_upload/product/04_2023/thumbs/224_823_SS.png,https://sprayway-tpr.com/vn/san-pham/508/chai-xit-tay-bang-chuyen-may-ep-co-ao-sprayway-singapore-ss823.html,,,assets/95ed389d2fa27c3e.png,33924,
https://sprayway-tpr.com/vnt_upload/product/04_2023/thumbs/224_63_china_SS.png,"https://sprayway-tpr.com/vn/san-pham/509/chai-xit-tay-rua-cac-chat-dau-mo,-keo-dan-sprayway-singapore-ss63.html",,,assets/51a8f70a9fbe0c59.png,40763,
https://sprayway-tpr.com/vnt_upload/product/04_2023/thumbs/224_sungphun_04.png,https://sprayway-tpr.com/vn/san-pham/514/sung-tay-ecorza-s1.html,,,assets/3c951783ba4a504e.png,35004,
https://sprayway-tpr.com/vnt_upload/File/Image/2_flyer_rarosa_website.jpg,https://sprayway-tpr.com/vn/san-pham/514/sung-tay-ecorza-s1.html,,,assets/dc0e71440940a086.jpg,3890809,
https://sprayway-tpr.com/vnt_upload/product/04_2023/thumbs/224_All_Product_ANC_Web_11.jpg,"https://sprayway-tpr.com/vn/san-pham/527/anc945-boi-tron-khung-in,-bang-in,-may-cat-vai,-chi-tiet-may-moc-va-cac-loai-may-cat-giay.html",,,assets/5b6f9e6c0a7ccdde.jpg,8331,
https://sprayway-tpr.com/vnt_upload/product/01_2025/thumbs/224_USTPR831_PNG.png,https://sprayway-tpr.com/vn/san-pham/569/chaixitustpr031.html,,,assets/c35a56d7e7f9411b.png,36655,
https://sprayway-tpr.com/vnt_upload/product/01_2025/thumbs/224_USTPR833_PNG.png,https://sprayway-tpr.com/vn/san-pham/571/chaixitus833.html,,,assets/01d0eeea6cebd6f6.png,35978,
https://sprayway-tpr.com/vnt_upload/product/01_2025/thumbs/224_US292_png.png,https://sprayway-tpr.com/vn/san-pham/573/chaixit292.html,,,assets/07de237a904e30ac.png,38560,
https://sprayway-tpr.com/vnt_upload/product/01_2025/thumbs/224_US293_png.png,https://sprayway-tpr.com/vn/san-pham/574/binh-xit-ve-sinh-lam-sach-bo-mach-dien-sprayway-293.html,,,assets/2d61ebf3572961b3.png,40336,
https://sprayway-tpr.com/vnt_upload/product/01_2025/thumbs/224_LDH_XS_195.jpg,https://sprayway-tpr.com/vn/san-pham/577/LDH%20XS%20195.html,,,assets/cada3e7568d3b050.jpg,13698,
https://sprayway-tpr.com/vnt_upload/product/01_2025/thumbs/224_us991.png,https://sprayway-tpr.com/vn/san-pham/578/chaixit991.html,,,assets/edf81338f02bb7b3.png,49405,
https://sprayway-tpr.com/vnt_upload/product/06_2025/thumbs/224_SW830_3.png,https://sprayway-tpr.com/vn/san-pham/604/sw830.html,,,assets/38bd9549edbca4c4.png,40620,
https://sprayway-tpr.com/vnt_upload/product/06_2025/thumbs/224_SW831_1.png,https://sprayway-tpr.com/vn/san-pham/605/sw831.html,,,assets/b299fb0b5e8d0cca.png,40955,
https://sprayway-tpr.com/vnt_upload/product/06_2025/thumbs/224_SW833.png,https://sprayway-tpr.com/vn/san-pham/606/sw833.html,,,assets/e8922589e58993fa.png,40843,
https://sprayway-tpr.com/modules/news/images/mail_send.gif,https://sprayway-tpr.com/modules/news/send_news.php?id=50&lang=vn&TB_iframe=true&width=550&height=500,,,assets/9fee6e475721a231.gif,500,
https://sprayway-tpr.com/includes/do_image.php?code=TMzQxNY0,https://sprayway-tpr.com/modules/news/send_news.php?id=50&lang=vn&TB_iframe=true&width=550&height=500,,,assets/6ec5c54a6bc94bc8.php,1128,
https://sprayway-tpr.com/vnt_upload/weblink/logo.png,https://sprayway-tpr.com/vn/news/print/50/vietbuild-home-2020---trien-lam-quoc-te-nha-o--trang-tri-noi-ngoai-that---do-dung-gia-dinh.html,,,assets/145bf7b4142d3dc1.png,19725,
https://sprayway-tpr.com/modules/news/images/btn-print.gif,https://sprayway-tpr.com/vn/news/print/50/vietbuild-home-2020---trien-lam-quoc-te-nha-o--trang-tri-noi-ngoai-that---do-dung-gia-dinh.html,,,assets/2126ef2a3e0adc39.gif,1306,
https://sprayway-tpr.com/vnt_upload/news/02_2023/saigontex_logo.jpg,https://sprayway-tpr.com/vn/news/detail/trien-lam-quoc-te-nganh-cong-nghiep-det-may-thiet-bi-nguyen-phu-lieu-61.html,,,assets/50dae3ed281d4e31.jpg,42244,
https://sprayway-tpr.com/vnt_upload/File/Image/saigontex2023_banner.jpg,https://sprayway-tpr.com/vn/news/detail/trien-lam-quoc-te-nganh-cong-nghiep-det-may-thiet-bi-nguyen-phu-lieu-61.html,,,assets/f96b38d3c4fa854d.jpg,163807,
https://sprayway-tpr.com/vnt_upload/news/01_2023/bangladesh.png,"https://sprayway-tpr.com/vn/news/detail/bangladesh---trien-lam-quoc-te-cong-nghe,-nguyen-phu-lieu-va-dong-goi-nganh-may-2023-60.html",,,assets/f4bb0de658d20438.png,483126,
https://sprayway-tpr.com/vnt_upload/File/Image/z4030423725208_7731e2918ea511809d139128e7209488.jpg,"https://sprayway-tpr.com/vn/news/detail/bangladesh---trien-lam-quoc-te-cong-nghe,-nguyen-phu-lieu-va-dong-goi-nganh-may-2023-60.html",,,assets/314efc8d54b25a8c.jpg,391229,
https://sprayway-tpr.com/vnt_upload/File/Image/z4030423704100_fb0b32a7db72483e53a8119ac7691ffb.jpg,"https://sprayway-tpr.com/vn/news/detail/bangladesh---trien-lam-quoc-te-cong-nghe,-nguyen-phu-lieu-va-dong-goi-nganh-may-2023-60.html",,,assets/d57eaf7f8f099d4b.jpg,400672,
https://sprayway-tpr.com/vnt_upload/File/Image/z4030372976674_c8719fc2cece736487b584fc8271ab20.jpg,"https://sprayway-tpr.com/vn/news/detail/bangladesh---trien-lam-quoc-te-cong-nghe,-nguyen-phu-lieu-va-dong-goi-nganh-may-2023-60.html",,,assets/d7261e7950a39c9c.jpg,311428,
https://sprayway-tpr.com/vnt_upload/product/01_2025/thumbs/224_ss945_1.png,https://sprayway-tpr.com/cn/product/575/chaixits945.html,,,assets/aa9a293102fc7ef2.png,38213,
https://sprayway-tpr.com/vnt_upload/product/04_2018/thumbs/224_031.jpg,https://sprayway-tpr.com/cn/product/487/chai-xit-tay-da-nang---sprayway-031.html,,,assets/9d933323258f882e.jpg,7744,
https://sprayway-tpr.com/vnt_upload/product/01_2025/thumbs/us_48.png,https://sprayway-tpr.com/modules/product/popup/send_email.php?id=572&lang=vn&TB_iframe=true&width=650&height=550,,,assets/43d03754c2a66c42.png,12277,
https://sprayway-tpr.com/includes/do_image.php?code=jODI0Nc5,https://sprayway-tpr.com/modules/product/popup/send_email.php?id=572&lang=vn&TB_iframe=true&width=650&height=550,,,assets/973430c1ed25c178.php,1147,
https://sprayway-tpr.com/vnt_upload/product/01_2025/thumbs/608_new.png,https://sprayway-tpr.com/modules/product/popup/send_email.php?id=567&lang=vn&TB_iframe=true&width=650&height=550,,,assets/17abe8aecf0895e5.png,12885,
https://sprayway-tpr.com/includes/do_image.php?code=jODQ1NYz,https://sprayway-tpr.com/modules/product/popup/send_email.php?id=567&lang=vn&TB_iframe=true&width=650&height=550,,,assets/ef66be0bfe4456a2.php,1154,
https://sprayway-tpr.com/vnt_upload/product/10_2016/thumbs/066_US_new.png,https://sprayway-tpr.com/modules/product/popup/send_email.php?id=434&lang=vn&TB_iframe=true&width=650&height=550,,,assets/81b466d36eb748bd.png,14201,
https://sprayway-tpr.com/includes/do_image.php?code=DNTEwOc5,https://sprayway-tpr.com/modules/product/popup/send_email.php?id=434&lang=vn&TB_iframe=true&width=650&height=550,,,assets/f36030affa3e2713.php,1131,
https://sprayway-tpr.com/vnt_upload/product/08_2012/thumbs/sw104.jpg,https://sprayway-tpr.com/modules/product/popup/send_email.php?id=472&lang=vn&TB_iframe=true&width=650&height=550,,,assets/baa297977e5782f3.jpg,3783,
https://sprayway-tpr.com/includes/do_image.php?code=TODg3ME5,https://sprayway-tpr.com/modules/product/popup/send_email.php?id=472&lang=vn&TB_iframe=true&width=650&height=550,,,assets/ea4a7a1cd02e0dc1.php,1129,
https://sprayway-tpr.com/vnt_upload/product/09_2016/thumbs/sw092_2011.jpg,https://sprayway-tpr.com/modules/product/popup/send_email.php?id=54&lang=vn&TB_iframe=true&width=650&height=550,,,assets/2871928ff8981181.jpg,2713,
https://sprayway-tpr.com/includes/do_image.php?code=TODk4OIz,https://sprayway-tpr.com/modules/product/popup/send_email.php?id=54&lang=vn&TB_iframe=true&width=650&height=550,,,assets/1acec71d3e2cf3e8.php,1168,
https://sprayway-tpr.com/vnt_upload/product/08_2012/thumbs/083.jpg,https://sprayway-tpr.com/modules/product/popup/send_email.php?id=317&lang=vn&TB_iframe=true&width=650&height=550,,,assets/0ef55b52b703fe4c.jpg,3455,
https://sprayway-tpr.com/includes/do_image.php?code=DMzcwOQw,https://sprayway-tpr.com/modules/product/popup/send_email.php?id=317&lang=vn&TB_iframe=true&width=650&height=550,,,assets/4451365f184116f3.php,1176,
https://sprayway-tpr.com/vnt_upload/product/08_2012/thumbs/sw085_1.jpg,https://sprayway-tpr.com/modules/product/popup/send_email.php?id=421&lang=vn&TB_iframe=true&width=650&height=550,,,assets/7056ce0e089408cb.jpg,3118,
https://sprayway-tpr.com/includes/do_image.php?code=TNjk4Mc5,https://sprayway-tpr.com/modules/product/popup/send_email.php?id=421&lang=vn&TB_iframe=true&width=650&height=550,,,assets/8ac59daaa62f58da.php,1133,
https://sprayway-tpr.com/vnt_upload/product/08_2012/thumbs/089.jpg,https://sprayway-tpr.com/modules/product/popup/send_email.php?id=425&lang=vn&TB_iframe=true&width=650&height=550,,,assets/279031d5589c3275.jpg,3089,
https://sprayway-tpr.com/includes/do_image.php?code=TOTY4Og0,https://sprayway-tpr.com/modules/product/popup/send_email.php?id=425&lang=vn&TB_iframe=true&width=650&height=550,,,assets/c0874de02284fa0d.php,1170,
https://sprayway-tpr.com/vnt_upload/product/11_2016/thumbs/SW88_16028_FRNT.png,https://sprayway-tpr.com/modules/product/popup/send_email.php?id=424&lang=vn&TB_iframe=true&width=650&height=550,,,assets/111df801172fcad2.png,12559,
https://sprayway-tpr.com/includes/do_image.php?code=TMjE3OIw,https://sprayway-tpr.com/modules/product/popup/send_email.php?id=424&lang=vn&TB_iframe=true&width=650&height=550,,,assets/6e4bf2f4cf6eec93.php,1119,
https://sprayway-tpr.com/vnt_upload/product/11_2016/thumbs/805.jpg,https://sprayway-tpr.com/modules/product/popup/send_email.php?id=394&lang=vn&TB_iframe=true&width=650&height=550,,,assets/0e9ddc7515e3658e.jpg,3341,
https://sprayway-tpr.com/includes/do_image.php?code=zNjY1NMx,https://sprayway-tpr.com/modules/product/popup/send_email.php?id=394&lang=vn&TB_iframe=true&width=650&height=550,,,assets/e9f5e45fd3a65409.php,1117,
https://sprayway-tpr.com/vnt_upload/product/03_2024/thumbs/LDH_185_2.jpg,https://sprayway-tpr.com/modules/product/popup/send_email.php?id=544&lang=vn&TB_iframe=true&width=650&height=550,,,assets/3cae66dcbdb05ba7.jpg,5760,
https://sprayway-tpr.com/includes/do_image.php?code=jNDEwMQ0,https://sprayway-tpr.com/modules/product/popup/send_email.php?id=544&lang=vn&TB_iframe=true&width=650&height=550,,,assets/f7748e13eec7d930.php,1111,
https://sprayway-tpr.com/vnt_upload/product/01_2025/thumbs/140_ZS_1188.png,https://sprayway-tpr.com/cn/product/brand/logo-js-28.html,吸尘设备 JS-1188,吸尘设备 JS-1188,assets/26802261428c7079.png,10308,
https://sprayway-tpr.com/vnt_upload/product/01_2025/thumbs/224_SF_120.png,https://sprayway-tpr.com/vn/san-pham/595/sung-ban-tay-sf-120.html,,,assets/c1474087ce9ed1e7.png,41400,
https://sprayway-tpr.com/vnt_upload/File/Image/cxada_sf_120_03.jpg,https://sprayway-tpr.com/vn/san-pham/595/sung-ban-tay-sf-120.html,,,assets/ecdf6b23afd75079.jpg,1096620,
https://sprayway-tpr.com/vnt_upload/product/01_2025/thumbs/224_KINGMU_180C.png,https://sprayway-tpr.com/vn/san-pham/596/sung-phun-kingmu-180c.html,,,assets/067b3207a89e39df.png,44584,
https://sprayway-tpr.com/vnt_upload/File/Image/kingmu_180c_03.jpg,https://sprayway-tpr.com/vn/san-pham/596/sung-phun-kingmu-180c.html,,,assets/99c1b2474d8f7f34.jpg,1157824,
https://sprayway-tpr.com/vnt_upload/product/11_2016/thumbs/CL961_Can_New.png,https://sprayway-tpr.com/modules/product/popup/send_email.php?id=16&lang=vn&TB_iframe=true&width=650&height=550,,,assets/90635913c87ccdac.png,11573,
https://sprayway-tpr.com/includes/do_image.php?code=DNjcyNE2,https://sprayway-tpr.com/modules/product/popup/send_email.php?id=16&lang=vn&TB_iframe=true&width=650&height=550,,,assets/2d01926465f0a9d2.php,1117,
http://sprayway-tpr.com/vnt_upload/weblink/Banner_web3.png,http://sprayway-tpr.com/,,,assets/0210daf43ec620f2.png,59897,
http://sprayway-tpr.com/vnt_upload/lang/flag_en.gif,http://sprayway-tpr.com/,,,assets/f11104dc6640ae2f.gif,1358,
http://sprayway-tpr.com/vnt_upload/lang/flag_vn.gif,http://sprayway-tpr.com/,,,assets/c3a141c098d3ece2.gif,1202,
http://sprayway-tpr.com/vnt_upload/lang/flag_cn.gif,http://sprayway-tpr.com/,,,assets/319a17fc90926348.gif,1345,
http://sprayway-tpr.com/blocks/support/images/yahoo.png,http://sprayway-tpr.com/,,,assets/1900a2c108eb338f.png,1753,
http://sprayway-tpr.com/blocks/support/images/skype.png,http://sprayway-tpr.com/,,,assets/1b3928dd1a43bc1d.png,1808,
http://sprayway-tpr.com/vnt_upload/weblink/ngh_l_30_04_01.jpg,http://sprayway-tpr.com/,,,assets/15ee5592d5282c25.jpg,115752,
http://sprayway-tpr.com/vnt_upload/weblink/THONG_BAO_DANG_WEBSITE_3.jpg,http://sprayway-tpr.com/,THÔNG BÁO NGHỈ LỄ QUỐC KHÁNH 2/9,THÔNG BÁO NGHỈ LỄ QUỐC KHÁNH 2/9,assets/a9b3bc9c97533803.jpg,5172189,
http://sprayway-tpr.com/vnt_upload/weblink/449_X_309_MERRRY_CHRISTMAS.jpg,http://sprayway-tpr.com/,MERRY CHRISTMAS AND HAPPY NEW YEAR 2025,MERRY CHRISTMAS AND HAPPY NEW YEAR 2025,assets/8392c015181103b8.jpg,218133,
http://sprayway-tpr.com/vnt_upload/weblink/824_Banner_449x305.jpg,http://sprayway-tpr.com/,CHƯƠNG TRÌNH ƯU ĐÃI ĐẶT BIỆT: Khi mua bình xịt SPRAYWAY GRILL AND OVEN CLEANER 824,CHƯƠNG TRÌNH ƯU ĐÃI ĐẶT BIỆT: Khi mua bình xịt SPRAYWAY GRILL AND OVEN CLEANER 824,assets/34f7ac2f9eaa4035.jpg,157723,
http://sprayway-tpr.com/vnt_upload/weblink/1_7_X.jpg,http://sprayway-tpr.com/,THE 9TH MYANMAR INT'L TEXTILE & GARMENT INDUSTRY EXHIBITION,THE 9TH MYANMAR INT'L TEXTILE & GARMENT INDUSTRY EXHIBITION,assets/648c5e9b0f00f142.jpg,43543,
http://sprayway-tpr.com/vnt_upload/weblink/DANG_WEBSITE.jpg,http://sprayway-tpr.com/,MUA 1 TANG 1 CHAI XIT US-190,MUA 1 TANG 1 CHAI XIT US-190,assets/8d33ac7cd9a7f499.jpg,147885,
http://sprayway-tpr.com/vnt_upload/weblink/449x209.jpg,http://sprayway-tpr.com/,Chương trình ưu đãi đặt biệt khi mua sản phẩm Sprayway Crazy Clean 031,Chương trình ưu đãi đặt biệt khi mua sản phẩm Sprayway Crazy Clean 031,assets/2c86edd85e66ab33.jpg,163280,
http://sprayway-tpr.com/vnt_upload/weblink/1.jpg,http://sprayway-tpr.com/,MAY THÊU,MAY THÊU,assets/1a2c7992974d5d1c.jpg,45754,
http://sprayway-tpr.com/vnt_upload/weblink/2.jpg,http://sprayway-tpr.com/,,,assets/e1d3470d15d30c30.jpg,68975,
http://sprayway-tpr.com/vnt_upload/weblink/sewing_trades_1.jpg,http://sprayway-tpr.com/,MAY THÊU,MAY THÊU,assets/741043d22ff762b6.jpg,126173,
http://sprayway-tpr.com/vnt_upload/weblink/Picture1.jpg,http://sprayway-tpr.com/,MAY THÊU,MAY THÊU,assets/87b32af6b232f02a.jpg,46373,
http://sprayway-tpr.com/vnt_upload/weblink/63.jpg,http://sprayway-tpr.com/,MAY THÊU,MAY THÊU,assets/2334a854b69d0706.jpg,131701,
http://sprayway-tpr.com/vnt_upload/weblink/945_Spray_on_Cutting_Knife1.jpg,http://sprayway-tpr.com/,MAY THÊU,MAY THÊU,assets/fd19f6567e3cdce4.jpg,122506,
http://sprayway-tpr.com/vnt_upload/weblink/INVITATION_GBA_2026_02_forweb_3.webp,http://sprayway-tpr.com/,,,assets/5529f8cdda7e99bc.webp,67798,
http://sprayway-tpr.com/vnt_upload/weblink/VIDEO_SAIGONTEX_2025_pa_2_web_cu_ngang_02_.webp,http://sprayway-tpr.com/,,,assets/5a3221bdf921ec74.webp,140280,
http://sprayway-tpr.com/vnt_upload/product/category/cat1.png,http://sprayway-tpr.com/,,,assets/4a8fae0efa4201b4.png,8168,
http://sprayway-tpr.com/vnt_upload/product/category/cat2.png,http://sprayway-tpr.com/,,,assets/d6672c07924b21bd.png,6928,
http://sprayway-tpr.com/vnt_upload/product/category/cat3.png,http://sprayway-tpr.com/,,,assets/a1d605b44269cdf7.png,7262,
http://sprayway-tpr.com/vnt_upload/product/category/cat4.png,http://sprayway-tpr.com/,,,assets/537dcf66a7d3be23.png,7871,
http://sprayway-tpr.com/vnt_upload/product/category/cat5.png,http://sprayway-tpr.com/,,,assets/bb3c5d1ae28d6cdd.png,7515,
http://sprayway-tpr.com/vnt_upload/product/category/cat6.png,http://sprayway-tpr.com/,,,assets/03fce2edbbadea48.png,7107,
http://sprayway-tpr.com/vnt_upload/product/category/cat7.png,http://sprayway-tpr.com/,,,assets/a4688561a660f2bd.png,7858,
http://sprayway-tpr.com/vnt_upload/product/category/cat8.png,http://sprayway-tpr.com/,,,assets/eacd04eb49010f66.png,6847,
http://sprayway-tpr.com/vnt_upload/product/category/cat9.png,http://sprayway-tpr.com/,,,assets/691bb5933bcf43de.png,7552,
http://sprayway-tpr.com/vnt_upload/product/category/cat10.png,http://sprayway-tpr.com/,,,assets/be1d1f3645524eeb.png,6677,
http://sprayway-tpr.com/vnt_upload/product/category/cat11.png,http://sprayway-tpr.com/,,,assets/c061f0be7c0bdb5a.png,6523,
http://sprayway-tpr.com/vnt_upload/product/category/cat12.png,http://sprayway-tpr.com/,,,assets/2b8094b9e1de67ec.png,6258,
http://sprayway-tpr.com/vnt_upload/product/category/cat13.png,http://sprayway-tpr.com/,,,assets/bd4768e424223c4f.png,7144,
http://sprayway-tpr.com/vnt_upload/product/category/cat14.png,http://sprayway-tpr.com/,,,assets/7e8914aec4eb114c.png,6322,
http://sprayway-tpr.com/vnt_upload/product/category/cat15.png,http://sprayway-tpr.com/,,,assets/1446ec9393ac6e0c.png,6896,
http://sprayway-tpr.com/vnt_upload/product/category/cat16.png,http://sprayway-tpr.com/,,,assets/a079e546b9674a63.png,7249,
http://sprayway-tpr.com/vnt_upload/product/category/cat17.png,http://sprayway-tpr.com/,,,assets/3abeef76ac656807.png,7257,
http://sprayway-tpr.com/vnt_upload/product/category/cat18.png,http://sprayway-tpr.com/,,,assets/788c86c115914a5c.png,6939,
http://sprayway-tpr.com/vnt_upload/product/03_2024/thumbs/140_211xl.jpg,http://sprayway-tpr.com/,Kéo bấm chỉ 12.5cm LDH-211X,Kéo bấm chỉ 12.5cm LDH-211X,assets/d6b496e555d2a1fe.jpg,5815,
http://sprayway-tpr.com/vnt_upload/product/03_2024/thumbs/140_2024_03_19_100138.jpg,http://sprayway-tpr.com/,Kéo cắt vải cao cấp 12 inch LDH-G12,Kéo cắt vải cao cấp 12 inch LDH-G12,assets/8cbed4cace9a57a3.jpg,5311,
http://sprayway-tpr.com/vnt_upload/product/03_2024/thumbs/140_LDH_G11.jpg,http://sprayway-tpr.com/,Kéo cắt vải cao cấp 11 inch LDH-G11,Kéo cắt vải cao cấp 11 inch LDH-G11,assets/d41ec10ff28870f1.jpg,5195,
http://sprayway-tpr.com/vnt_upload/product/09_2023/thumbs/140_Poster_Cerliani_Printcccc.jpg,http://sprayway-tpr.com/,Ổ CHAO CERLIANI,Ổ CHAO CERLIANI,assets/84fc3664790cb187.jpg,7819,
http://sprayway-tpr.com/vnt_upload/product/06_2023/thumbs/140_384_Sprayway_US2.png,http://sprayway-tpr.com/,384 - KEO DÁN ĐỊNH VỊ (CHỊU NHIỆT CAO),384 - KEO DÁN ĐỊNH VỊ (CHỊU NHIỆT CAO),assets/aa1af11c2d0272a5.png,14323,
http://sprayway-tpr.com/vnt_upload/product/03_2025/thumbs/140_SS_40.png,http://sprayway-tpr.com/,Chai xịt tẩy rửa kính chuyên dụng cho thiết bị điện tử SS 040,Chai xịt tẩy rửa kính chuyên dụng cho thiết bị điện tử SS 040,assets/8ccaab92774420f5.png,17496,
http://sprayway-tpr.com/vnt_upload/product/03_2025/thumbs/140_US702_1.png,http://sprayway-tpr.com/,CHAI XỊT SPRAYWAY ĐÁ GRANIT VÀ ĐÁ CẨM THẠCH,CHAI XỊT SPRAYWAY ĐÁ GRANIT VÀ ĐÁ CẨM THẠCH,assets/e46b9cf630aef42c.png,18111,
http://sprayway-tpr.com/vnt_upload/product/08_2024/thumbs/140_thung.png,http://sprayway-tpr.com/,NƯỚC BẮN TẨY JJW-008,NƯỚC BẮN TẨY JJW-008,assets/93217159bfb39263.png,27458,
http://sprayway-tpr.com/vnt_upload/product/04_2018/thumbs/140_031_nap_trang.jpg,http://sprayway-tpr.com/,031-CHAI XỊT TẨY ĐA NĂNG,031-CHAI XỊT TẨY ĐA NĂNG,assets/08561fab63f29b62.jpg,5327,
http://sprayway-tpr.com/vnt_upload/product/09_2023/thumbs/140_PHanmay_web.jpg,http://sprayway-tpr.com/,PHẤN MAY,PHẤN MAY,assets/131063b3a20a2095.jpg,5566,
http://sprayway-tpr.com/vnt_upload/product/05_2018/thumbs/140_040_Duoi_Bright.png,http://sprayway-tpr.com/,040-BÌNH XỊT TẨY RỬA KÍNH CHUYÊN DỤNG,040-BÌNH XỊT TẨY RỬA KÍNH CHUYÊN DỤNG,assets/75003899ee5266f7.png,18255,
http://sprayway-tpr.com/vnt_upload/product/10_2024/thumbs/140_828_website.png,http://sprayway-tpr.com/,CHAI XỊT TẨY KEO LÓT TPR 828,CHAI XỊT TẨY KEO LÓT TPR 828,assets/4aa3d689bee63b50.png,17321,
http://sprayway-tpr.com/vnt_upload/product/01_2023/thumbs/140_anc_pull_out_2.png,http://sprayway-tpr.com/,PULL OUT 2 - CHAI XỊT TẨY VẾT DẦU TRÊN VẢI,PULL OUT 2 - CHAI XỊT TẨY VẾT DẦU TRÊN VẢI,assets/a6d608810e1d4f1b.png,11039,
http://sprayway-tpr.com/vnt_upload/product/06_2015/thumbs/140_sw063.jpg,http://sprayway-tpr.com/,063-CHAI XỊT TẨY RỬA CHẤT DẦU MỠ,063-CHAI XỊT TẨY RỬA CHẤT DẦU MỠ,assets/bc6c32094ce63585.jpg,5839,
http://sprayway-tpr.com/vnt_upload/product/01_2023/thumbs/140_pull_out_premium_.png,http://sprayway-tpr.com/,PULL OUT PREMIUM - CHAI XỊT TẨY VẾT DẦU TRÊN VẢI,PULL OUT PREMIUM - CHAI XỊT TẨY VẾT DẦU TRÊN VẢI,assets/d845fe07e196d638.png,12702,
http://sprayway-tpr.com/vnt_upload/product/10_2016/thumbs/140_077.png,http://sprayway-tpr.com/,077-DẦU SILICONE BÔI TRƠN DẠNG ƯỚT,077-DẦU SILICONE BÔI TRƠN DẠNG ƯỚT,assets/6a00f50eff849270.png,16785,
http://sprayway-tpr.com/vnt_upload/product/09_2016/thumbs/140_sw082.jpg,http://sprayway-tpr.com/,082-KEO XỊT DẠNG PHUN SƯƠNG DÙNG TRONG IN VẢI,082-KEO XỊT DẠNG PHUN SƯƠNG DÙNG TRONG IN VẢI,assets/b3f3f688c3e7774d.jpg,6196,
http://sprayway-tpr.com/vnt_upload/product/09_2016/thumbs/140_sw084.jpg,http://sprayway-tpr.com/,084-KEO XỊT ĐỊNH VỊ VẢI KHI IN LỤA(chiệu nhiệt cao),084-KEO XỊT ĐỊNH VỊ VẢI KHI IN LỤA(chiệu nhiệt cao),assets/1d1e5d3efc219404.jpg,6021,
http://sprayway-tpr.com/vnt_upload/product/05_2018/thumbs/140_822_TPR_nap_den.png,http://sprayway-tpr.com/,822 TPR-KEO DÁN ĐỊNH VỊ,822 TPR-KEO DÁN ĐỊNH VỊ,assets/8607ca3086c413d5.png,14850,
http://sprayway-tpr.com/vnt_upload/product/01_2025/thumbs/140_ss945_2.png,http://sprayway-tpr.com/,"SS945 - SILICONE CHUYÊN DÙNG ĐỂ BÔI TRƠN CHỈ MAY, KHUNG IN, BẢNG IN, MÁY CẮT VẢI, CHI TIẾT MÁY MÓC VÀ CÁC LOẠI MÁY CẮT GIẤY","SS945 - SILICONE CHUYÊN DÙNG ĐỂ BÔI TRƠN CHỈ MAY, KHUNG IN, BẢNG IN, MÁY CẮT VẢI, CHI TIẾT MÁY MÓC VÀ CÁC LOẠI MÁY CẮT GIẤY",assets/d2a5cca2f8d7dfc2.png,16424,
http://sprayway-tpr.com/vnt_upload/product/09_2016/thumbs/200_sw082.jpg,http://sprayway-tpr.com/,,,assets/f68ca54818a47954.jpg,5039,
http://sprayway-tpr.com/vnt_upload/product/08_2012/thumbs/200_083.jpg,http://sprayway-tpr.com/,,,assets/60df19b8bc837993.jpg,4388,
http://sprayway-tpr.com/vnt_upload/product/09_2016/thumbs/200_sw084.jpg,http://sprayway-tpr.com/,,,assets/6f177721a190cd06.jpg,4981,
http://sprayway-tpr.com/vnt_upload/product/11_2016/thumbs/200_945_US_CF.jpg,http://sprayway-tpr.com/,,,assets/542a7303cc888420.jpg,4949,
http://sprayway-tpr.com/vnt_upload/product/10_2016/thumbs/200_077.png,http://sprayway-tpr.com/,,,assets/974080965c9dc9f6.png,13479,
http://sprayway-tpr.com/vnt_upload/product/11_2016/thumbs/200_822us.png,http://sprayway-tpr.com/,,,assets/9774630f59bfcabb.png,11550,
http://sprayway-tpr.com/vnt_upload/product/11_2016/thumbs/200_SW88_16028_FRNT.png,http://sprayway-tpr.com/,,,assets/b95bea317a6a6b57.png,13733,
http://sprayway-tpr.com/vnt_upload/product/06_2024/thumbs/200_821_1_1.jpg,http://sprayway-tpr.com/,,,assets/3bf28a08ca97a267.jpg,4559,
http://sprayway-tpr.com/vnt_upload/product/05_2018/thumbs/200_822_TPR_nap_den.png,http://sprayway-tpr.com/,,,assets/8b68c506d5759ab1.png,11902,
http://sprayway-tpr.com/vnt_upload/product/04_2018/thumbs/200_031_nap_trang.jpg,http://sprayway-tpr.com/,,,assets/78ddd5eafe1ea259.jpg,4457,
http://sprayway-tpr.com/vnt_upload/news/11_2020/thumbs/special_event_5.jpg,http://sprayway-tpr.com/,,,assets/9f88bd76aac085ff.jpg,3560,
http://sprayway-tpr.com/skins/default/images/icon_map.gif,http://sprayway-tpr.com/,,,assets/296165eafe9bffb6.gif,634,
http://sprayway-tpr.com/vnt_upload/weblink/share1.gif,http://sprayway-tpr.com/,Facebook,,assets/a28b02b39a23bc53.gif,1483,
http://sprayway-tpr.com/vnt_upload/weblink/share2.gif,http://sprayway-tpr.com/,Tweeter,,assets/c28c4e775bbbbbec.gif,1475,
http://sprayway-tpr.com/vnt_upload/weblink/share3.gif,http://sprayway-tpr.com/,Google,,assets/6de4d21804d2059c.gif,1813,
http://sprayway-tpr.com/vnt_upload/weblink/share4.gif,http://sprayway-tpr.com/,Youtube,,assets/ce2dd9638cd95b47.gif,1983,
http://sprayway-tpr.com/plugins/support_fixed//images/mess.png,http://sprayway-tpr.com/,messenger,,assets/8d98357a9a651bc7.png,2161,
http://sprayway-tpr.com/plugins/support_fixed//images/zalo.png,http://sprayway-tpr.com/,messenger,,assets/5357a6b9d83985e4.png,3325,
http://sprayway-tpr.com/plugins/support_fixed//images/whatsapp.png,http://sprayway-tpr.com/,whatsapp,,assets/091e148e08846c3b.png,2117,
https://sprayway-tpr.com/vnt_upload/product/11_2024/thumbs/190_chai_xit_khu_mui.png,https://sprayway-tpr.com/modules/product/popup/send_email.php?id=426&lang=vn&TB_iframe=true&width=650&height=550,,,assets/bcfacb47df149592.png,11639,
https://sprayway-tpr.com/includes/do_image.php?code=zNTExMc0,https://sprayway-tpr.com/modules/product/popup/send_email.php?id=426&lang=vn&TB_iframe=true&width=650&height=550,,,assets/832c43b77dd9a9fc.php,1111,
https://sprayway-tpr.com/vnt_upload/product/09_2016/thumbs/SW_003R_Bed_Bug.jpg,https://sprayway-tpr.com/modules/product/popup/send_email.php?id=480&lang=vn&TB_iframe=true&width=650&height=550,,,assets/cc89cef0d2083da5.jpg,2955,
https://sprayway-tpr.com/includes/do_image.php?code=DMzQ4NA4,https://sprayway-tpr.com/modules/product/popup/send_email.php?id=480&lang=vn&TB_iframe=true&width=650&height=550,,,assets/7f019927423800e3.php,1190,
https://sprayway-tpr.com/vnt_upload/product/07_2018/thumbs/sw715.jpg,https://sprayway-tpr.com/modules/product/popup/send_email.php?id=57&lang=vn&TB_iframe=true&width=650&height=550,,,assets/e812e7c03783b677.jpg,2936,
https://sprayway-tpr.com/includes/do_image.php?code=TNjgxOU0,https://sprayway-tpr.com/modules/product/popup/send_email.php?id=57&lang=vn&TB_iframe=true&width=650&height=550,,,assets/1481c373c2139377.php,1138,
https://sprayway-tpr.com/vnt_upload/product/07_2018/thumbs/sw719.jpg,https://sprayway-tpr.com/modules/product/popup/send_email.php?id=405&lang=vn&TB_iframe=true&width=650&height=550,,,assets/07c82bc67fde742e.jpg,3023,
https://sprayway-tpr.com/includes/do_image.php?code=zNzk3MUy,https://sprayway-tpr.com/modules/product/popup/send_email.php?id=405&lang=vn&TB_iframe=true&width=650&height=550,,,assets/680b74eb6b9c94b2.php,1129,
https://sprayway-tpr.com/vnt_upload/product/08_2012/thumbs/725.jpg,https://sprayway-tpr.com/modules/product/popup/send_email.php?id=406&lang=vn&TB_iframe=true&width=650&height=550,,,assets/5a46e8b293e00ec5.jpg,3376,
https://sprayway-tpr.com/includes/do_image.php?code=DNTc4NA0,https://sprayway-tpr.com/modules/product/popup/send_email.php?id=406&lang=vn&TB_iframe=true&width=650&height=550,,,assets/231c6d713e1288b3.php,1151,
https://sprayway-tpr.com/vnt_upload/product/09_2016/thumbs/SW161.jpg,https://sprayway-tpr.com/modules/product/popup/send_email.php?id=473&lang=vn&TB_iframe=true&width=650&height=550,,,assets/b1c45ac1eaf0e50d.jpg,2838,
https://sprayway-tpr.com/includes/do_image.php?code=TNzc5Ngz,https://sprayway-tpr.com/modules/product/popup/send_email.php?id=473&lang=vn&TB_iframe=true&width=650&height=550,,,assets/361f5b6784e44230.php,1128,
https://sprayway-tpr.com/vnt_upload/product/11_2024/thumbs/spw162w.jpg,https://sprayway-tpr.com/modules/product/popup/send_email.php?id=474&lang=vn&TB_iframe=true&width=650&height=550,,,assets/97483768bdcbd02c.jpg,3002,
https://sprayway-tpr.com/includes/do_image.php?code=jMzQxMg5,https://sprayway-tpr.com/modules/product/popup/send_email.php?id=474&lang=vn&TB_iframe=true&width=650&height=550,,,assets/f5dfa54bc72dd3a1.php,1139,
https://sprayway-tpr.com/vnt_upload/product/09_2016/thumbs/SW165.jpg,https://sprayway-tpr.com/modules/product/popup/send_email.php?id=475&lang=vn&TB_iframe=true&width=650&height=550,,,assets/2d8159c9599d36d4.jpg,2952,
https://sprayway-tpr.com/includes/do_image.php?code=TMTcyOYy,https://sprayway-tpr.com/modules/product/popup/send_email.php?id=475&lang=vn&TB_iframe=true&width=650&height=550,,,assets/f9a5cf5bde56fdce.php,1113,
https://sprayway-tpr.com/vnt_upload/product/09_2016/thumbs/SW167.jpg,https://sprayway-tpr.com/modules/product/popup/send_email.php?id=476&lang=vn&TB_iframe=true&width=650&height=550,,,assets/fa26159d0b9bc462.jpg,2758,
https://sprayway-tpr.com/includes/do_image.php?code=DNjY5NM1,https://sprayway-tpr.com/modules/product/popup/send_email.php?id=476&lang=vn&TB_iframe=true&width=650&height=550,,,assets/678248fc9068b3f7.php,1134,
https://sprayway-tpr.com/vnt_upload/product/08_2012/thumbs/sw563.jpg,https://sprayway-tpr.com/modules/product/popup/send_email.php?id=404&lang=vn&TB_iframe=true&width=650&height=550,,,assets/636662b385c1bdbb.jpg,3377,
https://sprayway-tpr.com/includes/do_image.php?code=zMzU5MI0,https://sprayway-tpr.com/modules/product/popup/send_email.php?id=404&lang=vn&TB_iframe=true&width=650&height=550,,,assets/c029e3ab500b48cf.php,1167,
https://sprayway-tpr.com/vnt_upload/product/08_2012/thumbs/sw110.jpg,https://sprayway-tpr.com/modules/product/popup/send_email.php?id=229&lang=vn&TB_iframe=true&width=650&height=550,,,assets/57b480295e4e5e60.jpg,3921,
https://sprayway-tpr.com/includes/do_image.php?code=zOTczME5,https://sprayway-tpr.com/modules/product/popup/send_email.php?id=229&lang=vn&TB_iframe=true&width=650&height=550,,,assets/73354a59df2040f9.php,1147,
https://sprayway-tpr.com/vnt_upload/product/08_2012/thumbs/sw116.jpg,https://sprayway-tpr.com/modules/product/popup/send_email.php?id=231&lang=vn&TB_iframe=true&width=650&height=550,,,assets/b8a8bddb9e56a638.jpg,4111,
https://sprayway-tpr.com/includes/do_image.php?code=DOTMwMkz,https://sprayway-tpr.com/modules/product/popup/send_email.php?id=231&lang=vn&TB_iframe=true&width=650&height=550,,,assets/e9ef0a69cea59941.php,1192,
https://sprayway-tpr.com/vnt_upload/product/09_2016/thumbs/SW508.jpg,https://sprayway-tpr.com/modules/product/popup/send_email.php?id=236&lang=vn&TB_iframe=true&width=650&height=550,,,assets/8045886ab72d5f93.jpg,3168,
https://sprayway-tpr.com/includes/do_image.php?code=DNjI2NE2,https://sprayway-tpr.com/modules/product/popup/send_email.php?id=236&lang=vn&TB_iframe=true&width=650&height=550,,,assets/a1792d0ebdbc56f7.php,1113,
https://sprayway-tpr.com/vnt_upload/product/09_2016/thumbs/SW558.jpg,https://sprayway-tpr.com/modules/product/popup/send_email.php?id=237&lang=vn&TB_iframe=true&width=650&height=550,,,assets/f9a8a3b2c6497477.jpg,3131,
https://sprayway-tpr.com/includes/do_image.php?code=DMjU0NM1,https://sprayway-tpr.com/modules/product/popup/send_email.php?id=237&lang=vn&TB_iframe=true&width=650&height=550,,,assets/205e46b727bd7907.php,1124,
https://sprayway-tpr.com/vnt_upload/product/08_2012/thumbs/sw575.jpg,https://sprayway-tpr.com/modules/product/popup/send_email.php?id=238&lang=vn&TB_iframe=true&width=650&height=550,,,assets/d0c7fd7c9b20365b.jpg,3295,
https://sprayway-tpr.com/includes/do_image.php?code=DODkxOMy,https://sprayway-tpr.com/modules/product/popup/send_email.php?id=238&lang=vn&TB_iframe=true&width=650&height=550,,,assets/54cd6318170ed300.php,1148,
https://sprayway-tpr.com/vnt_upload/product/11_2024/thumbs/Chai_tay_rua_vet_ban_tren_tham_Sprayway_676_1.png,https://sprayway-tpr.com/modules/product/popup/send_email.php?id=88&lang=vn&TB_iframe=true&width=650&height=550,,,assets/d3aa3ae72e910c7b.png,11252,
https://sprayway-tpr.com/includes/do_image.php?code=zMjE1NIx,https://sprayway-tpr.com/modules/product/popup/send_email.php?id=88&lang=vn&TB_iframe=true&width=650&height=550,,,assets/837d71d3d8a7f2cd.php,1094,
https://sprayway-tpr.com/vnt_upload/product/11_2016/thumbs/945_US_CF.jpg,https://sprayway-tpr.com/modules/product/popup/send_email.php?id=272&lang=vn&TB_iframe=true&width=650&height=550,,,assets/f3c63b0dce850e58.jpg,3534,
https://sprayway-tpr.com/includes/do_image.php?code=jNzcyMM5,https://sprayway-tpr.com/modules/product/popup/send_email.php?id=272&lang=vn&TB_iframe=true&width=650&height=550,,,assets/1957c67488e8646e.php,1130,
https://sprayway-tpr.com/vnt_upload/product/08_2012/thumbs/731.jpg,https://sprayway-tpr.com/modules/product/popup/send_email.php?id=407&lang=vn&TB_iframe=true&width=650&height=550,,,assets/468a3da088cf2c8c.jpg,3036,
https://sprayway-tpr.com/includes/do_image.php?code=zNTE2MQ5,https://sprayway-tpr.com/modules/product/popup/send_email.php?id=407&lang=vn&TB_iframe=true&width=650&height=550,,,assets/833fe16c3deeca51.php,1136,
https://sprayway-tpr.com/vnt_upload/product/06_2024/thumbs/821_1_1.jpg,https://sprayway-tpr.com/modules/product/popup/send_email.php?id=338&lang=vn&TB_iframe=true&width=650&height=550,,,assets/14b7a8cdc682ba9a.jpg,3424,
https://sprayway-tpr.com/includes/do_image.php?code=zNjUzMcy,https://sprayway-tpr.com/modules/product/popup/send_email.php?id=338&lang=vn&TB_iframe=true&width=650&height=550,,,assets/ea1e63cae4816101.php,1139,
https://sprayway-tpr.com/vnt_upload/product/03_2024/thumbs/LDH_X1_1.jpg,https://sprayway-tpr.com/modules/product/popup/send_email.php?id=546&lang=vn&TB_iframe=true&width=650&height=550,,,assets/2c3b9beb3e19a4b0.jpg,5139,
https://sprayway-tpr.com/includes/do_image.php?code=DOTU2OA0,https://sprayway-tpr.com/modules/product/popup/send_email.php?id=546&lang=vn&TB_iframe=true&width=650&height=550,,,assets/7ddd8c2f0bdf88bf.php,1167,
https://sprayway-tpr.com/vnt_upload/product/09_2016/thumbs/SW209.jpg,https://sprayway-tpr.com/modules/product/popup/send_email.php?id=429&lang=vn&TB_iframe=true&width=650&height=550,,,assets/a7a029cf1a9abc29.jpg,3338,
https://sprayway-tpr.com/includes/do_image.php?code=jNzgxMU0,https://sprayway-tpr.com/modules/product/popup/send_email.php?id=429&lang=vn&TB_iframe=true&width=650&height=550,,,assets/d1d999156f8f6394.php,1130,
https://sprayway-tpr.com/vnt_upload/product/11_2016/thumbs/822us.png,https://sprayway-tpr.com/modules/product/popup/send_email.php?id=431&lang=vn&TB_iframe=true&width=650&height=550,,,assets/0274c17663751017.png,10583,
https://sprayway-tpr.com/includes/do_image.php?code=jMzQxME4,https://sprayway-tpr.com/modules/product/popup/send_email.php?id=431&lang=vn&TB_iframe=true&width=650&height=550,,,assets/94ab7bf6be2244b1.php,1124,
https://sprayway-tpr.com/vnt_upload/product/03_2024/thumbs/LDH_G8.jpg,https://sprayway-tpr.com/modules/product/popup/send_email.php?id=549&lang=vn&TB_iframe=true&width=650&height=550,,,assets/a094f40185147807.jpg,3896,
https://sprayway-tpr.com/includes/do_image.php?code=TODMwNU0,https://sprayway-tpr.com/modules/product/popup/send_email.php?id=549&lang=vn&TB_iframe=true&width=650&height=550,,,assets/c7de874ac2ee91c0.php,1160,
https://sprayway-tpr.com/vnt_upload/product/03_2024/thumbs/LDH_G9.jpg,https://sprayway-tpr.com/modules/product/popup/send_email.php?id=550&lang=vn&TB_iframe=true&width=650&height=550,,,assets/28fd3bdeb41f0be5.jpg,4761,
https://sprayway-tpr.com/includes/do_image.php?code=DMTg4OQ4,https://sprayway-tpr.com/modules/product/popup/send_email.php?id=550&lang=vn&TB_iframe=true&width=650&height=550,,,assets/bb509c96ef798c4b.php,1137,
https://sprayway-tpr.com/vnt_upload/product/03_2024/thumbs/LDH_X3_2.jpg,https://sprayway-tpr.com/modules/product/popup/send_email.php?id=548&lang=vn&TB_iframe=true&width=650&height=550,,,assets/4894e79cb9be1bc4.jpg,5147,
https://sprayway-tpr.com/includes/do_image.php?code=DNjUyNk5,https://sprayway-tpr.com/modules/product/popup/send_email.php?id=548&lang=vn&TB_iframe=true&width=650&height=550,,,assets/388e2b7c7911ffd1.php,1150,
https://sprayway-tpr.com/vnt_upload/product/11_2016/thumbs/789.png,https://sprayway-tpr.com/modules/product/popup/send_email.php?id=478&lang=vn&TB_iframe=true&width=650&height=550,,,assets/df0a9a566fc58d77.png,12936,
https://sprayway-tpr.com/includes/do_image.php?code=zMTU2MEz,https://sprayway-tpr.com/modules/product/popup/send_email.php?id=478&lang=vn&TB_iframe=true&width=650&height=550,,,assets/aaf5ee51b6da53ca.php,1116,
https://sprayway-tpr.com/vnt_upload/product/09_2016/thumbs/SW201.jpg,https://sprayway-tpr.com/modules/product/popup/send_email.php?id=427&lang=vn&TB_iframe=true&width=650&height=550,,,assets/52dda46f7bbb3f1a.jpg,3199,
https://sprayway-tpr.com/includes/do_image.php?code=zNTI2MQ3,https://sprayway-tpr.com/modules/product/popup/send_email.php?id=427&lang=vn&TB_iframe=true&width=650&height=550,,,assets/7b9231e7e0b3bd23.php,1142,
https://sprayway-tpr.com/vnt_upload/product/09_2016/thumbs/SW811.jpg,https://sprayway-tpr.com/modules/product/popup/send_email.php?id=240&lang=vn&TB_iframe=true&width=650&height=550,,,assets/bf11438e846b0fc6.jpg,3109,
https://sprayway-tpr.com/includes/do_image.php?code=DNzA0MEy,https://sprayway-tpr.com/modules/product/popup/send_email.php?id=240&lang=vn&TB_iframe=true&width=650&height=550,,,assets/2de54e7f34536c42.php,1114,
https://sprayway-tpr.com/vnt_upload/product/06_2018/thumbs/224_822_TPR_nap_den.png,https://sprayway-tpr.com/cn/product/497/%E5%8F%B7%E5%9B%BE%E9%92%89%E9%80%9F%E7%B2%98%E5%96%B7%E8%83%B6.html,,,assets/b6358eccda1589ef.png,36112,
https://sprayway-tpr.com/vnt_upload/product/06_2018/thumbs/224_088_nhe.jpg,https://sprayway-tpr.com/cn/product/496/088-tpr-%E5%8F%B7%E5%A4%9A%E5%8A%9F%E8%83%BD%E5%96%B7%E8%83%B6.html,,,assets/0c9db8699f38d7c2.jpg,9063,
https://sprayway-tpr.com/vnt_upload/product/06_2018/thumbs/224_066_TPR_ok.png,https://sprayway-tpr.com/cn/product/495/066-tpr-%E5%8F%B7%E9%9B%BE%E7%8A%B6%E5%96%B7%E8%83%B6.html,,,assets/f5cf2d21d2cca8e3.png,45797,
https://sprayway-tpr.com/vnt_upload/File/Image/flyer_TPR_1688_tieng_trung_01.jpg,https://sprayway-tpr.com/cn/product/602/%E5%89%AA%E7%BA%BF%E6%9C%BA_tpr1688.html,,,assets/d09e3b7ec22cbf90.jpg,12043637,
