url,title,description,h1,image_count,link_count,text_length,html_file
https://sprayway-tpr.com/vn/trang-chu.html,"Industrial Aerosols Vietnam | Sprayway-TPR Co., LTD",Sản phẩm chai xịt SPRAYWAY & TPR trong công nghiệp...,Sản phẩm mới | Video | Sản phẩm | Tin tức,81,191,9803,8f48d876a368c8b2.html
https://sprayway-tpr.com/vn/gioi-thieu.html,Giới thiệu công ty Sprayway,Sản phẩm chai xịt SPRAYWAY & TPR trong công nghiệp...,Giới thiệu công ty Sprayway | Giới thiệu | Video,18,95,10314,23081815098c3566.html
https://sprayway-tpr.com/vn/san-pham/brand/sprayway-products-1.html,Sản phẩm Sprayway,Sản phẩm chai xịt SPRAYWAY & TPR trong công nghiệp...,Sản phẩm Sprayway | Video,25,114,8741,a61717255d4ab924.html
https://sprayway-tpr.com/vn/san-pham/art-supply-1.html,Mỹ Thuật,Sản phẩm chai xịt SPRAYWAY & TPR trong công nghiệp...,Mỹ Thuật | Thương hiệu | Video,25,147,9124,4a1bb38f8d9e3f4b.html
https://sprayway-tpr.com/vn/san-pham/auto-body-2.html,Ngoại Thất Ô tô,Sản phẩm chai xịt SPRAYWAY & TPR trong công nghiệp...,Ngoại Thất Ô tô | Thương hiệu | Video,25,145,9112,ce9e0ad8cfbfca60.html
https://sprayway-tpr.com/vn/san-pham/auto-parts-3.html,Phụ Tùng Ô tô,Sản phẩm chai xịt SPRAYWAY & TPR trong công nghiệp...,Phụ Tùng Ô tô | Thương hiệu | Video,25,146,9225,a00355a653861ff4.html
https://sprayway-tpr.com/vn/san-pham/auto-detailing-4.html,Thiết Bị Ô tô,Sản phẩm chai xịt SPRAYWAY & TPR trong công nghiệp...,Thiết Bị Ô tô | Thương hiệu | Video,25,145,9096,2401e9774ed20f14.html
https://sprayway-tpr.com/vn/san-pham/auto-trim-5.html,Thiết Bị Tự Động,Sản phẩm chai xịt SPRAYWAY & TPR trong công nghiệp...,Thiết Bị Tự Động | Thương hiệu | Video,25,146,9133,1a6225905eb96cee.html
https://sprayway-tpr.com/vn/san-pham/digital-equipment--office-supply-6.html,Điện Tử & Văn Phòng,Sản phẩm chai xịt SPRAYWAY & TPR trong công nghiệp...,Điện Tử & Văn Phòng | Thương hiệu | Video,25,146,9181,9c8b764034b686bc.html
https://sprayway-tpr.com/vn/san-pham/furniture--amp;-upholstery-7.html,Gia Dụng & Nội Thất,Sản phẩm chai xịt SPRAYWAY & TPR trong công nghiệp...,Gia Dụng & Nội Thất | Thương hiệu | Video,25,149,9261,51a7546c1d2914af.html
https://sprayway-tpr.com/vn/san-pham/glass--amp;-mirror-trades-8.html,Kiếng và Gương,Sản phẩm chai xịt SPRAYWAY & TPR trong công nghiệp...,Kiếng và Gương | Thương hiệu | Video,25,145,9156,ab69a649717ce5cb.html
https://sprayway-tpr.com/vn/san-pham/graphic-arts-9.html,Nghệ Thuật Quảng Cáo,Sản phẩm chai xịt SPRAYWAY & TPR trong công nghiệp...,Nghệ Thuật Quảng Cáo | Thương hiệu | Video,25,145,9144,ee29d919ff17f44c.html
https://sprayway-tpr.com/vn/san-pham/hardware-supplies-10.html,Dich Vu Sua Chua,Sản phẩm chai xịt SPRAYWAY & TPR trong công nghiệp...,Dịch Vụ Sửa Chữa | Thương hiệu | Video,25,147,9121,22a28cd29209f1ce.html
https://sprayway-tpr.com/vn/san-pham/housekeeping-11.html,Hàng Tiêu Dùng,Sản phẩm chai xịt SPRAYWAY & TPR trong công nghiệp...,Hàng Tiêu Dùng | Thương hiệu | Video,25,147,9145,930d75b81f034777.html
https://sprayway-tpr.com/vn/san-pham/industrial-maintenance-12.html,Ngành Bảo Trì,Sản phẩm chai xịt SPRAYWAY & TPR trong công nghiệp...,Dịch Vụ Bảo Trì | Thương hiệu | Video,25,149,9169,5c4a109cc1065e90.html
https://sprayway-tpr.com/vn/san-pham/mass-merchant-13.html,Siêu Thị,Sản phẩm chai xịt SPRAYWAY & TPR trong công nghiệp...,Siêu Thị | Thương hiệu | Video,25,147,9111,18b150b5e84bae8a.html
https://sprayway-tpr.com/vn/san-pham/picture-framing-14.html,Khung Ảnh,Sản phẩm chai xịt SPRAYWAY & TPR trong công nghiệp...,Khung Ảnh | Thương hiệu | Video,25,144,9149,b84001246ad670f9.html
https://sprayway-tpr.com/vn/san-pham/screen-printing-15.html,In Lưới,Sản phẩm chai xịt SPRAYWAY & TPR trong công nghiệp...,In Lưới | Thương hiệu | Video,25,145,9150,fccef4dcd8e9496a.html
https://sprayway-tpr.com/vn/san-pham/sewing-trades-16.html,May Mặc,Sản phẩm chai xịt SPRAYWAY & TPR trong công nghiệp...,May Mặc | Thương hiệu | Video,25,151,9092,f6d56a88dd4bc254.html
https://sprayway-tpr.com/vn/san-pham/sign-industry-17.html,Quảng Cáo,Sản phẩm chai xịt SPRAYWAY & TPR trong công nghiệp...,Quảng Cáo | Thương hiệu | Video,25,145,9099,2eab4a77faec9c3f.html
https://sprayway-tpr.com/vn/san-pham/woodworking-trades-18.html,Ngành Gỗ,Sản phẩm chai xịt SPRAYWAY & TPR trong công nghiệp...,Ngành Gỗ | Thương hiệu | Video,25,145,9222,d03e5849bbb39fc7.html
https://sprayway-tpr.com/vn/san-pham/brand/tpr-products-2.html,Sản phẩm TPR,Sản phẩm chai xịt SPRAYWAY & TPR trong công nghiệp...,Sản phẩm TPR | Sản phẩm TPR | Video,25,112,8816,6162edcc620258c7.html
https://sprayway-tpr.com/vn/san-pham/brand/sewing-trades-4.html,MAY MẶC,Sản phẩm chai xịt SPRAYWAY & TPR trong công nghiệp...,MAY MẶC | Sản phẩm TPR | Video,21,102,8598,92c7948b8f23b413.html
https://sprayway-tpr.com/vn/san-pham/brand/screen-printing-3.html,IN LƯỚI,Sản phẩm chai xịt SPRAYWAY & TPR trong công nghiệp...,IN LƯỚI | Sản phẩm TPR | Video,18,96,8522,053c041910a0ca4e.html
https://sprayway-tpr.com/vn/san-pham/brand/may_cat_chi_thong_minh-36.html,MÁY CẮT CHỈ THÔNG MINH,Sản phẩm chai xịt SPRAYWAY & TPR trong công nghiệp...,MÁY CẮT CHỈ THÔNG MINH | Sản phẩm TPR | Video,20,100,8607,26e826d18579051b.html
https://sprayway-tpr.com/vn/san-pham/brand/thiet_bi_hut_bui_bang_khi_nen-37.html,THIẾT BỊ HÚT BỤI BẰNG KHÍ NÉN,Sản phẩm chai xịt SPRAYWAY & TPR trong công nghiệp...,THIẾT BỊ HÚT BỤI BẰNG KHÍ NÉN | Sản phẩm TPR | Video,18,96,8579,9dc4ea61bae98360.html
https://sprayway-tpr.com/vn/san-pham/brand/srayway-singapore-7.html,SRAYWAY SINGAPORE,Sản phẩm chai xịt SPRAYWAY & TPR trong công nghiệp...,SPRAYWAY SINGAPORE | SPRAYWAY SINGAPORE | Video,25,109,8812,1b81488da5b5fc09.html
https://sprayway-tpr.com/vn/san-pham/brand/san-pham-anc-5.html,San Pham ANC,Sản phẩm chai xịt SPRAYWAY & TPR trong công nghiệp...,Sản Phẩm ANC | Sản Phẩm ANC | Video,25,109,8750,d91b90a1f67caac7.html
https://sprayway-tpr.com/vn/san-pham/brand/may-mac-6.html,MAY MAC,Sản phẩm chai xịt SPRAYWAY & TPR trong công nghiệp...,MAY MẶC | Sản Phẩm ANC | Video,25,110,8748,de1799126c2248e8.html
https://sprayway-tpr.com/vn/san-pham/brand/gia-dung--noi-that-11.html,GIA DUNG/ NOI THAT,Sản phẩm chai xịt SPRAYWAY & TPR trong công nghiệp...,GIA DỤNG/ NỘI THẤT | Sản Phẩm ANC | Video,18,94,8484,e1a41e8d37151ad9.html
https://sprayway-tpr.com/vn/san-pham/brand/rarosa-9.html,TAY VET BAN TREN VAI,rarosa,RAROSA | RAROSA | Video,25,108,8556,f1a24338478804de.html
https://sprayway-tpr.com/vn/san-pham/brand/may-mac-10.html,May Mặc,Sản phẩm chai xịt SPRAYWAY & TPR trong công nghiệp...,MAY MẶC | RAROSA | Video,25,109,8546,89435ffeb1fbb479.html
https://sprayway-tpr.com/vn/san-pham/brand/cerliani-12.html,ổ chao,Ổ Chao,CERLIANI | CERLIANI | Video,18,92,8404,1878314e75e29271.html
https://sprayway-tpr.com/vn/san-pham/brand/may-mac-16.html,O Chao,Sản phẩm chai xịt SPRAYWAY & TPR trong công nghiệp...,Ổ CHAO | CERLIANI | Video,18,93,8409,b6c793f9b61a334a.html
https://sprayway-tpr.com/vn/san-pham/brand/ss-jjw-13.html,SS-JJW,Sản phẩm chai xịt SPRAYWAY & TPR trong công nghiệp...,SS-JJW | SS-JJW | Video,18,92,8409,3794945a5f98b2dd.html
https://sprayway-tpr.com/vn/san-pham/brand/nuoc-ban-tay-17.html,NUOC BAN TAY,Sản phẩm chai xịt SPRAYWAY & TPR trong công nghiệp...,NƯỚC BẮN TẨY | SS-JJW | Video,18,93,8434,488e776614261eba.html
https://sprayway-tpr.com/vn/san-pham/brand/Rabbitchalk-14.html,Rabbitchalk,Sản phẩm chai xịt SPRAYWAY & TPR trong công nghiệp...,Rabbitchalk | Rabbitchalk | Video,22,103,8556,b95a87e7c4a9d532.html
https://sprayway-tpr.com/vn/san-pham/brand/phan-may-dang-bot-23.html,PHAN MAY DANG BOT,Sản phẩm chai xịt SPRAYWAY & TPR trong công nghiệp...,PHẤN MAY DẠNG BỘT | Rabbitchalk | Video,18,96,8519,e62e97084b9ffa0f.html
https://sprayway-tpr.com/vn/san-pham/brand/phan-may-dang-viet-22.html,PHAN MAY DANG VIET,Sản phẩm chai xịt SPRAYWAY & TPR trong công nghiệp...,PHẤN MAY DẠNG VIẾT | Rabbitchalk | Video,18,96,8523,2cf389c84847a6f9.html
https://sprayway-tpr.com/vn/san-pham/brand/phan-may-paraffin-21.html,PHAN MAY PARAFFIN,Sản phẩm chai xịt SPRAYWAY & TPR trong công nghiệp...,PHẤN MAY PARAFFIN | Rabbitchalk | Video,18,96,8519,a9babe75b0c90e2e.html
https://sprayway-tpr.com/vn/san-pham/556/rabbitchalk-vaporizable.html,PHẤN MAY VAPORIZABLE,"Đặc trưng:	Không có để dấu, Không có thiệt hại trên vải.	• Các vết phấn sẽ mờ hoàn toàn sau 72~148 giờ sau khi ...",PHẤN MAY VAPORIZABLE | PHẤN MAY VAPORIZABLE | Sản phẩm cùng loại | Rabbitchalk | Video,23,104,9298,453990b57318f38c.html
https://sprayway-tpr.com/vn/san-pham/brand/ldh-19.html,LDH,Sản phẩm chai xịt SPRAYWAY & TPR trong công nghiệp...,LDH | LDH | Video,25,109,8696,65ca694c89eeef2a.html
https://sprayway-tpr.com/vn/san-pham/brand/keo-cat-vai-25.html,KÉO CẮT VẢI,KÉO CẮT VẢI,KÉO CẮT VẢI | LDH | Video,25,110,8730,36ad741dfcd6a38a.html
https://sprayway-tpr.com/vn/san-pham/brand/keo-cat-chi-24.html,KÉO CẮT CHỈ,Sản phẩm chai xịt SPRAYWAY & TPR trong công nghiệp...,KÉO CẮT CHỈ | LDH | Video,19,96,8470,f6df7d8f1920506a.html
https://sprayway-tpr.com/vn/san-pham/brand/%E1%BB%95%20chao-27.html,ổ chao,Ổ CHAO SANME,Ổ CHAO SANME | SANME | Video,24,105,8757,f5a0ecf070aa4fbd.html
https://sprayway-tpr.com/vn/san-pham/brand/may-cat-chi-thong-minh-29.html,máy cắt chỉ thông minh,Sản phẩm chai xịt SPRAYWAY & TPR trong công nghiệp...,MÁY CẮT CHỈ THÔNG MINH | JS | Video,18,94,8484,c94d706b1ea8d69c.html
https://sprayway-tpr.com/vn/san-pham/brand/sung-hut-thoi-bui-31.html,SUNG HÚT THỔI BỤI,Sản phẩm chai xịt SPRAYWAY & TPR trong công nghiệp...,SUNG HÚT THỔI BỤI | JS | Video,20,98,8532,65faca6129d70ac7.html
https://sprayway-tpr.com/vn/news/news-1.html,Tin Tức,Sản phẩm chai xịt SPRAYWAY & TPR trong công nghiệp...,Tin Tức | Tin Tức | Video,27,112,11062,bf56960525bf3478.html
https://sprayway-tpr.com/vn/video.html,"Industrial Aerosols Vietnam | Sprayway-TPR Co., LTD","Chuyên mục Video Clips của Sprayway-TPR Co., LTD",Video clip | Video clip | Video,37,143,9050,29ea33eef6394bf1.html
https://sprayway-tpr.com/vn/lien-he.html,Liên hệ - góp ý,Sản phẩm chai xịt SPRAYWAY & TPR trong công nghiệp...,"Liên hệ - góp ý | SPRAYWAY-TPR CO.,LTD | Ph&ograve;ng Kinh Doanh | Ph&ograve;ng Kế To&aacute;n",23,87,8935,fd10070e11a7c571.html
https://sprayway-tpr.com/en/main.html,"Industrial Aerosols Vietnam | Sprayway-TPR Co., LTD",The aerosols supply for industrial trade...,New products | Video | Product | News,105,218,10307,a1705d42ee196678.html
https://sprayway-tpr.com/cn/main.html,"Industrial Aerosols Vietnam | Sprayway-TPR Co., LTD",The aerosols supply for industrial trade...,New products | Video | Product | News,110,210,5801,9a61c7b6ce540907.html
https://sprayway-tpr.com/vn/san-pham.html,Sản phẩm,Sản phẩm,Trang chủ Sản phẩm | Thương hiệu | Video,25,151,9168,7f304d95f2d26b56.html
https://sprayway-tpr.com/vn/san-pham/maintenance-12.html,Ngành Bảo Trì,Sản phẩm chai xịt SPRAYWAY & TPR trong công nghiệp...,Dịch Vụ Bảo Trì | Thương hiệu | Video,25,149,9169,f52fbe5643f84182.html
https://sprayway-tpr.com/vn/san-pham/554/keo-bam-chi-12-5cm-ldh-211x.html,Keo bam chi 12.5cm LDH-211X,"Thông Tin Sản Phẩm: LDH-211X	- Chất Liệu Thép - Ngăn Chặn Rỉ Sét Với Chất Lượng Cao, Sản phẩm được tạo nên từ chất liệu thép ...",KÉO CẮT CHỈ | Kéo bấm chỉ 12.5cm LDH-211X | Sản phẩm cùng loại | LDH | Video,28,107,9168,53e8257c6d572a8c.html
https://sprayway-tpr.com/vn/san-pham/553/keo-cat-vai-cao-cap-12-inch-ldh-g12.html,Keo cat vai cao cap 12 inch LDH-G12,"THÔNG TIN SẢN PHẨM: LDH-G12	- Kéo chuyên dùng để cắt vải, lưỡi kéo được làm bằng thép không rỉ.	- Ốc siết bằng đồng ...",KÉO CẮT VẢI | Kéo cắt vải cao cấp 12 inch LDH-G12 | Sản phẩm cùng loại | LDH | Video,37,125,9882,8a809cd55e9535fa.html
https://sprayway-tpr.com/vn/san-pham/552/keo-cat-vai-cao-cap-11-inch-ldh-g11.html,Keo cat vai cao cap 11 inch LDH-G11,"THÔNG TIN SẢN PHẨM: LDH-G11	- Được làm bằng thép không rỉ, sử dụng được lâu dài	- Ốc siết bằng đồng có độ giãn ...",KÉO CẮT VẢI | Kéo cắt vải cao cấp 11 inch LDH-G11 | Sản phẩm cùng loại | LDH | Video,38,125,9838,c713b086ec91e16f.html
https://sprayway-tpr.com/vn/san-pham/540/o-chao-cerliani.html,O CHAO CERLIANI,Sản phẩm chai xịt SPRAYWAY & TPR trong công nghiệp...,Ổ CHAO | Ổ CHAO CERLIANI | Sản phẩm cùng loại | CERLIANI | Video,23,100,8592,00b9dc6eb5fe7d84.html
https://sprayway-tpr.com/vn/san-pham/538/384---keo-dan-dinh-vi-(-chiu-nhiet-cao).html,Keo Dán Định Vị - Sprayway 384,SPRAYWAY 384,Sản phẩm Sprayway | 384 - KEO DÁN ĐỊNH VỊ (CHỊU NHIỆT CAO) | Sản phẩm cùng loại | Video,32,118,9581,f663bc22786d6d70.html
https://sprayway-tpr.com/vn/san-pham/600/chai-xit-rua-kinh-dien-tu-SS040.html,Chai xịt tẩy rửa kính chuyên dụng cho thiết bị điện tử SS 040,"Khả năng khử tĩnh điện
Tẩy sạch vết bẩn, ám khói trên bề mặt kính của khung hình, máy in, tác phẩm nghệ thuật, khung in lụa, ống kính máy chụp ảnh, photocopy…, không để lại dấu vết.
Không chứa chất ammonia.
Đặc biệt sử dụng màn hình máy vi tính, thiết bị xuất phim.",SPRAYWAY SINGAPORE | Chai xịt tẩy rửa kính chuyên dụng cho thiết bị điện tử SS 040 | Sản phẩm cùng loại | SPRAYWAY SINGAPORE | Video,34,121,9462,f4d6f500e449cc16.html
https://sprayway-tpr.com/vn/san-pham/566/chai%20x%E1%BB%8Bt%20%C4%91%C3%A1%20granit.html,granit 702,Chai xịt đá granit và đá cẩm thạch,Sản phẩm Sprayway | CHAI XỊT SPRAYWAY ĐÁ GRANIT VÀ ĐÁ CẨM THẠCH | Sản phẩm cùng loại | Video,32,118,9078,b54fbbd77fc3047e.html
https://sprayway-tpr.com/vn/san-pham/542/nuoc%20ban%20tay.html,Nuoc ban tay,Sản phẩm chai xịt SPRAYWAY & TPR trong công nghiệp...,NƯỚC BẮN TẨY | NƯỚC BẮN TẨY JJW-008 | Sản phẩm cùng loại | SS-JJW | Video,23,100,8611,0515976f810fb7c0.html
https://sprayway-tpr.com/vn/san-pham/416/crazy-clean-all-purpose-cleaner.html,031-CHAI XỊT TẨY ĐA NĂNG,"Chai xịt tẩy đa năng, tiết kiệm và hiệu quả trong việc tẩy sạch vết vân tay, vết sáp, ám khói, dầu mỡ trên vải, tường, thiết ...",Sản phẩm Sprayway | 031-CHAI XỊT TẨY ĐA NĂNG | Sản phẩm cùng loại | Video,45,131,9508,1c60a8891c57f84b.html
https://sprayway-tpr.com/vn/san-pham/541/phan-may.html,Chalk,,PHẤN MAY | PHẤN MAY | Sản phẩm cùng loại | Thương hiệu | Video,23,135,9026,2651b15201d7d7ff.html
https://sprayway-tpr.com/vn/san-pham/451/graphic-arts-glass-cleaner.html,040-BÌNH XỊT TẨY RỬA KÍNH CHUYÊN DỤNG," 			Khả năng khử tĩnh điện			Tẩy sạch vết bẩn, &aacute;m kh&oacute;i tr&ecirc;n bề mặt k&iacute;nh của khung h&igrave;nh, m&aacute;y in, t&aacute;c phẩm nghệ thuật, ...",Sản phẩm Sprayway | 040-BÌNH XỊT TẨY RỬA KÍNH CHUYÊN DỤNG | Sản phẩm cùng loại | Video,38,124,9422,2576fe626db0c7e2.html
https://sprayway-tpr.com/vn/san-pham/564/chai_xit_828.html,Chai Xịt TPR 828,Sản phẩm chai xịt SPRAYWAY & TPR trong công nghiệp...,Sản phẩm TPR | CHAI XỊT TẨY KEO LÓT TPR 828 | Sản phẩm cùng loại | Sản phẩm TPR | Video,32,122,9073,5badd7852288e4be.html
https://sprayway-tpr.com/vn/san-pham/502/pull-out-2-chai-xit-tay-vet-dau-tren-vai.html,PULL OUT 2 - CHAI XIT TAY VET DAU TREN VAI,PULL OUT 2 là Bình xịt tẩy dầu dạng bột. Sản phẩm hoạt động tốt nhất khi sử dụng chung với dung dịch tẩy bẩn chất lượng. Công thức đặc ...,MAY MẶC | PULL OUT 2 - CHAI XỊT TẨY VẾT DẦU TRÊN VẢI | Sản phẩm cùng loại | Sản Phẩm ANC | Video,33,121,9534,f219e3f70aadf362.html
https://sprayway-tpr.com/vn/san-pham/433/c60-solvent-cleaner-degraser.html,063-DUNG DỊCH TẨY RỬA CHẤT DẦU MỠ,"Chuyên dùng để tẩy rửa các thiết bị trong nghệ thuật, tranh ảnh, hội họa, may mặc.
An toàn khi thao tác trên máy...",Sản phẩm Sprayway | 063-CHAI XỊT TẨY RỬA CHẤT DẦU MỠ | Sản phẩm cùng loại | Video,44,130,9521,ebe4e2d315e9600f.html
https://sprayway-tpr.com/vn/san-pham/503/pull-out-premium---chai-xit-tay-vet-dau-tren-vai.html,PULL OUT PREMIUM - CHAI XIT TAY VET DAU TREN VAI,PULL OUT PREMIUM là Bình xịt tẩy dầu dạng bột không chứa chất clo. Sản phẩm hoạt động tốt nhất khi sử dụng chung với dung dịch tẩy bẩn ...,MAY MẶC | PULL OUT PREMIUM - CHAI XỊT TẨY VẾT DẦU TRÊN VẢI | Sản phẩm cùng loại | Sản Phẩm ANC | Video,33,121,9578,45b3e959b5254a84.html
https://sprayway-tpr.com/vn/san-pham/52/industrial-silicone-lubricant.html,077-DẦU SILICONE BÔI TRƠN DẠNG ƯỚT,"Loại dầu bôi trơn có hiệu quả kinh tế cao dùng trong ngành may			Tránh được hiện tượng máy bị khô, giảm tiếng ...",Sản phẩm Sprayway | 077-DẦU SILICONE BÔI TRƠN DẠNG ƯỚT | Sản phẩm cùng loại | Video,41,127,9729,8e544dda2a07d353.html
https://sprayway-tpr.com/vn/san-pham/316/mist-type-spray-adhesive.html,082-KEO XỊT DẠNG PHUN SƯƠNG DÙNG TRONG IN VẢI,"Chuy&ecirc;n d&ugrave;ng định vị cho c&aacute;c sản phẩm dệt vải thun, giấy carton, sợi tổng hợp hoặc in lụa...			T&aacute;i d&aacute;n nhiều lần vẫn đảm bảo độ ...",Sản phẩm Sprayway | 082-KEO XỊT DẠNG PHUN SƯƠNG DÙNG TRONG IN VẢI | Sản phẩm cùng loại | Video,32,118,9292,6b25cb4dfe8c7c54.html
https://sprayway-tpr.com/vn/san-pham/318/super-flash-spray-adhesive.html,084-KEO XỊT ĐỊNH VỊ VẢI KHI IN LỤA(chiệu nhiệt cao),Công thức được thiết kế đặc biệt cho các cửa hàng in ấn màn hình.			Hoàn hảo cho các ứng dụng và nhiệt độ cần ...,Sản phẩm Sprayway | 084-KEO XỊT ĐỊNH VỊ VẢI KHI IN LỤA(chiệu nhiệt cao) | Sản phẩm cùng loại | Video,32,118,9471,e718ec9132b3a20a.html
https://sprayway-tpr.com/vn/san-pham/7/822-tpr-keo-dan-dinh-vi.html,822 TPR-KEO DAN DINH VI,Một sản phẩm rất cần thiết cho c&aacute;c xưởng dệt may & xưởng th&ecirc;u.			Gi&uacute;p xử l&yacute; được nhiều vấn đề trong q&uacute;a tr&igrave;nh r&aacute;p ...,MAY MẶC | 822 TPR-KEO DÁN ĐỊNH VỊ | Sản phẩm cùng loại | Sản phẩm TPR | Video,42,111,9234,e15b4142a2078b86.html
https://sprayway-tpr.com/vn/san-pham/501/ss945.html,chai xịt bôi trơn SS945,dạng khô dễ sử dụng,"MAY MẶC | SS945 - SILICONE CHUYÊN DÙNG ĐỂ BÔI TRƠN CHỈ MAY, KHUNG IN, BẢNG IN, MÁY CẮT VẢI, CHI TIẾT MÁY MÓC VÀ CÁC LOẠI MÁY CẮT GIẤY | Sản phẩm cùng loại | SPRAYWAY SINGAPORE | Video",25,102,10872,6fc58a06bd7033e8.html
https://sprayway-tpr.com/vn/trang-chu.html?p=2,"Industrial Aerosols Vietnam | Sprayway-TPR Co., LTD",Sản phẩm chai xịt SPRAYWAY & TPR trong công nghiệp...,Sản phẩm mới | Video | Sản phẩm | Tin tức,81,192,9624,358917fc957b855f.html
https://sprayway-tpr.com/vn/trang-chu.html?p=3,"Industrial Aerosols Vietnam | Sprayway-TPR Co., LTD",Sản phẩm chai xịt SPRAYWAY & TPR trong công nghiệp...,Sản phẩm mới | Video | Sản phẩm | Tin tức,81,192,9704,9d54b781c1a57d3a.html
https://sprayway-tpr.com/vn/trang-chu.html?p=4,"Industrial Aerosols Vietnam | Sprayway-TPR Co., LTD",Sản phẩm chai xịt SPRAYWAY & TPR trong công nghiệp...,Sản phẩm mới | Video | Sản phẩm | Tin tức,81,192,9664,6a0a3245da02fb8c.html
https://sprayway-tpr.com/vn/trang-chu.html?p=5,"Industrial Aerosols Vietnam | Sprayway-TPR Co., LTD",Sản phẩm chai xịt SPRAYWAY & TPR trong công nghiệp...,Sản phẩm mới | Video | Sản phẩm | Tin tức,81,193,9672,e0afa518563ed168.html
https://sprayway-tpr.com/vn/trang-chu.html?p=6,"Industrial Aerosols Vietnam | Sprayway-TPR Co., LTD",Sản phẩm chai xịt SPRAYWAY & TPR trong công nghiệp...,Sản phẩm mới | Video | Sản phẩm | Tin tức,81,193,9816,bdc056fd7f964a2c.html
https://sprayway-tpr.com/vn/trang-chu.html?p=7,"Industrial Aerosols Vietnam | Sprayway-TPR Co., LTD",Sản phẩm chai xịt SPRAYWAY & TPR trong công nghiệp...,Sản phẩm mới | Video | Sản phẩm | Tin tức,81,193,9878,3652a70eb7fc01bf.html
https://sprayway-tpr.com/vn/trang-chu.html?p=8,"Industrial Aerosols Vietnam | Sprayway-TPR Co., LTD",Sản phẩm chai xịt SPRAYWAY & TPR trong công nghiệp...,Sản phẩm mới | Video | Sản phẩm | Tin tức,81,193,9681,4912a08fadf58819.html
https://sprayway-tpr.com/vn/trang-chu.html?p=10,"Industrial Aerosols Vietnam | Sprayway-TPR Co., LTD",Sản phẩm chai xịt SPRAYWAY & TPR trong công nghiệp...,Sản phẩm mới | Video | Sản phẩm | Tin tức,67,164,9284,327975589c4486ad.html
https://sprayway-tpr.com/vn/video/detail/rarosa-rs222-sieu-tay-ban-voi-cong-nghe-nhat-ban-67.html,"Industrial Aerosols Vietnam | Sprayway-TPR Co., LTD",máy tẩy bẩn siêu sạch,Rarosa Rs222 Siêu Tẩy Bẩn Với Công Nghệ Nhật Bản | Video clip | Video,21,109,8797,e597a5cf9a1f7e1b.html
https://sprayway-tpr.com/vn/video/detail/pull-out-premium-chai-xit-tay-vet-dau-tren-vai-hieu-qua-cao-68.html,"Industrial Aerosols Vietnam | Sprayway-TPR Co., LTD",Sản phẩm chai xịt SPRAYWAY & TPR trong công nghiệp...,Pull Out Premium Chai Xịt Tẩy Vết Dầu Trên Vải Hiệu Quả Cao | Video clip | Video,21,109,8808,de013376b1fb2d2a.html
https://sprayway-tpr.com/vn/news/detail/vietbuild-home-2020---trien-lam-quoc-te-nha-o--trang-tri-noi-ngoai-that---do-dung-gia-dinh-50.html,VIETBUILD HOME 2020 - TRIỂN LÃM QUỐC TẾ NHÀ Ở- TRANG TRÍ NỘI NGOẠI THẤT & ĐỒ DÙNG GIA ĐÌNH | VIETBUILD HOME 2020 - TRIEN LAM QUOC TE NHA O- TRANG TRI NOI NGOAI THAT & DO DUNG GIA DINH,Sản phẩm chai xịt SPRAYWAY & TPR trong công nghiệp...,Triển lãm | Tin Tức | Video,23,108,9641,a64f93e4f93ad2d3.html
https://sprayway-tpr.com/vn/news.html,"Industrial Aerosols Vietnam | Sprayway-TPR Co., LTD",Sản phẩm chai xịt SPRAYWAY & TPR trong công nghiệp...,Sản phẩm mới | Video | Sản phẩm | Tin tức,81,191,9803,ddc5d87e14a2c40f.html
https://sprayway-tpr.com/modules/contact/popup/maps.php?id=2&lang=vn&TB_iframe=true&width=660&height=460,GoogleMap,,,0,0,9,8976e763c020f8f1.html
https://sprayway-tpr.com/vn/trang/Quy-dinh-va-hinh-thuc-thanh-toan.html,Quy định và hình thức thanh toán | Công ty TNHH SPRAYWAY-TPR,Quy định và hình thức thanh toán | Công ty TNHH SPRAYWAY-TPR,Quy định và hình thức thanh toán | Video,17,88,9128,3a216ace8f0b9c66.html
https://sprayway-tpr.com/vn/trang/Chinh-sach-van-chuyen-giao-nhan.html,Không tìm thấy trang này,,,2,2,137,8fc54cf3e4268d71.html
https://sprayway-tpr.com/vn/trang/Chinh-sach-doi-tra-hang-va-hoan-tien.html,Chính sách đổi/trả hàng và hoàn tiền | Công ty TNHH SPRAYWAY-TPR,Chính sách đổi/trả hàng và hoàn tiền | Công ty TNHH SPRAYWAY-TPR,Chính sách đổi/trả hàng và hoàn tiền | Video,17,88,9639,f9f8efd9a16234af.html
https://sprayway-tpr.com/vn/trang/Chinh-sach-bao-hanh.html,Chính sách bảo hành | Công ty TNHH SPRAYWAY-TPR,Chính sách bảo hành | Công ty TNHH SPRAYWAY-TPR,Chính sách bảo hành | Video,17,88,8745,7c68a73818446e84.html
https://sprayway-tpr.com/vn/trang/Chinh-sach-bao-mat-thong-tin.html,Chính sách bảo mật thông tin | Công ty TNHH SPRAYWAY-TPR,Chính sách bảo mật thông tin | Công ty TNHH SPRAYWAY-TPR,Chính sách bảo mật thông tin | Video,17,88,12624,293d15595caaa929.html
https://sprayway-tpr.com/en/about/about-company.html,Introduce,The aerosols supply for industrial trade...,Introduce | ABOUT | Video,18,93,10033,395baf28cddda940.html
https://sprayway-tpr.com/vn/gioi-thieu/about-company.html,Giới thiệu công ty Sprayway,Sản phẩm chai xịt SPRAYWAY & TPR trong công nghiệp...,Giới thiệu công ty Sprayway | Giới thiệu | Video,18,95,10314,11bd5d418eb8a93f.html
https://sprayway-tpr.com/cn/about/about-company.html,About Company | About Company,The aerosols supply for industrial trade...,公司简介 | ABOUT | Video,18,87,6148,ada70934afef247f.html
https://sprayway-tpr.com/vn/gioi-thieu/our-mission.html,Nhiệm vụ của chúng tôi,Sản phẩm chai xịt SPRAYWAY & TPR trong công nghiệp...,Nhiệm vụ của chúng tôi | Giới thiệu | Video,26,95,12454,e310c07937228a3f.html
https://sprayway-tpr.com/vn/gioi-thieu/capabilites.html,Khả năng,Sản phẩm chai xịt SPRAYWAY & TPR trong công nghiệp...,Khả năng | Giới thiệu | Video,26,95,12415,527d378cb80f5205.html
https://sprayway-tpr.com/vn/gioi-thieu/partners.html,Đối tác,Sản phẩm chai xịt SPRAYWAY & TPR trong công nghiệp...,Đối tác | Giới thiệu | Video,26,95,12412,b9dc6657857d4445.html
https://sprayway-tpr.com/vn/gioi-thieu/catalogue.html,"E-Catalogue SPRAYWAY-TPR.,CO LTD | E-Catalogue SPRAYWAY-TPR.,CO LTD",Sản phẩm chai xịt SPRAYWAY & TPR trong công nghiệp...,"E-Catalogue SPRAYWAY-TPR.,CO LTD | Giới thiệu | Video",17,95,8604,889ab9b7fb0403d4.html
https://sprayway-tpr.com/en/product/brand/sprayway-products-1.html,Sprayway products,The aerosols supply for industrial trade...,Sprayway products | Video,29,122,8761,397d069930e81e20.html
https://sprayway-tpr.com/cn/product/brand/sprayway-products-1.html,Sprayway products,The aerosols supply for industrial trade...,Sprayway products | Video,29,116,4619,62001bf06e611994.html
https://sprayway-tpr.com/vn/san-pham/572/chaixitlaukinh048.html,Chai Xit Lau Kinh Sprayway Glass Cleaner 048 (Chai nho 4 OZ),"Sản phẩm chai xịt nước lau k&iacute;nh tốt nhất tr&ecirc;n thế giới.	Vệ sinh kiếng, cửa sổ, gương, k&iacute;nh che gi&oacute;,đồ bằng men, sứ, chrome, ...",Sản phẩm Sprayway | Chai Xịt Lau Kính Sprayway Glass Cleaner 048 (Chai nhỏ 4 OZ) | Sản phẩm cùng loại | Video,32,118,9579,9efecc96f59a66d2.html
https://sprayway-tpr.com/vn/san-pham/567/chaixit608.html,Chai Xit Lau Kinh Sprayway Glass Cleaner 608 (Chai nho 4 OZ),Sản phẩm chai xịt vệ sinh k&iacute;nh cao cấp tốt nhất tr&ecirc;n thế giới.	Chuy&ecirc;n dụng cho m&agrave;n c&aacute;c m&agrave;n k&iacute;nh thuỷ tinh xuy&ecirc;n suốt ( ...,Sản phẩm Sprayway | Chai Xịt Lau Kính Sprayway Glass Cleaner 608 (Chai nhỏ 4 OZ) | Sản phẩm cùng loại | Video,32,118,9901,88f77d09977794a6.html
https://sprayway-tpr.com/vn/san-pham/434/premium-mist-spray-adhesive.html,066-KEO XỊT DẠNG PHUN SƯƠNG,"Giúp dán & giữ cho các rập giấy, mẫu in, ... không bị dịch chuyển.. .			Có tính năng dán tạm thời & dán ...",Sản phẩm Sprayway | 066-KEO XỊT DẠNG PHUN SƯƠNG | Sản phẩm cùng loại | Video,39,125,9554,030bb2db81d9d2d0.html
https://sprayway-tpr.com/vn/san-pham/472/dutch-apple-metered-air.html,104-CHẤT KHỬ MÙI HƯƠNG TÁO,Sản phẩm chai xịt SPRAYWAY & TPR trong công nghiệp...,Sản phẩm Sprayway | 104-CHẤT KHỬ MÙI HƯƠNG TÁO | Sản phẩm cùng loại | Video,34,120,9339,c3006f2129b6fbcf.html
https://sprayway-tpr.com/vn/san-pham/54/fast-tack-hi-temp-heavy-duty-trim-adhesive.html,092-KEO DÁN CHỊU NHIỆT VÀ CHỊU NẶNG CAO," 			C&ocirc;ng thức cho &ocirc; t&ocirc; chuy&ecirc;n nghiệp			Dễ d&agrave;ng kết d&iacute;nh những vật nặng như sắt, gỗ, nhựa.			Chịu nhiệt cao, chịu nặng ...",Sản phẩm Sprayway | 092-KEO DÁN CHỊU NHIỆT VÀ CHỊU NẶNG CAO | Sản phẩm cùng loại | Video,41,127,9319,f92603706d3e3d14.html
https://sprayway-tpr.com/vn/san-pham/317/web-type-spray-adhesive.html,083-KEO XỊT LOẠI VẢI IN MÀU,Sản phẩm chai xịt SPRAYWAY & TPR trong công nghiệp...,Sản phẩm Sprayway | 083-KEO XỊT LOẠI VẢI IN MÀU | Sản phẩm cùng loại | Video,32,118,9408,cbb16e61452fd6dc.html
https://sprayway-tpr.com/vn/san-pham/421/fast-tack-general-purpose-web-adhesive.html,085-KEO ĐỊNH VỊ NHANH KHÔ,Sản phẩm chai xịt SPRAYWAY & TPR trong công nghiệp...,Sản phẩm Sprayway | 085-KEO ĐỊNH VỊ NHANH KHÔ | Sản phẩm cùng loại | Video,36,122,9317,ea447a44e9115aec.html
https://sprayway-tpr.com/vn/san-pham/425/fast-tack-specialty-adhesive.html,089-KEO ĐẶC BIỆT NHANH KHÔ,Sản phẩm chai xịt SPRAYWAY & TPR trong công nghiệp...,Sản phẩm Sprayway | 089-KEO ĐẶC BIỆT NHANH KHÔ | Sản phẩm cùng loại | Video,36,122,9365,48e8f2c09e0adbbd.html
https://sprayway-tpr.com/vn/san-pham/brand/-1.html?p=2,Sản phẩm Sprayway,Sản phẩm chai xịt SPRAYWAY & TPR trong công nghiệp...,Sản phẩm Sprayway | Video,25,115,8697,d3594a865a7965c4.html
https://sprayway-tpr.com/vn/san-pham/brand/-1.html?p=3,Sản phẩm Sprayway,Sản phẩm chai xịt SPRAYWAY & TPR trong công nghiệp...,Sản phẩm Sprayway | Video,25,115,8698,55c52c87ea21dcde.html
https://sprayway-tpr.com/vn/san-pham/brand/-1.html?p=4,Sản phẩm Sprayway,Sản phẩm chai xịt SPRAYWAY & TPR trong công nghiệp...,Sản phẩm Sprayway | Video,25,115,8743,23d684d0beb50f98.html
https://sprayway-tpr.com/vn/san-pham/brand/-1.html?p=5,Sản phẩm Sprayway,Sản phẩm chai xịt SPRAYWAY & TPR trong công nghiệp...,Sản phẩm Sprayway | Video,25,116,8719,a69821ef7d8dde3e.html
https://sprayway-tpr.com/vn/san-pham/brand/-1.html?p=6,Sản phẩm Sprayway,Sản phẩm chai xịt SPRAYWAY & TPR trong công nghiệp...,Sản phẩm Sprayway | Video,25,116,8710,b119c1dcafe9b293.html
https://sprayway-tpr.com/vn/san-pham/brand/-1.html?p=7,Sản phẩm Sprayway,Sản phẩm chai xịt SPRAYWAY & TPR trong công nghiệp...,Sản phẩm Sprayway | Video,25,116,8683,a7204b93fa4c1174.html
https://sprayway-tpr.com/vn/san-pham/brand/-1.html?p=8,Sản phẩm Sprayway,Sản phẩm chai xịt SPRAYWAY & TPR trong công nghiệp...,Sản phẩm Sprayway | Video,25,116,8756,392edc2a50e8dccd.html
https://sprayway-tpr.com/vn/san-pham/brand/-1.html?p=10,Sản phẩm Sprayway,Sản phẩm chai xịt SPRAYWAY & TPR trong công nghiệp...,Sản phẩm Sprayway | Video,25,115,8758,35d79c63c5a388fb.html
https://sprayway-tpr.com/vn/san-pham/424/multi-purpose-spray-adhesive.html,088-KEO XỊT ĐA NĂNG,"Chai phun keo dán, loại keo dán đa năng, có độ hoàn hảo cao, thích hợp dùng trong phòng tranh, họa phẩm, liễn chương, in ...",Sản phẩm Sprayway | 088-KEO XỊT ĐA NĂNG | Sản phẩm cùng loại | Video,39,125,9461,174dad88cb6bbf20.html
https://sprayway-tpr.com/vn/san-pham/394/clean-jet-100.html,805-CHAI TẨY BỤI CHỊU NHIỆT DẠNG HƠI,Chai siêu tẩy bụi dạng áp suất hơi có thề thổi sạch các chất lớp bụi bám cho các bề mặt tiếp xúc cực nhỏ hoặc ...,Sản phẩm Sprayway | 805-CHAI TẨY BỤI CHỊU NHIỆT DẠNG HƠI | Sản phẩm cùng loại | Video,41,127,9520,3b9e81d75e087b04.html
https://sprayway-tpr.com/vn/san-pham/544/keo-cat-cuong-luc-inox-ldh-xs185-18-5cm-.html,Keo cat cuong luc inox LDH-XS185 18.5cm,THÔNG TIN SẢN PHẨM: LDH-XS185	- Kéo gia dụng được sản xuất bởi công ty chuyên về dao kéo LiDaHang ( 利达行 ) phần tên và mã ...,KÉO CẮT VẢI | Kéo cắt cường lực inox LDH-XS185 18.5cm | Sản phẩm cùng loại | LDH | Video,38,124,10293,4dcd429378c5e17f.html
https://sprayway-tpr.com/vn/san-pham/M%E1%BB%B9%20Thu%E1%BA%ADt-1.html?p=2,Mỹ Thuật,Sản phẩm chai xịt SPRAYWAY & TPR trong công nghiệp...,Mỹ Thuật | Thương hiệu | Video,25,148,9104,6fe9378c37e509d7.html
https://sprayway-tpr.com/vn/san-pham/M%E1%BB%B9%20Thu%E1%BA%ADt-1.html?p=3,Mỹ Thuật,Sản phẩm chai xịt SPRAYWAY & TPR trong công nghiệp...,Mỹ Thuật | Thương hiệu | Video,25,148,9093,e457a897bb02c3e9.html
https://sprayway-tpr.com/vn/san-pham/M%E1%BB%B9%20Thu%E1%BA%ADt-1.html?p=4,Mỹ Thuật,Sản phẩm chai xịt SPRAYWAY & TPR trong công nghiệp...,Mỹ Thuật | Thương hiệu | Video,25,148,9109,3cab4c8d20b61de4.html
https://sprayway-tpr.com/vn/san-pham/M%E1%BB%B9%20Thu%E1%BA%ADt-1.html?p=5,Mỹ Thuật,Sản phẩm chai xịt SPRAYWAY & TPR trong công nghiệp...,Mỹ Thuật | Thương hiệu | Video,19,135,8906,267d5abd4b5b07a1.html
https://sprayway-tpr.com/vn/san-pham/brand/may-mac-8.html,MAY MAC,Sản phẩm chai xịt SPRAYWAY & TPR trong công nghiệp...,MAY MẶC | SPRAYWAY SINGAPORE | Video,18,93,8541,8936584cbd1b328a.html
https://sprayway-tpr.com/vn/san-pham/brand/SS-JJW-13.html,SS-JJW,Sản phẩm chai xịt SPRAYWAY & TPR trong công nghiệp...,SS-JJW | SS-JJW | Video,18,92,8409,d33d35b46e7dba41.html
https://sprayway-tpr.com/vn/san-pham/brand/phan-may-vaporizable-20.html,PHAN MAY VAPORIZABLE,Sản phẩm chai xịt SPRAYWAY & TPR trong công nghiệp...,PHẤN MAY VAPORIZABLE | Rabbitchalk | Video,18,96,8531,fad7d38a2c23c8d4.html
https://sprayway-tpr.com/vn/san-pham/brand/sanme-26.html,SANME,Sản phẩm chai xịt SPRAYWAY & TPR trong công nghiệp...,SANME | SANME | Video,24,104,8736,659c4fdf851c15ba.html
https://sprayway-tpr.com/vn/san-pham/brand/logo-js-28.html,thương hiệu JS,Sản phẩm chai xịt SPRAYWAY & TPR trong công nghiệp...,JS | JS | Video,21,99,8517,fd6bbf9a3c3e2df3.html
https://sprayway-tpr.com/vn/san-pham/brand/cxada-32.html,cx-ada,Sản phẩm chai xịt SPRAYWAY & TPR trong công nghiệp...,CX ADA | CX ADA | Video,18,92,8408,1360319820a67a7f.html
https://sprayway-tpr.com/vn/san-pham/brand/sung-ban-tay-33.html,súng bắn tẩy,Sản phẩm chai xịt SPRAYWAY & TPR trong công nghiệp...,SÚNG BẮN TẨY | CX ADA | Video,18,93,8433,0b8f22667a032239.html
https://sprayway-tpr.com/vn/san-pham/brand/kingmu-34.html,kingmu,Sản phẩm chai xịt SPRAYWAY & TPR trong công nghiệp...,KINGMU | KINGMU | Video,18,92,8413,2bb4582c58b795d1.html
https://sprayway-tpr.com/vn/san-pham/brand/sung-phun-kingmu-35.html,SÚNG PHUN KINGMU,Sản phẩm chai xịt SPRAYWAY & TPR trong công nghiệp...,SÚNG BẮN TẨY | KINGMU | Video,18,93,8442,522ae471019d5657.html
https://sprayway-tpr.com/vn/san-pham/brand/sw-38.html,sw,Sản phẩm chai xịt SPRAYWAY & TPR trong công nghiệp...,SW | SW | Video,20,96,8527,3a199a65bfd3923f.html
https://sprayway-tpr.com/vn/san-pham/brand/may-mac-39.html,May Mac,Sản phẩm chai xịt SPRAYWAY & TPR trong công nghiệp...,MAY MẶC | SW | Video,20,97,8545,c872a84b133a6a9a.html
https://sprayway-tpr.com/vn/san-pham/16/hoil-penetrating-oil---rust-preventative.html,Chai xịt dầu chống rỉ xét 961,"Giúp tháo gỡ dễ dàng các bu-lông, ốc vít, cơ cấu kim loại, ... bị rỉ sét do lâu ngày. 			Có tác dụng ...",Sản phẩm Sprayway | 961-DẦU CHỐNG RỈ SÉT | Sản phẩm cùng loại | Video,40,127,13695,83769db6fed2ce57.html
https://sprayway-tpr.com/vn/san-pham/426/malodor-neutralizer.html,190-CHAI XỊT KHỬ MÙI,"Làm cho không khí trong lành, mùi hương tự nhiên, dễ chịu.
Giữ cho căn phòng tươi mát và thơm ngát...",Sản phẩm Sprayway | 190-CHAI XỊT KHỬ MÙI | Sản phẩm cùng loại | Video,47,133,9543,072b3c11788f2e58.html
https://sprayway-tpr.com/vn/san-pham/480/003-Chai-xit-diet-va-chong-con-trung.html,003-CHAI XỊT DIỆT VÀ CHỐNG CÔN TRÙNG,"Chai xịt độc đáo công thức ở Hoa Kỳ, nguồn gốc của Hoa Kỳ, các sản phẩm đáp ứng các Mỹ môi trường Bảo vệ Cơ quan (EPA) Montreal ...",Sản phẩm Sprayway | 003-CHAI XỊT DIỆT VÀ CHỐNG CÔN TRÙNG | Sản phẩm cùng loại | Video,40,126,10315,63c0dbf6e14490b1.html
https://sprayway-tpr.com/vn/san-pham/57/industrial-white-grease-lubricant.html,"715-CHẤT BÔI TRƠN CHỊU NHIỆT CAO, KHÔNG BỊ KHÔ","Được chế tạo cho c&aacute;c ứng dụng khi c&oacute; kim loại tiếp x&uacute;c với kim loại & cần c&oacute; b&ocirc;i trơn					Tạo ra lớp phim b&ocirc;i trơn dạng mỡ, ...","Sản phẩm Sprayway | 715-CHẤT BÔI TRƠN CHỊU NHIỆT CAO, KHÔNG BỊ KHÔ | Sản phẩm cùng loại | Video",39,125,9512,0bac23b6c6768939.html
https://sprayway-tpr.com/vn/san-pham/405/gasket-remover.html,719-TẨY MIẾNG ĐỆM,"Tiết kiệm thời gian và sức lao động cho nhân viên ngành Ô tô và Tẩy miếng đệm dễ dàng, ngay cả khi ...",Sản phẩm Sprayway | 719-TẨY MIẾNG ĐỆM | Sản phẩm cùng loại | Video,35,121,9362,627636ec98f079fd.html
https://sprayway-tpr.com/vn/san-pham/406/industrial-welders-anti-spatter-spray.html,725-CHỐNG TIA HÀN VĂNG,"Tiện dụng cho &ocirc; t&ocirc;, điện tử, phần cứng, bảng trưng b&agrave;y, h&agrave;n,&hellip;			Ngăn chặn sự t&iacute;ch tụ của c&aacute;c tia h&agrave;n ở đầu ...",Sản phẩm Sprayway | 725-CHỐNG TIA HÀN VĂNG | Sản phẩm cùng loại | Video,37,123,9334,6413c881212d3b89.html
https://sprayway-tpr.com/vn/san-pham/Ngo%E1%BA%A1i%20Th%E1%BA%A5t%20%C3%94%20t%C3%B4-2.html?p=2,Ngoại Thất Ô tô,Sản phẩm chai xịt SPRAYWAY & TPR trong công nghiệp...,Ngoại Thất Ô tô | Thương hiệu | Video,25,146,9193,51bff984474aacaa.html
https://sprayway-tpr.com/vn/san-pham/Ngo%E1%BA%A1i%20Th%E1%BA%A5t%20%C3%94%20t%C3%B4-2.html?p=3,Ngoại Thất Ô tô,Sản phẩm chai xịt SPRAYWAY & TPR trong công nghiệp...,Ngoại Thất Ô tô | Thương hiệu | Video,21,137,9035,4297af497a584867.html
https://sprayway-tpr.com/vn/san-pham/473/161-CH%E1%BA%A4T%20KH%E1%BB%AC%20M%C3%99I%20V%E1%BA%A2I%20V%C3%80%20KH%C3%94NG%20KH%C3%8D%20H%C6%AF%C6%A0NG%20T%C3%81O.html,161-CHẤT KHỬ MÙI VẢI VÀ KHÔNG KHÍ HƯƠNG TÁO,Khử mùi hiệu quả cho tất cả không gian trong nhà.			Giữ phòng sạch thoáng và thơm mát.			Đẩy lùi tất cả các ...,Sản phẩm Sprayway | 161-CHẤT KHỬ MÙI VẢI VÀ KHÔNG KHÍ HƯƠNG TÁO | Sản phẩm cùng loại | Video,34,120,9611,dbc29ad6ff32db81.html
https://sprayway-tpr.com/vn/san-pham/474/cinnamon---dry-air---fabric-deodorizer.html,162-CHẤT KHỬ MÙI VẢI VÀ KHÔNG KHÍ HƯƠNG QUẾ,Khử mùi hiệu quả cho tất cả không gian trong nhà.			Giữ phòng sạch thoáng và thơm mát.			Đẩy lùi tất cả các ...,Sản phẩm Sprayway | 162-CHẤT KHỬ MÙI VẢI VÀ KHÔNG KHÍ HƯƠNG QUẾ | Sản phẩm cùng loại | Video,34,120,9611,ea98ec148b92483e.html
https://sprayway-tpr.com/vn/san-pham/475/tropical-fruit---dry-air---fabric-deodorizer.html,165-CHẤT KHỬ MÙI VẢI VÀ KHÔNG KHÍ HƯƠNG TRÁI CÂY NHIỆT ĐỚI,Khử m&ugrave;i hiệu quả cho tất cả kh&ocirc;ng gian trong nh&agrave;.			Giữ ph&ograve;ng sạch tho&aacute;ng v&agrave; thơm m&aacute;t.			Đẩy l&ugrave;i tất cả c&aacute;c ...,Sản phẩm Sprayway | 165-CHẤT KHỬ MÙI VẢI VÀ KHÔNG KHÍ HƯƠNG TRÁI CÂY NHIỆT ĐỚI | Sản phẩm cùng loại | Video,34,120,9641,e1a0d61a89545d0c.html
https://sprayway-tpr.com/vn/san-pham/476/167-CH%E1%BA%A4T%20KH%E1%BB%AC%20M%C3%99I%20V%E1%BA%A2I%20V%C3%80%20KH%C3%94NG%20KH%C3%8D%20H%C6%AF%C6%A0NG%20TH%C6%A0M%20D%E1%BB%84%20CH%E1%BB%8AU.html,167-CHẤT KHỬ MÙI VẢI VÀ KHÔNG KHÍ HƯƠNG THƠM DỄ CHỊU,Khử mùi hiệu quả cho tất cả không gian trong nhà.			Giữ phòng sạch thoáng và thơm mát.			Đẩy lùi tất cả các ...,Sản phẩm Sprayway | 167-CHẤT KHỬ MÙI VẢI VÀ KHÔNG KHÍ HƯƠNG THƠM DỄ CHỊU | Sản phẩm cùng loại | Video,34,120,9629,724165675d584c11.html
https://sprayway-tpr.com/vn/san-pham/404/automotive-carburetor---choke-cleaner.html,563-LÀM SẠCH BỘ CHẾ HÒA KHÍ VÀ CHOKE (BƯỚM GIÓ) Ô TÔ,Sản phẩm chai xịt SPRAYWAY & TPR trong công nghiệp...,Sản phẩm Sprayway | 563-LÀM SẠCH BỘ CHẾ HÒA KHÍ VÀ CHOKE (BƯỚM GIÓ) Ô TÔ | Sản phẩm cùng loại | Video,32,118,9360,31dba92dffc6c5f4.html
https://sprayway-tpr.com/vn/san-pham/Ph%E1%BB%A5%20T%C3%B9ng%20%C3%94%20t%C3%B4-3.html?p=2,Phụ Tùng Ô tô,Sản phẩm chai xịt SPRAYWAY & TPR trong công nghiệp...,Phụ Tùng Ô tô | Thương hiệu | Video,25,147,9157,0220d56782be5937.html
https://sprayway-tpr.com/vn/san-pham/Ph%E1%BB%A5%20T%C3%B9ng%20%C3%94%20t%C3%B4-3.html?p=3,Phụ Tùng Ô tô,Sản phẩm chai xịt SPRAYWAY & TPR trong công nghiệp...,Phụ Tùng Ô tô | Thương hiệu | Video,25,147,9181,5d09e82a8a0f3f4f.html
https://sprayway-tpr.com/vn/san-pham/Ph%E1%BB%A5%20T%C3%B9ng%20%C3%94%20t%C3%B4-3.html?p=4,Phụ Tùng Ô tô,Sản phẩm chai xịt SPRAYWAY & TPR trong công nghiệp...,Phụ Tùng Ô tô | Thương hiệu | Video,19,134,8947,b47b1a44a716950f.html
https://sprayway-tpr.com/vn/san-pham/229/fresh-linen-metered-air-freshener.html,110-CHẤT KHỬ MÙI HƯƠNG VẢI GAI,Sản phẩm chai xịt SPRAYWAY & TPR trong công nghiệp...,Sản phẩm Sprayway | 110-CHẤT KHỬ MÙI HƯƠNG VẢI GAI | Sản phẩm cùng loại | Video,34,120,9347,48419b216c7ee125.html
https://sprayway-tpr.com/vn/san-pham/231/marvelous-mango-metered-air-freshener.html,116-CHẤT KHỬ MÙI HƯƠNG XOÀI,Sản phẩm chai xịt SPRAYWAY & TPR trong công nghiệp...,Sản phẩm Sprayway | 116-CHẤT KHỬ MÙI HƯƠNG XOÀI | Sản phẩm cùng loại | Video,34,120,9341,a3eea12225050e06.html
https://sprayway-tpr.com/vn/san-pham/236/fabric-cleaner-plus.html,508-SẢN PHẨM LÀM SẠCH VẢI,"Tẩy sạch vết bẩn tr&ecirc;n vải bọc nhanh ch&oacute;ng, hiệu quả.					Chất tẩy dạng bọt cao cấp tẩy sạch vải nhanh ch&oacute;ng, v&agrave; kh&ocirc;.",Sản phẩm Sprayway | 508-SẢN PHẨM LÀM SẠCH VẢI | Sản phẩm cùng loại | Video,37,123,9171,9e2abdfe9bdb57ac.html
https://sprayway-tpr.com/vn/san-pham/237/fabric-cleaner.html,558-SẢN PHẨM LÀM SẠCH VẢI (PLUS),"Tẩy sạch vết bẩn tr&ecirc;n vải bọc nhanh ch&oacute;ng, hiệu quả.			C&oacute; thể tẩy sạch vết bẩn ở những nơi kh&oacute; nhất..			Sử dụng như chất tẩy ...",Sản phẩm Sprayway | 558-SẢN PHẨM LÀM SẠCH VẢI (PLUS) | Sản phẩm cùng loại | Video,36,122,9332,68b119350861d72c.html
https://sprayway-tpr.com/vn/san-pham/238/clean-breeze-air-freshener.html,575-CHẤT LÀM SẠCH KHÔNG KHÍ,Sản phẩm chai xịt SPRAYWAY & TPR trong công nghiệp...,Sản phẩm Sprayway | 575-CHẤT LÀM SẠCH KHÔNG KHÍ | Sản phẩm cùng loại | Video,33,119,9262,27d615005baf05dd.html
https://sprayway-tpr.com/vn/san-pham/88/carpet-spotter-plus.html,676-CHẤT LÀM SẠCH THẢM,Thợ tẩy thảm bẩn cực mạnh với công thức đặc biệt tẩy điểm khó và vết bẩn trên thảm ngay lập tức			Lý tưởng dùng để ...,Sản phẩm Sprayway | 676-CHẤT LÀM SẠCH THẢM | Sản phẩm cùng loại | Video,37,123,9402,1778a564309ad52d.html
https://sprayway-tpr.com/vn/san-pham/Thi%E1%BA%BFt%20B%E1%BB%8B%20%C3%94%20t%C3%B4-4.html?p=2,Thiết Bị Ô tô,Sản phẩm chai xịt SPRAYWAY & TPR trong công nghiệp...,Thiết Bị Ô tô | Thương hiệu | Video,25,146,9180,18831f8b7ac6df7f.html
https://sprayway-tpr.com/vn/san-pham/Thi%E1%BA%BFt%20B%E1%BB%8B%20%C3%94%20t%C3%B4-4.html?p=3,Thiết Bị Ô tô,Sản phẩm chai xịt SPRAYWAY & TPR trong công nghiệp...,Thiết Bị Ô tô | Thương hiệu | Video,22,139,9053,ebfec62f88bf4257.html
https://sprayway-tpr.com/vn/san-pham/272/silicone-spray.html,945-DẦU SILICONE BÔI TRƠN DẠNG KHÔ,"Giúp chấm dứt sự kẹt dính của các chi tiết chuyển động, máy móc, công cụ điện, ... .			Khô nhanh, không để lại ...",Sản phẩm Sprayway | 945-DẦU SILICONE BÔI TRƠN DẠNG KHÔ | Sản phẩm cùng loại | Video,45,132,9639,8672b3a2f06df448.html
https://sprayway-tpr.com/vn/san-pham/407/auto-care-velour-shampoo---interior-cleaner.html,731-CHẤT VỆ SINH NỘI THẤT CỦA XE HƠI,Sản phẩm chai xịt SPRAYWAY & TPR trong công nghiệp...,Sản phẩm Sprayway | 731-CHẤT VỆ SINH NỘI THẤT CỦA XE HƠI | Sản phẩm cùng loại | Video,35,121,9223,8378daf9d725bf6d.html
https://sprayway-tpr.com/vn/san-pham/Thi%E1%BA%BFt%20B%E1%BB%8B%20T%E1%BB%B1%20%C4%90%E1%BB%99ng-5.html?p=2,Thiết Bị Tự Động,Sản phẩm chai xịt SPRAYWAY & TPR trong công nghiệp...,Thiết Bị Tự Động | Thương hiệu | Video,25,147,9201,dccfdeef1f09b642.html
https://sprayway-tpr.com/vn/san-pham/Thi%E1%BA%BFt%20B%E1%BB%8B%20T%E1%BB%B1%20%C4%90%E1%BB%99ng-5.html?p=3,Thiết Bị Tự Động,Sản phẩm chai xịt SPRAYWAY & TPR trong công nghiệp...,Thiết Bị Tự Động | Thương hiệu | Video,25,147,9168,38bee4b4a8882b37.html
https://sprayway-tpr.com/vn/san-pham/Thi%E1%BA%BFt%20B%E1%BB%8B%20T%E1%BB%B1%20%C4%90%E1%BB%99ng-5.html?p=4,Thiết Bị Tự Động,Sản phẩm chai xịt SPRAYWAY & TPR trong công nghiệp...,Thiết Bị Tự Động | Thương hiệu | Video,19,134,8977,ad54e6f620bd08f3.html
https://sprayway-tpr.com/vn/san-pham/%C4%90i%E1%BB%87n%20T%E1%BB%AD%20&amp;%20V%C4%83n%20Ph%C3%B2ng-6.html?p=2,Điện Tử & Văn Phòng,Sản phẩm chai xịt SPRAYWAY & TPR trong công nghiệp...,Điện Tử & Văn Phòng | Thương hiệu | Video,25,147,9157,810a9e6392cae2c0.html
https://sprayway-tpr.com/vn/san-pham/%C4%90i%E1%BB%87n%20T%E1%BB%AD%20&amp;%20V%C4%83n%20Ph%C3%B2ng-6.html?p=3,Điện Tử & Văn Phòng,Sản phẩm chai xịt SPRAYWAY & TPR trong công nghiệp...,Điện Tử & Văn Phòng | Thương hiệu | Video,25,147,9148,d34274cc9b3622eb.html
https://sprayway-tpr.com/vn/san-pham/%C4%90i%E1%BB%87n%20T%E1%BB%AD%20&amp;%20V%C4%83n%20Ph%C3%B2ng-6.html?p=4,Điện Tử & Văn Phòng,Sản phẩm chai xịt SPRAYWAY & TPR trong công nghiệp...,Điện Tử & Văn Phòng | Thương hiệu | Video,22,140,9046,8d97fae19293dabc.html
https://sprayway-tpr.com/vn/san-pham/338/no-fray-spray.html,821-KEO XỊT CHỐNG TƯA MÉP VẢI,Đặc biệt được tạo ra để giúp nhân viên ngành may làm việc hiệu quả hơn.			Loại bỏ sự thất thoát và lãng phí ...,Sản phẩm Sprayway | 821-KEO XỊT CHỐNG TƯA MÉP VẢI | Sản phẩm cùng loại | Video,33,119,9456,cab0b15c154cef10.html
https://sprayway-tpr.com/vn/san-pham/546/keo-cat-20-1cm-ldh-x1.html,Keo cat 20.1cm LDH-X1,THÔNG TIN SẢN PHẨM: LDH-X1	- Kéo gia dụng được sản xuất bởi công ty chuyên về dao kéo LiDaHang ( 利达行 ) phần tên và mã ...,KÉO CẮT VẢI | Kéo cắt 20.1cm LDH-X1 | Sản phẩm cùng loại | LDH | Video,38,126,9736,a5fc0bf098a027c8.html
https://sprayway-tpr.com/vn/san-pham/Gia%20D%E1%BB%A5ng%20&amp;%20N%E1%BB%99i%20Th%E1%BA%A5t-7.html?p=2,Gia Dụng & Nội Thất,Sản phẩm chai xịt SPRAYWAY & TPR trong công nghiệp...,Gia Dụng & Nội Thất | Thương hiệu | Video,25,149,9156,d594892367f50759.html
https://sprayway-tpr.com/vn/san-pham/Gia%20D%E1%BB%A5ng%20&amp;%20N%E1%BB%99i%20Th%E1%BA%A5t-7.html?p=3,Gia Dụng & Nội Thất,Sản phẩm chai xịt SPRAYWAY & TPR trong công nghiệp...,Gia Dụng & Nội Thất | Thương hiệu | Video,25,149,9191,4bd0e86b2e4ad2ad.html
https://sprayway-tpr.com/vn/san-pham/Gia%20D%E1%BB%A5ng%20&amp;%20N%E1%BB%99i%20Th%E1%BA%A5t-7.html?p=4,Gia Dụng & Nội Thất,Sản phẩm chai xịt SPRAYWAY & TPR trong công nghiệp...,Gia Dụng & Nội Thất | Thương hiệu | Video,25,149,9152,10641348c0c253ec.html
https://sprayway-tpr.com/vn/san-pham/Gia%20D%E1%BB%A5ng%20&amp;%20N%E1%BB%99i%20Th%E1%BA%A5t-7.html?p=5,Gia Dụng & Nội Thất,Sản phẩm chai xịt SPRAYWAY & TPR trong công nghiệp...,Gia Dụng & Nội Thất | Thương hiệu | Video,25,149,9232,91de33f1c03b9f84.html
https://sprayway-tpr.com/vn/san-pham/Gia%20D%E1%BB%A5ng%20&amp;%20N%E1%BB%99i%20Th%E1%BA%A5t-7.html?p=6,Gia Dụng & Nội Thất,Sản phẩm chai xịt SPRAYWAY & TPR trong công nghiệp...,Gia Dụng & Nội Thất | Thương hiệu | Video,19,137,9017,de53892b33d87864.html
https://sprayway-tpr.com/vn/san-pham/429/mirror-edge-sealant.html,209-KEO BẢO VỆ CẠNH GƯƠNG,"Sản phẩm chuy&ecirc;n d&ugrave;ng cho gương/k&iacute;nh chuy&ecirc;n nghiệp, khung ảnh.			Bảo vệ cạnh gương kh&ocirc;ng bị đen khi mới cắt, gi&uacute;p gương lu&ocirc;n ...",Sản phẩm Sprayway | 209-KEO BẢO VỆ CẠNH GƯƠNG | Sản phẩm cùng loại | Video,36,122,9270,a317e88249281fed.html
https://sprayway-tpr.com/vn/san-pham/Ki%E1%BA%BFng%20v%C3%A0%20G%C6%B0%C6%A1ng-8.html?p=2,Kiếng và Gương,Sản phẩm chai xịt SPRAYWAY & TPR trong công nghiệp...,Kiếng và Gương | Thương hiệu | Video,25,146,9127,86b0883163162cd5.html
https://sprayway-tpr.com/vn/san-pham/Ki%E1%BA%BFng%20v%C3%A0%20G%C6%B0%C6%A1ng-8.html?p=3,Kiếng và Gương,Sản phẩm chai xịt SPRAYWAY & TPR trong công nghiệp...,Kiếng và Gương | Thương hiệu | Video,20,135,9021,4a7ff250c2ac4868.html
https://sprayway-tpr.com/vn/san-pham/431/fast-track-adhesive.html,822-KEO DÁN ĐỊNH VỊ,Một sản phẩm rất cần thiết cho c&aacute;c xưởng dệt may & xưởng th&ecirc;u.			Gi&uacute;p xử l&yacute; được nhiều vấn đề trong q&uacute;a tr&igrave;nh r&aacute;p ...,Sản phẩm Sprayway | 822-KEO DÁN ĐỊNH VỊ | Sản phẩm cùng loại | Video,34,120,9451,451838c16306eefb.html
https://sprayway-tpr.com/vn/san-pham/Ngh%E1%BB%87%20Thu%E1%BA%ADt%20Qu%E1%BA%A3ng%20C%C3%A1o-9.html?p=2,Nghệ Thuật Quảng Cáo,Sản phẩm chai xịt SPRAYWAY & TPR trong công nghiệp...,Nghệ Thuật Quảng Cáo | Thương hiệu | Video,25,146,9157,414cc4a4029b3fbc.html
https://sprayway-tpr.com/vn/san-pham/Ngh%E1%BB%87%20Thu%E1%BA%ADt%20Qu%E1%BA%A3ng%20C%C3%A1o-9.html?p=3,Nghệ Thuật Quảng Cáo,Sản phẩm chai xịt SPRAYWAY & TPR trong công nghiệp...,Nghệ Thuật Quảng Cáo | Thương hiệu | Video,20,135,9006,0a18ecfeb650f751.html
https://sprayway-tpr.com/vn/san-pham/D%E1%BB%8Bch%20V%E1%BB%A5%20S%E1%BB%ADa%20Ch%E1%BB%AFa-10.html?p=2,Dich Vu Sua Chua,Sản phẩm chai xịt SPRAYWAY & TPR trong công nghiệp...,Dịch Vụ Sửa Chữa | Thương hiệu | Video,25,148,9136,80148d999a98543e.html
https://sprayway-tpr.com/vn/san-pham/D%E1%BB%8Bch%20V%E1%BB%A5%20S%E1%BB%ADa%20Ch%E1%BB%AFa-10.html?p=3,Dich Vu Sua Chua,Sản phẩm chai xịt SPRAYWAY & TPR trong công nghiệp...,Dịch Vụ Sửa Chữa | Thương hiệu | Video,25,148,9178,a31845c9569d15a8.html
https://sprayway-tpr.com/vn/san-pham/D%E1%BB%8Bch%20V%E1%BB%A5%20S%E1%BB%ADa%20Ch%E1%BB%AFa-10.html?p=4,Dich Vu Sua Chua,Sản phẩm chai xịt SPRAYWAY & TPR trong công nghiệp...,Dịch Vụ Sửa Chữa | Thương hiệu | Video,25,148,9151,66628a4f50b3e2e9.html
https://sprayway-tpr.com/vn/san-pham/D%E1%BB%8Bch%20V%E1%BB%A5%20S%E1%BB%ADa%20Ch%E1%BB%AFa-10.html?p=5,Dich Vu Sua Chua,Sản phẩm chai xịt SPRAYWAY & TPR trong công nghiệp...,Dịch Vụ Sửa Chữa | Thương hiệu | Video,25,147,9148,b54b213c2fc119e0.html
https://sprayway-tpr.com/vn/san-pham/549/keo-cat-vai-cao-cap-8-inch-ldh-g08.html,Keo cat vai cao cap 8 inch LDH-G08,"THÔNG TIN SẢN PHẨM: LDH-G08	- Được làm bằng thép không rỉ, sử dụng được lâu dài	- Ốc siết bằng đồng có độ giãn ...",KÉO CẮT VẢI | Kéo cắt vải cao cấp 8 inch LDH-G08 | Sản phẩm cùng loại | LDH | Video,38,126,10151,9848bdec7daee43a.html
https://sprayway-tpr.com/vn/san-pham/550/keo-cat-vai-cao-cap-9-inch-ldh-g09.html,Keo cat vai cao cap 9 inch LDH-G09,"THÔNG TIN SẢN PHẨM: LDH-G09	- Được làm bằng thép không rỉ, sử dụng được lâu dài	- Ốc siết bằng đồng có độ giãn ...",KÉO CẮT VẢI | Kéo cắt vải cao cấp 9 inch LDH-G09 | Sản phẩm cùng loại | LDH | Video,40,126,10067,2467465cf5bb86b0.html
https://sprayway-tpr.com/vn/san-pham/548/keo-cat-17cm-ldh-x3.html,Keo cat 17cm LDH-X3,THÔNG TIN SẢN PHẨM: LDH-X3	        - Kéo gia dụng được sản xuất bởi công ty chuyên về dao kéo LiDaHang ( 利达行 ) phần ...,KÉO CẮT VẢI | Kéo cắt 17cm LDH-X3 | Sản phẩm cùng loại | LDH | Video,38,126,9733,b31ab2fc972ca04a.html
https://sprayway-tpr.com/vn/san-pham/H%C3%A0ng%20Ti%C3%AAu%20D%C3%B9ng-11.html?p=2,Hàng Tiêu Dùng,Sản phẩm chai xịt SPRAYWAY & TPR trong công nghiệp...,Hàng Tiêu Dùng | Thương hiệu | Video,25,148,9203,a11493895da0186f.html
https://sprayway-tpr.com/vn/san-pham/H%C3%A0ng%20Ti%C3%AAu%20D%C3%B9ng-11.html?p=3,Hàng Tiêu Dùng,Sản phẩm chai xịt SPRAYWAY & TPR trong công nghiệp...,Hàng Tiêu Dùng | Thương hiệu | Video,25,148,9163,126e947bbbac3e9b.html
https://sprayway-tpr.com/vn/san-pham/H%C3%A0ng%20Ti%C3%AAu%20D%C3%B9ng-11.html?p=4,Hàng Tiêu Dùng,Sản phẩm chai xịt SPRAYWAY & TPR trong công nghiệp...,Hàng Tiêu Dùng | Thương hiệu | Video,25,148,9214,bbb6b5f466e814b8.html
https://sprayway-tpr.com/vn/san-pham/H%C3%A0ng%20Ti%C3%AAu%20D%C3%B9ng-11.html?p=5,Hàng Tiêu Dùng,Sản phẩm chai xịt SPRAYWAY & TPR trong công nghiệp...,Hàng Tiêu Dùng | Thương hiệu | Video,23,143,9087,f1e5a0cf167733c6.html
https://sprayway-tpr.com/vn/san-pham/478/precision-contact-cleaner.html,789-TẨY BỤI BẨN ĐỘ CHÍNH XÁC CAO,Hiệu quả loại bỏ đất và các chất gây ô nhiễm khác từ các thành phần điện tử.			Khô nhanh.			An toàn cho sử dụng ...,Sản phẩm Sprayway | 789- CHAI XỊT TẨY BỤI BẨN CÁC MẠCH ĐIỆN | Sản phẩm cùng loại | Video,33,119,9272,2fe950bf37f7c021.html
https://sprayway-tpr.com/vn/san-pham/D%E1%BB%8Bch%20V%E1%BB%A5%20B%E1%BA%A3o%20Tr%C3%AC-12.html?p=2,Ngành Bảo Trì,Sản phẩm chai xịt SPRAYWAY & TPR trong công nghiệp...,Dịch Vụ Bảo Trì | Thương hiệu | Video,25,149,9142,b3ee2f10b4e6e117.html
https://sprayway-tpr.com/vn/san-pham/D%E1%BB%8Bch%20V%E1%BB%A5%20B%E1%BA%A3o%20Tr%C3%AC-12.html?p=3,Ngành Bảo Trì,Sản phẩm chai xịt SPRAYWAY & TPR trong công nghiệp...,Dịch Vụ Bảo Trì | Thương hiệu | Video,25,149,9126,cbdaeb64a48f10a8.html
https://sprayway-tpr.com/vn/san-pham/D%E1%BB%8Bch%20V%E1%BB%A5%20B%E1%BA%A3o%20Tr%C3%AC-12.html?p=4,Ngành Bảo Trì,Sản phẩm chai xịt SPRAYWAY & TPR trong công nghiệp...,Dịch Vụ Bảo Trì | Thương hiệu | Video,25,149,9157,d6a3c044f386eac0.html
https://sprayway-tpr.com/vn/san-pham/D%E1%BB%8Bch%20V%E1%BB%A5%20B%E1%BA%A3o%20Tr%C3%AC-12.html?p=5,Ngành Bảo Trì,Sản phẩm chai xịt SPRAYWAY & TPR trong công nghiệp...,Dịch Vụ Bảo Trì | Thương hiệu | Video,25,149,9115,95d2b205407cd830.html
https://sprayway-tpr.com/vn/san-pham/D%E1%BB%8Bch%20V%E1%BB%A5%20B%E1%BA%A3o%20Tr%C3%AC-12.html?p=6,Ngành Bảo Trì,Sản phẩm chai xịt SPRAYWAY & TPR trong công nghiệp...,Dịch Vụ Bảo Trì | Thương hiệu | Video,21,141,9041,66450a3f5355725f.html
https://sprayway-tpr.com/vn/san-pham/Si%C3%AAu%20Th%E1%BB%8B-13.html?p=2,Siêu Thị,Sản phẩm chai xịt SPRAYWAY & TPR trong công nghiệp...,Siêu Thị | Thương hiệu | Video,25,148,9175,9ebfe1c6bf594bd1.html
https://sprayway-tpr.com/vn/san-pham/Si%C3%AAu%20Th%E1%BB%8B-13.html?p=3,Siêu Thị,Sản phẩm chai xịt SPRAYWAY & TPR trong công nghiệp...,Siêu Thị | Thương hiệu | Video,25,148,9209,ba0a9cd857d12c4f.html
https://sprayway-tpr.com/vn/san-pham/Si%C3%AAu%20Th%E1%BB%8B-13.html?p=4,Siêu Thị,Sản phẩm chai xịt SPRAYWAY & TPR trong công nghiệp...,Siêu Thị | Thương hiệu | Video,25,148,9140,6bf2b3d9d528905d.html
https://sprayway-tpr.com/vn/san-pham/Si%C3%AAu%20Th%E1%BB%8B-13.html?p=5,Siêu Thị,Sản phẩm chai xịt SPRAYWAY & TPR trong công nghiệp...,Siêu Thị | Thương hiệu | Video,19,135,8937,3c67d11b6f1f66ce.html
https://sprayway-tpr.com/vn/san-pham/427/plastic-spray.html,201-CHẤT KEO BẢO VỆ TRONG SUỐT,"Lớp m&agrave;n bảo vệ an to&agrave;n d&ugrave;ng cho m&aacute;y in, khung ảnh.			Bảo vệ c&aacute;c t&aacute;c phẩm nghệ thuật, h&igrave;nh ảnh, thiết kế,&hellip; kh&ocirc;ng ...",Sản phẩm Sprayway | 201-CHẤT KEO BẢO VỆ TRONG SUỐT | Sản phẩm cùng loại | Video,38,124,9419,f7703a203e774ed1.html
https://sprayway-tpr.com/vn/san-pham/Khung%20%E1%BA%A2nh-14.html?p=2,Khung Ảnh,Sản phẩm chai xịt SPRAYWAY & TPR trong công nghiệp...,Khung Ảnh | Thương hiệu | Video,24,142,9090,759190fb6aca19b1.html
https://sprayway-tpr.com/vn/san-pham/In%20L%C6%B0%E1%BB%9Bi-15.html?p=2,In Lưới,Sản phẩm chai xịt SPRAYWAY & TPR trong công nghiệp...,In Lưới | Thương hiệu | Video,25,146,9102,5e649f6af636cf4d.html
https://sprayway-tpr.com/vn/san-pham/In%20L%C6%B0%E1%BB%9Bi-15.html?p=3,In Lưới,Sản phẩm chai xịt SPRAYWAY & TPR trong công nghiệp...,In Lưới | Thương hiệu | Video,22,139,9046,32d4601f9d590598.html
https://sprayway-tpr.com/vn/san-pham/May%20M%E1%BA%B7c-16.html?p=2,May Mặc,Sản phẩm chai xịt SPRAYWAY & TPR trong công nghiệp...,May Mặc | Thương hiệu | Video,25,152,9266,acb24d84430bfdfc.html
https://sprayway-tpr.com/vn/san-pham/May%20M%E1%BA%B7c-16.html?p=3,May Mặc,Sản phẩm chai xịt SPRAYWAY & TPR trong công nghiệp...,May Mặc | Thương hiệu | Video,25,152,9115,5d865b5ed582a6eb.html
https://sprayway-tpr.com/vn/san-pham/May%20M%E1%BA%B7c-16.html?p=4,May Mặc,Sản phẩm chai xịt SPRAYWAY & TPR trong công nghiệp...,May Mặc | Thương hiệu | Video,25,152,9137,a04595f053270c1a.html
https://sprayway-tpr.com/vn/san-pham/May%20M%E1%BA%B7c-16.html?p=5,May Mặc,Sản phẩm chai xịt SPRAYWAY & TPR trong công nghiệp...,May Mặc | Thương hiệu | Video,25,153,9166,cabf638dbef12cff.html
https://sprayway-tpr.com/vn/san-pham/May%20M%E1%BA%B7c-16.html?p=6,May Mặc,Sản phẩm chai xịt SPRAYWAY & TPR trong công nghiệp...,May Mặc | Thương hiệu | Video,25,154,9302,62b05a871b820a37.html
https://sprayway-tpr.com/vn/san-pham/May%20M%E1%BA%B7c-16.html?p=7,May Mặc,Sản phẩm chai xịt SPRAYWAY & TPR trong công nghiệp...,May Mặc | Thương hiệu | Video,25,154,9157,4cd209ac6679c78e.html
https://sprayway-tpr.com/vn/san-pham/May%20M%E1%BA%B7c-16.html?p=8,May Mặc,Sản phẩm chai xịt SPRAYWAY & TPR trong công nghiệp...,May Mặc | Thương hiệu | Video,25,154,9241,652575f7aa3153ee.html
https://sprayway-tpr.com/vn/san-pham/May%20M%E1%BA%B7c-16.html?p=15,May Mặc,Sản phẩm chai xịt SPRAYWAY & TPR trong công nghiệp...,May Mặc | Thương hiệu | Video,20,142,9011,496dce00d03d75cf.html
https://sprayway-tpr.com/vn/san-pham/Qu%E1%BA%A3ng%20C%C3%A1o-17.html?p=2,Quảng Cáo,Sản phẩm chai xịt SPRAYWAY & TPR trong công nghiệp...,Quảng Cáo | Thương hiệu | Video,25,146,9142,99dd2c40d60cf789.html
https://sprayway-tpr.com/vn/san-pham/Qu%E1%BA%A3ng%20C%C3%A1o-17.html?p=3,Quảng Cáo,Sản phẩm chai xịt SPRAYWAY & TPR trong công nghiệp...,Quảng Cáo | Thương hiệu | Video,24,143,9080,12ca1d1231f2c8e2.html
https://sprayway-tpr.com/vn/san-pham/240/furniture-polish.html,811-CHAI XỊT ĐÁNH BÓNG VÀ BẢO VỆ ĐỒ NỘI THẤT,Video giới thiệu chai xịt đánh bóng và bảo vệ đồ nội thất - 811:		 	Liên hệ để được tư vấn:				Phạm vi sử dụng rộng ...,Sản phẩm Sprayway | 811-CHAI XỊT ĐÁNH BÓNG VÀ BẢO VỆ ĐỒ NỘI THẤT | Sản phẩm cùng loại | Video,42,124,9959,4914608a6ce2bb3e.html
https://sprayway-tpr.com/vn/san-pham/Ng%C3%A0nh%20G%E1%BB%97-18.html?p=2,Ngành Gỗ,Sản phẩm chai xịt SPRAYWAY & TPR trong công nghiệp...,Ngành Gỗ | Thương hiệu | Video,25,146,9122,1a95f1fa23b889c1.html
https://sprayway-tpr.com/vn/san-pham/Ng%C3%A0nh%20G%E1%BB%97-18.html?p=3,Ngành Gỗ,Sản phẩm chai xịt SPRAYWAY & TPR trong công nghiệp...,Ngành Gỗ | Thương hiệu | Video,18,131,8932,7080de20c6158781.html
https://sprayway-tpr.com/en/product/brand/tpr-products-2.html,TPR products,The aerosols supply for industrial trade...,TPR products | TPR products | Video,29,120,8728,ae2c470953f31f2a.html
https://sprayway-tpr.com/cn/product/brand/tpr-products-2.html,TPR products,The aerosols supply for industrial trade...,TPR products | TPR products | Video,29,114,4637,976840fff85a2fc2.html
https://sprayway-tpr.com/vn/san-pham/608/may-cat-chi-thong-minh-tpr-1088.html,MAY CAT CHI THONG MINH TPR-1088,Sản phẩm chai xịt SPRAYWAY & TPR trong công nghiệp...,MÁY CẮT CHỈ THÔNG MINH | MÁY CẮT CHỈ THÔNG MINH TPR-1088 | Sản phẩm cùng loại | Sản phẩm TPR | Video,25,107,8798,0f70c8bc84ebbb27.html
"https://sprayway-tpr.com/vn/san-pham/603/D%E1%BB%A4NG%20C%E1%BB%A4%20H%C3%9AT%20V%E1%BA%A2I%20V%E1%BB%A4N,%20CH%E1%BB%88%20TH%E1%BB%AAA%20M%C3%81Y%20MAY%20TPR-1488.html","DỤNG CỤ HÚT VẢI VỤN, CHỈ THỪA MÁY MAY TPR-1488",Sản phẩm chai xịt SPRAYWAY & TPR trong công nghiệp...,"THIẾT BỊ HÚT BỤI BẰNG KHÍ NÉN | DỤNG CỤ HÚT VẢI VỤN, CHỈ THỪA MÁY MAY TPR-1488 | Sản phẩm cùng loại | Sản phẩm TPR | Video",23,103,8779,6cd5fe78e85dc0e7.html
https://sprayway-tpr.com/vn/san-pham/602/may_cat_chi_thong_minh_tpr1688.html,MÁY CẮT CHỈ THÔNG MINH TPR-1688,Sản phẩm chai xịt SPRAYWAY & TPR trong công nghiệp...,MÁY CẮT CHỈ THÔNG MINH | MÁY CẮT CHỈ THÔNG MINH TPR-1688 | Sản phẩm cùng loại | Sản phẩm TPR | Video,25,107,8799,f7cca01a5945c514.html
https://sprayway-tpr.com/vn/san-pham/601/may_cat_chi_thong_minh_tpr1388.html,MÁY CẮT CHỈ THÔNG MINH TPR-1388,Sản phẩm chai xịt SPRAYWAY & TPR trong công nghiệp...,MÁY CẮT CHỈ THÔNG MINH | MÁY CẮT CHỈ THÔNG MINH TPR-1388 | Sản phẩm cùng loại | Sản phẩm TPR | Video,25,107,8799,3e9f334d9b153bf3.html
https://sprayway-tpr.com/vn/san-pham/570/chaixitmy830.html,Chai xit tay dau Spot Lifter 830 ( Cong Nghiep),"Độ tẩy mạnh.			Hiệu quả an toàn đối với các loại vải như len, bông, lụa, sợi tổng hợp.			Chuyên tẩy các vết dầu và vết ...",Sản phẩm TPR | Chai xịt tẩy dầu Spot Lifter US TPR830 | Sản phẩm cùng loại | Sản phẩm TPR | Video,32,122,9798,76ec15bf1bf33e2c.html
https://sprayway-tpr.com/vn/san-pham/568/tpr063.html,"Chai xit tay rua cac chat dau mo, keo dan Sprayway TPR063","Chuy&ecirc;n d&ugrave;ng để tẩy rửa c&aacute;c thiết bị trong nghệ thuật, tranh ảnh, hội họa, may mặc.			An to&agrave;n khi thao t&aacute;c tr&ecirc;n m&aacute;y, kh&ocirc;ng ...","Sản phẩm TPR | Chai xịt tẩy rửa các chất dầu mỡ, keo dán Sprayway TPR063 | Sản phẩm cùng loại | Sản phẩm TPR | Video",32,122,9615,31f70d212bb3ca9d.html
https://sprayway-tpr.com/vn/san-pham/500/945-tpr-silicone-spray.html,945 TPR DẦU SILICONE BÔI TRƠN DẠNG KHÔ,945 TPR DẦU SILICONE BÔI TRƠN DẠNG KHÔ,Sản phẩm TPR | 945 TPR DẦU SILICONE BÔI TRƠN DẠNG KHÔ | Sản phẩm cùng loại | Sản phẩm TPR | Video,44,134,9519,1859abba035e362c.html
https://sprayway-tpr.com/vn/san-pham/499/833%20TPR%20CH%E1%BA%A4T%20T%E1%BA%A8Y%20D%E1%BA%A6U%20(Kh%C3%B4ng%20ch%E1%BA%A5t%20Chlorinated).html,833 TPR-Spot Lifter (Non-Chlorinated),"Công thức không có clo để đáp ứng các tiêu chuẩn nhà máy và yêu cầu về may mặc ngày nay.
Đảm bảo không để lại vết bẩn hoặc vòng trắng.
Loại bỏ vết dầu một cách an toàn khỏi nhiều loại vải: len, cotton, lụa, nhung, dacron, nylon, orlon và các vật liệu tổng hợp khác.",Sản phẩm TPR | 833 TPR CHẤT TẨY DẦU (Không chất Chlorinated) | Sản phẩm cùng loại | Sản phẩm TPR | Video,34,124,9469,7d402d5ae8f608ce.html
https://sprayway-tpr.com/vn/san-pham/brand/-2.html?p=2,Sản phẩm TPR,Sản phẩm chai xịt SPRAYWAY & TPR trong công nghiệp...,Sản phẩm TPR | Sản phẩm TPR | Video,25,113,8784,c1c2ad899046100d.html
https://sprayway-tpr.com/vn/san-pham/brand/-2.html?p=3,Sản phẩm TPR,Sản phẩm chai xịt SPRAYWAY & TPR trong công nghiệp...,Sản phẩm TPR | Sản phẩm TPR | Video,18,98,8520,6e7756b5d24725c1.html
https://sprayway-tpr.com/en/product/brand/sewing-trades-4.html,Sewing Trades,The aerosols supply for industrial trade...,Sewing Trades | TPR products | Video,20,101,8432,0d2e27afbc687ea4.html
https://sprayway-tpr.com/cn/product/brand/sewing-trades-4.html,Sewing Trades,The aerosols supply for industrial trade...,Sewing Trades | TPR products | Video,21,97,4464,918e9fc1fda9fa48.html
https://sprayway-tpr.com/vn/san-pham/494/823-tpr-tay-bang-chuyen-may-ep-co-ao.html,823 TPR-TAY BANG CHUYEN MAY EP CO AO,Chai xịt 823 được thiết kế và sản xuất cho ngành may mặc.			Hiệu quả loại bỏ cặn bám trên các bề mặt điều hành ...,MAY MẶC | 823 TPR-TẨY BĂNG CHUYỀN MÁY ÉP CỔ ÁO | Sản phẩm cùng loại | Sản phẩm TPR | Video,25,110,9315,f1995255826fb225.html
https://sprayway-tpr.com/vn/san-pham/492/821-tpr-keo-xit-chong-tua-mep-vai.html,821 TPR-KEO XIT CHONG TUA MEP VAI,Đặc biệt được tạo ra để giúp nhân viên ngành may làm việc hiệu quả hơn.			Loại bỏ sự thất thoát và lãng phí ...,MAY MẶC | 821 TPR-KEO XỊT CHỐNG TƯA MÉP VẢI | Sản phẩm cùng loại | Sản phẩm TPR | Video,26,110,9229,f865b84e42397968.html
https://sprayway-tpr.com/vn/san-pham/488/063-tpr-chai-xit-tay-rua-chat-dau-mo.html,063 TPR-CHAI XIT TAY RUA CHAT DAU MO,"Chuyên dùng để tẩy rửa các thiết bị trong nghệ thuật, tranh ảnh, hội họa, may mặc.			An toàn khi thao tác trên máy, không ...",MAY MẶC | 063 TPR-CHAI XỊT TẨY RỬA CHẤT DẦU MỠ | Sản phẩm cùng loại | Sản phẩm TPR | Video,37,121,9289,cedac507e7c2c6f4.html
https://sprayway-tpr.com/en/product/brand/screen-printing-3.html,Screen Printing,The aerosols supply for industrial trade...,Screen Printing | TPR products | Video,17,95,8356,939d322f0bac516b.html
https://sprayway-tpr.com/cn/product/brand/screen-printing-3.html,Screen Printing,The aerosols supply for industrial trade...,Screen Printing | TPR products | Video,18,91,4433,227f1d177bb6af1e.html
https://sprayway-tpr.com/vn/san-pham/490/084-tpr-keo-xit-dinh-vi-vai-khi-in-lua(chieu-nhiet-cao).html,084 TPR-KEO XIT DINH VI VAI KHI IN LUA(chieu nhiet cao),"Công thức được thiết kế đặc biệt cho các cửa hàng in ấn màn hình.
Hoàn hảo cho các ứng dụng và nhiệt độ cần thiết để khắc phục plastisol mực.
An toàn để sử dụng trên nhiều loại vải.
Keo xịt cao cấp
Sẽ không in lại hoặc cho phép thay đổi trong quá trình in ấn màn hình.",IN LƯỚI | 084 TPR-KEO XỊT ĐỊNH VỊ VẢI KHI IN LỤA(chiệu nhiệt cao) | Sản phẩm cùng loại | Sản phẩm TPR | Video,22,103,9130,be0ecaf04dbb7b7d.html
https://sprayway-tpr.com/en/product/brand/may_cat_chi_thong_minh-36.html,Smart Thread Trimmer Machine,The aerosols supply for industrial trade...,Smart Thread Trimmer Machine | TPR products | Video,20,101,8480,9880576699b6f4b4.html
https://sprayway-tpr.com/cn/product/brand/may_cat_chi_thong_minh-36.html,智能剪线机,The aerosols supply for industrial trade...,智能剪线机 | TPR products | Video,20,95,4442,3b3783d73298d7a8.html
https://sprayway-tpr.com/en/product/brand/thiet_bi_hut_bui_bang_khi_nen-37.html,Pneumatic Vacuum Dust Collector,The aerosols supply for industrial trade...,Pneumatic Vacuum Dust Collector | TPR products | Video,18,97,8417,d443333376e0a532.html
https://sprayway-tpr.com/cn/product/brand/thiet_bi_hut_bui_bang_khi_nen-37.html,气动吸尘设备,The aerosols supply for industrial trade...,气动吸尘设备 | TPR products | Video,18,91,4401,5de20ed1233fb07a.html
https://sprayway-tpr.com/en/product/brand/srayway-singapore-7.html,SRAYWAY SINGAPORE,The aerosols supply for industrial trade...,SRAYWAY SINGAPORE | SRAYWAY SINGAPORE | Video,29,117,8683,60f933edc005e7e2.html
https://sprayway-tpr.com/cn/product/brand/srayway-singapore-7.html,SRAYWAY SINGAPORE,The aerosols supply for industrial trade...,SRAYWAY SINGAPORE | SRAYWAY SINGAPORE | Video,29,111,4660,d18dd807ff29a9a7.html
https://sprayway-tpr.com/vn/san-pham/597/chai-xit-ve-sinh-do-go-ss811.html,Chai xịt vệ sinh và đánh bóng bảo vệ đồ gỗ Sprayway Singapore 811,"Chai xịt vệ sinh đồ gỗ và nội thất  CAO CẤP Sprayway Furniture Polish công nghệ từ Mỹ	- Phạm vi sử dụng rộng rãi, dùng cho bất kỳ bề ...",SPRAYWAY SINGAPORE | Chai xịt vệ sinh và đánh bóng bảo vệ đồ gỗ Sprayway Singapore 811 | Sản phẩm cùng loại | SPRAYWAY SINGAPORE | Video,32,119,10299,fc2a5f25493e4316.html
https://sprayway-tpr.com/vn/san-pham/512/chai-xit-tay-da-nang-sprayway-singapore-31.html,tay da nang,chai xit tay dan nang 31,SPRAYWAY SINGAPORE | Chai Xịt Tẩy Đa Năng Sprayway Singapore 31 | Sản phẩm cùng loại | SPRAYWAY SINGAPORE | Video,32,119,9600,ec4c6f8f41c6a373.html
https://sprayway-tpr.com/vn/san-pham/510/chai-xit-tay-dau-tren-vai-sprayway-singapore-ss831-nhanh-kho.html,tay vet dau tren vai,ss831,SPRAYWAY SINGAPORE | Chai xịt tẩy dầu trên vải Sprayway Singapore SS831 nhanh khô | Sản phẩm cùng loại | SPRAYWAY SINGAPORE | Video,32,119,9949,9ab087288a71dc87.html
https://sprayway-tpr.com/vn/san-pham/505/chai-xit-tay-vet-dau-tren-vai-sprayway-singapore-ss833.html,chai tay dau ss833 chung nhan eokotex,ss833,SPRAYWAY SINGAPORE | Chai xịt tẩy vết dầu trên vải Sprayway Singapore SS833 | Sản phẩm cùng loại | SPRAYWAY SINGAPORE | Video,33,119,10049,635f78f3467c2c5a.html
https://sprayway-tpr.com/vn/san-pham/511/chai-xit-tay-vet-dau-tren-vai-sprayway-singapore-ss833-hieu-qua-cao.html,chai xit tay dau 830,ss830,SPRAYWAY SINGAPORE | Chai xịt tẩy vết dầu trên vải Sprayway Singapore SS830 | Sản phẩm cùng loại | SPRAYWAY SINGAPORE | Video,32,119,9839,7931a497c0759930.html
https://sprayway-tpr.com/vn/san-pham/525/ss77-dau-silicone-boi-tron-dang-uot.html,SS77 DAU SILICONE BOI TRON DANG UOT,"Loại dầu bôi trơn có hiệu quả kinh tế cao dùng trong ngành tiêu dùng, ngành may.			Tránh được hiện tượng máy bị ...",SPRAYWAY SINGAPORE | SS77 DẦU SILICONE BÔI TRƠN DẠNG ƯỚT | Sản phẩm cùng loại | SPRAYWAY SINGAPORE | Video,32,119,9742,5f04af248c22f632.html
https://sprayway-tpr.com/vn/san-pham/524/ss99-keo-xit-da-nang.html,SS99 Keo Xit Da Nang,• Repositionable; gives long tack or  quick tack; non-wrinkling.	• Will not gum up needles.	• Ideal for all types of sewing and pattern work.	• Clear formula; will not soak ...,SPRAYWAY SINGAPORE | SS99 Keo Xịt Đa Năng | Sản phẩm cùng loại | SPRAYWAY SINGAPORE | Video,32,119,9406,8d0d46015e1f62d1.html
https://sprayway-tpr.com/vn/san-pham/523/ss822-keo-dan-dinh-vi.html,SS822 KEO DAN DINH VI,Một sản phẩm rất cần thiết cho c&aacute;c xưởng dệt may & xưởng th&ecirc;u.			Gi&uacute;p xử l&yacute; được nhiều vấn đề trong q&uacute;a tr&igrave;nh r&aacute;p ...,SPRAYWAY SINGAPORE | SS822 KEO DÁN ĐỊNH VỊ | Sản phẩm cùng loại | SPRAYWAY SINGAPORE | Video,32,119,9480,e58c664fecbfbc25.html
https://sprayway-tpr.com/vn/san-pham/brand/-7.html?p=2,SRAYWAY SINGAPORE,Sản phẩm chai xịt SPRAYWAY & TPR trong công nghiệp...,SPRAYWAY SINGAPORE | SPRAYWAY SINGAPORE | Video,25,110,8853,212738edd79f7e32.html
https://sprayway-tpr.com/vn/san-pham/brand/-7.html?p=3,SRAYWAY SINGAPORE,Sản phẩm chai xịt SPRAYWAY & TPR trong công nghiệp...,SPRAYWAY SINGAPORE | SPRAYWAY SINGAPORE | Video,20,99,8699,e68c3b4141647048.html
https://sprayway-tpr.com/en/product/brand/san-pham-anc-5.html,San Pham ANC,The aerosols supply for industrial trade...,ANC Product | ANC Product | Video,29,118,8646,6c2a603a37c8d8a9.html
https://sprayway-tpr.com/cn/product/brand/san-pham-anc-5.html,ANC 产品,The aerosols supply for industrial trade...,ANC 产品 | ANC 产品 | Video,29,112,4536,e3c2305179040887.html
https://sprayway-tpr.com/vn/san-pham/537/anc821-keo-xit-chong-tua-mep-vai.html,ANC821 KEO XIT CHONG TUA MEP VAI,Đặc biệt được tạo ra để gi&uacute;p nh&acirc;n vi&ecirc;n ng&agrave;nh may l&agrave;m việc hiệu quả hơn.			Loại bỏ sự thất tho&aacute;t v&agrave; l&atilde;ng ph&iacute; ...,MAY MẶC | ANC821 KEO XỊT CHỐNG TƯA MÉP VẢI | Sản phẩm cùng loại | Sản Phẩm ANC | Video,32,121,9535,e8bd55f3e16f9637.html
https://sprayway-tpr.com/vn/san-pham/536/anc823-chai-xit-tay-bang-chuyen-may-ep-co-ao.html,ANC823 Chai xit tay bang chuyen may ep co ao,Chai xịt tấy băng chuyền m&aacute;y &eacute;p cổ &aacute;o ANC	- SS823 được thiết kế v&agrave; sản xuất cho ng&agrave;nh may mặc.	- Hiệu quả loại bỏ cặn b&aacute;m ...,MAY MẶC | ANC823 Chai xịt tẩy băng chuyền máy ép cổ áo | Sản phẩm cùng loại | Sản Phẩm ANC | Video,32,121,9699,36b8320b4a3b5ccf.html
"https://sprayway-tpr.com/vn/san-pham/535/anc63-chai-xit-tay-rua-cac-chat-dau-mo,-keo-dan-.html",tẩy keo dán,ANC 63,"MAY MẶC | ANC63 Chai xịt tẩy rửa các chất dầu mỡ, keo dán | Sản phẩm cùng loại | Sản Phẩm ANC | Video",32,121,9658,5f22acf38a098584.html
https://sprayway-tpr.com/vn/san-pham/534/anc66-keo-xit-dang-phun-suong.html,keo xit phun suong,anc66,MAY MẶC | ANC66 KEO XỊT DẠNG PHUN SƯƠNG | Sản phẩm cùng loại | Sản Phẩm ANC | Video,32,121,9678,a8cfde31aad55bed.html
https://sprayway-tpr.com/vn/san-pham/533/anc82-keo-xit-dang-phun-suong-dung-trong-in-vai.html,ANC82 KEO XỊT DẠNG PHUN SƯƠNG DÙNG TRONG IN VẢI,ANC82 KEO XỊT DẠNG PHUN SƯƠNG DÙNG TRONG IN VẢI,MAY MẶC | ANC82 KEO XỊT DẠNG PHUN SƯƠNG DÙNG TRONG IN VẢI | Sản phẩm cùng loại | Sản Phẩm ANC | Video,32,121,9338,c34f476025ebdc27.html
https://sprayway-tpr.com/vn/san-pham/532/anc84-keo-xit-dinh-vi-vai-khi-in-lua-(chieu-nhiet-cao).html,chai xịt định vị cao cấp,ANC84,MAY MẶC | ANC84 KEO XỊT ĐỊNH VỊ VẢI KHI IN LỤA (chiệu nhiệt cao) | Sản phẩm cùng loại | Sản Phẩm ANC | Video,32,121,9482,93576016984098d7.html
https://sprayway-tpr.com/vn/san-pham/531/anc88-keo-xit-da-nang.html,keo xịt dan dinh vi tren vai,ANC88,MAY MẶC | ANC88 KEO XỊT ĐA NĂNG | Sản phẩm cùng loại | Sản Phẩm ANC | Video,32,121,9555,db1829a5484990ca.html
https://sprayway-tpr.com/vn/san-pham/530/anc99-keo-xit-da-nang.html,keo đa năng,anc99,MAY MẶC | ANC99 Keo Xịt Đa Năng | Sản phẩm cùng loại | Sản Phẩm ANC | Video,32,121,9456,360fa9c4dce92f1d.html
https://sprayway-tpr.com/vn/san-pham/brand/-5.html?p=2,San Pham ANC,Sản phẩm chai xịt SPRAYWAY & TPR trong công nghiệp...,Sản Phẩm ANC | Sản Phẩm ANC | Video,23,105,8753,88ecafc53ccf16b7.html
https://sprayway-tpr.com/en/product/brand/may-mac-6.html,MAY MAC,The aerosols supply for industrial trade...,Sewing Trades | ANC Product | Video,29,119,8654,53c58893760ab61f.html
https://sprayway-tpr.com/cn/product/brand/may-mac-6.html,服装,The aerosols supply for industrial trade...,服装 | ANC 产品 | Video,29,113,4540,428341141d32acd2.html
https://sprayway-tpr.com/vn/san-pham/brand/-6.html?p=2,MAY MAC,Sản phẩm chai xịt SPRAYWAY & TPR trong công nghiệp...,MAY MẶC | Sản Phẩm ANC | Video,22,104,8724,63a519c9c49100d8.html
https://sprayway-tpr.com/en/product/brand/gia-dung--noi-that-11.html,GIA DUNG/ NOI THAT,The aerosols supply for industrial trade...,Furniture & Upholstery | ANC Product | Video,18,95,8332,65989bd604e8bbe4.html
https://sprayway-tpr.com/cn/product/brand/gia-dung--noi-that-11.html,家用 / 家具,The aerosols supply for industrial trade...,家用 / 家具 | ANC 产品 | Video,18,89,4364,bbd84c59be939615.html
https://sprayway-tpr.com/vn/san-pham/526/anc31-chai-xit-tay-da-nang.html,ANC31 CHAI XIT TAY DA NANG,"> Với chất tẩy rửa đa năng, tiết kiệm v&agrave; hiệu quả trong việc tẩy sạch vết v&acirc;n tay, vết s&aacute;p, &aacute;m kh&oacute;i, dầu mỡ tr&ecirc;n vải, ...",GIA DỤNG/ NỘI THẤT | ANC31 CHAI XỊT TẨY ĐA NĂNG | Sản phẩm cùng loại | Sản Phẩm ANC | Video,22,101,9253,9785e2fc8a5cd5d8.html
https://sprayway-tpr.com/en/product/brand/rarosa-9.html,TAY VET BAN TREN VAI,rarosa,RAROSA | RAROSA | Video,27,111,8445,1f8f0d53ccad5f3f.html
https://sprayway-tpr.com/cn/product/brand/rarosa-9.html,TAY VET BAN TREN VAI,rarosa,RAROSA | RAROSA | Video,27,105,4476,9cf8ef5fac29e238.html
https://sprayway-tpr.com/vn/san-pham/607/rarosalsv20.html,SÚNG LÀM SẠCH VẾT BẨN,Súng làm sạch LSV-20						Ống hút dài 2m có thể hút dung dịch trực tiếp từ can.							Trang bị van một chiều chống rò rỉ dung ...,RAROSA | RAROSA SÚNG LÀM SẠCH LSV-20 | Sản phẩm cùng loại | RAROSA | Video,31,117,9250,56076b2d2aaafa7b.html
https://sprayway-tpr.com/vn/san-pham/563/rarosa-r4.html,Rarosa R4,"Hòa tan trong nước

Tẩy các vết bẩn đặc biệt như: Rỉ sét, đổ mồ hôi, vàng nách, ố vàng nhẹ, chất trung hòa kiềm, kim máy khâu, vết rỉ sét, v.v.",MAY MẶC | Rarosa R4 | Sản phẩm cùng loại | RAROSA | Video,31,116,8921,d778910ddfcf5388.html
https://sprayway-tpr.com/vn/san-pham/562/rarosa-r3.html,Rarosa R3,"Hòa tan trong nước Chất tẩy vết bẩn có chất khoáng	Cola, nước ép trái cây, vết cỏ, cà phê, rượu trắng, trà ...",MAY MẶC | Rarosa R3 | Sản phẩm cùng loại | RAROSA | Video,31,116,8919,977e49cd69a8256c.html
https://sprayway-tpr.com/vn/san-pham/561/rarosa-r2.html,Rarosa R2,"Hòa tan trong nước Hòa tan trong nước Hòa tan trong nước Tẩy vết bẩn có chất đạm (protein)	bia, máu, kem, lòng trắng trứng, ca cao, ...",MAY MẶC | Rarosa R2 | Sản phẩm cùng loại | RAROSA | Video,31,116,8969,ced88ccf8198c4ef.html
https://sprayway-tpr.com/vn/san-pham/560/rarosa-r1.html,Rarosa R1,"Tan trong dầu Chất tẩy vết bẩn gốc dầu	Sơn, mỡ, dầu nhựa, chất kết dính, mực bút bi, sơn mài, son môi, sơn móng tay, dầu, hắc ...",MAY MẶC | Rarosa R1 | Sản phẩm cùng loại | RAROSA | Video,31,116,8905,cca42daae26fa42d.html
https://sprayway-tpr.com/vn/san-pham/513/may-tay-vet-ban-rarosa-rs222.html,May Tay Vet Ban Rarosa RS222,,MAY MẶC | Máy Tẩy Vết Bẩn Rarosa RS-222 | Sản phẩm cùng loại | RAROSA | Video,31,116,8745,a3210e2718323d5b.html
https://sprayway-tpr.com/vn/san-pham/517/sung-tay-sieu-thanh-rc15.html,Sung Tay Sieu Thanh RC15,Sản phẩm chai xịt SPRAYWAY & TPR trong công nghiệp...,MAY MẶC | Súng Tẩy Siêu Thanh RC15 | Sản phẩm cùng loại | RAROSA | Video,31,116,8737,fcb73dbb9fd62e13.html
https://sprayway-tpr.com/vn/san-pham/516/dung-moi-ak35.html,Dung Moi AK35,Dung Môi Hỗn Hợp Hydro Carbon,MAY MẶC | DUNG DỊCH AK35 | Sản phẩm cùng loại | RAROSA | Video,31,116,8762,4aa85d73a1f86a3f.html
https://sprayway-tpr.com/vn/san-pham/brand/-9.html?p=2,TAY VET BAN TREN VAI,rarosa,RAROSA | RAROSA | Video,19,96,8459,1a70f8b237eccbff.html
https://sprayway-tpr.com/en/product/brand/may-mac-10.html,May Mặc,The aerosols supply for industrial trade...,Sewing Trades | RAROSA | Video,26,110,8426,9b0e1c0d41b3e1d3.html
https://sprayway-tpr.com/cn/product/brand/may-mac-10.html,May Mặc,The aerosols supply for industrial trade...,缝纫业 | RAROSA | Video,26,104,4446,343b16a8b383b558.html
"https://sprayway-tpr.com/vn/san-pham/515/dung-moi-r1,r2,r3,r4.html","Dung Moi R1,R2,R3,R4",Dung môi P trợ xử lý đa dạng các vết bẩn.,"MAY MẶC | DUNG DỊCH R1,R2,R3,R4 | Sản phẩm cùng loại | RAROSA | Video",32,116,8795,703d923be1351df9.html
https://sprayway-tpr.com/vn/san-pham/brand/-10.html?p=2,May Mặc,Sản phẩm chai xịt SPRAYWAY & TPR trong công nghiệp...,MAY MẶC | RAROSA | Video,18,95,8433,073ede6adeb339d4.html
https://sprayway-tpr.com/en/product/brand/cerliani-12.html,ổ chao,Ổ Chao,CERLIANI | CERLIANI | Video,18,93,8233,b7dff8413034bd55.html
https://sprayway-tpr.com/cn/product/brand/cerliani-12.html,ổ chao,Ổ Chao,CERLIANI | CERLIANI | Video,18,87,4346,142560f557169bdd.html
https://sprayway-tpr.com/en/product/brand/may-mac-16.html,O Chao,The aerosols supply for industrial trade...,Hook | CERLIANI | Video,18,94,8234,23d2f1b3fe9e47c0.html
https://sprayway-tpr.com/cn/product/brand/may-mac-16.html,O Chao,The aerosols supply for industrial trade...,大釜 | CERLIANI | Video,18,88,4343,8164848a34ab1ee2.html
https://sprayway-tpr.com/en/product/brand/ss-jjw-13.html,SS-JJW,The aerosols supply for industrial trade...,SS-JJW | SS-JJW | Video,18,93,8245,65372fadac6cb769.html
https://sprayway-tpr.com/cn/product/brand/ss-jjw-13.html,SS-JJW,The aerosols supply for industrial trade...,SS-JJW | SS-JJW | Video,18,87,4348,c8a9deacc2cdc468.html
https://sprayway-tpr.com/en/product/brand/nuoc-ban-tay-17.html,Stain removal gun,The aerosols supply for industrial trade...,Stain removal gun | SS-JJW | Video,18,94,8285,e3e52e1de9cf6d07.html
https://sprayway-tpr.com/cn/product/brand/nuoc-ban-tay-17.html,去污枪,The aerosols supply for industrial trade...,清洁枪 | SS-JJW | Video,18,88,4346,01dd62d0d891b349.html
https://sprayway-tpr.com/en/product/brand/Rabbitchalk-14.html,Rabbitchalk,The aerosols supply for industrial trade...,Rabbitchalk | Rabbitchalk | Video,22,104,8418,ec7b2a7504596b33.html
https://sprayway-tpr.com/cn/product/brand/Rabbitchalk-14.html,Rabbitchalk,The aerosols supply for industrial trade...,Rabbitchalk | Rabbitchalk | Video,22,98,4499,eb2eb2982f53dff7.html
https://sprayway-tpr.com/vn/san-pham/558/PH%E1%BA%A4N%20MAY%20PARAFFIN.html,PHẤN MAY PARAFFIN,PHẤN MAY PARAFFIN,PHẤN MAY PARAFFIN | PHẤN MAY PARAFFIN | Sản phẩm cùng loại | Rabbitchalk | Video,23,104,9155,3140d31dac837caa.html
https://sprayway-tpr.com/vn/san-pham/559/PH%E1%BA%A4N%20MAY%20D%E1%BA%A0NG%20B%E1%BB%98T.html,PHẤN MAY DẠNG BỘT,Đặc trưng	• Bạn có thể sử dụng Bột phấn thỏ trên giấy hoa văn.	• Vẽ đường hiệu quả và nhanh hơn so với các loại phấn ...,PHẤN MAY DẠNG BỘT | PHẤN MAY DẠNG BỘT | Sản phẩm cùng loại | Rabbitchalk | Video,23,104,9116,520d948f0178d6ed.html
https://sprayway-tpr.com/vn/san-pham/557/PH%E1%BA%A4N%20MAY%20D%E1%BA%A0NG%20VI%E1%BA%BET.html,PHẤN MAY DẠNG VIẾT,"Đặc trưng	1. Màu hồng: có thể xóa được bằng khí nén và nước	- 12~24 giờ (Tùy thuộc vào loại vải, nhiệt độ ...",PHẤN MAY DẠNG VIẾT | PHẤN MAY DẠNG VIẾT | Sản phẩm cùng loại | Rabbitchalk | Video,23,104,10097,e160c6209cfa0311.html
https://sprayway-tpr.com/vn/san-pham/556/PH%E1%BA%A4N%20MAY%20VAPORIZABLE.html,PHẤN MAY VAPORIZABLE,"Đặc trưng:	Không có để dấu, Không có thiệt hại trên vải.	• Các vết phấn sẽ mờ hoàn toàn sau 72~148 giờ sau khi ...",PHẤN MAY VAPORIZABLE | PHẤN MAY VAPORIZABLE | Sản phẩm cùng loại | Rabbitchalk | Video,23,104,9298,8364b7de6c3e6779.html
https://sprayway-tpr.com/en/product/brand/phan-may-dang-bot-23.html,Rabbitchalk Powder,The aerosols supply for industrial trade...,Rabbitchalk Powder | Rabbitchalk | Video,18,97,8372,7919333a30d259bf.html
https://sprayway-tpr.com/cn/product/brand/phan-may-dang-bot-23.html,Rabbitchalk 粉末粉笔,The aerosols supply for industrial trade...,Rabbitchalk 粉末粉笔 | Rabbitchalk | Video,18,91,4464,3583581e39443e4b.html
https://sprayway-tpr.com/en/product/brand/phan-may-dang-viet-22.html,Rabbitchalk Pen Air & Water,The aerosols supply for industrial trade...,Rabbitchalk Pen Air & Water | Rabbitchalk | Video,18,97,8408,5328e432527a5db2.html
https://sprayway-tpr.com/cn/product/brand/phan-may-dang-viet-22.html,Rabbitchalk 空气 & 水用粉笔笔,The aerosols supply for industrial trade...,Rabbitchalk 空气 & 水用粉笔笔 | Rabbitchalk | Video,18,91,4488,e7146c256838e9c5.html
https://sprayway-tpr.com/en/product/brand/phan-may-paraffin-21.html,Rabbitchalk PARAFFIN,The aerosols supply for industrial trade...,Rabbitchalk PARAFFIN | Rabbitchalk | Video,18,97,8380,290cf4fd63d9f643.html
https://sprayway-tpr.com/cn/product/brand/phan-may-paraffin-21.html,Rabbitchalk 石蜡粉笔,The aerosols supply for industrial trade...,Rabbitchalk 石蜡粉笔 | Rabbitchalk | Video,18,91,4464,e07b7d365b2b110f.html
https://sprayway-tpr.com/en/product/556/Rabbitchalk%20VAPORIZABLE.html,Rabbitchalk VAPORIZABLE,Rabbitchalk VAPORIZABLE,Rabbitchalk VAPORIZABLE | Rabbitchalk VAPORIZABLE | Related Product | Rabbitchalk | Video,23,105,9031,11c7d7087ef21eb0.html
https://sprayway-tpr.com/cn/product/556/rabbitchalk-%E6%8C%A5%E5%8F%91%E6%80%A7%E7%B2%89%E7%AC%94.html,Rabbitchalk 挥发性粉笔,Rabbitchalk 挥发性粉笔,Rabbitchalk 挥发性粉笔 | Rabbitchalk 挥发性粉笔 | Sản phẩm cùng loại | Rabbitchalk | Video,23,99,4772,73bbc2e1a5dc28f6.html
https://sprayway-tpr.com/modules/product/popup/send_email.php?id=556&lang=vn&TB_iframe=true&width=650&height=550,.: TELL FRIEND :.,,,3,1,244,4c6666ad48f8cc43.html
https://sprayway-tpr.com/en/product/brand/ldh-19.html,LDH,The aerosols supply for industrial trade...,LDH | LDH | Video,29,118,8815,dbf2196412b78149.html
https://sprayway-tpr.com/cn/product/brand/ldh-19.html,LDH,The aerosols supply for industrial trade...,LDH | LDH | Video,29,112,4559,62527e6d1c3ef98f.html
https://sprayway-tpr.com/vn/san-pham/581/keocatldhs11.html,Keo cat may chong gi chat luong cao LDH-S11,Sản phẩm chai xịt SPRAYWAY & TPR trong công nghiệp...,KÉO CẮT VẢI | Kéo cắt may chống gỉ chất lượng cao LDH-S11 | Sản phẩm cùng loại | LDH | Video,32,121,8998,63120dee1d49109f.html
https://sprayway-tpr.com/vn/san-pham/580/keoldhs10.html,Keo cat may chong gi chat luong cao LDH-S10,Sản phẩm chai xịt SPRAYWAY & TPR trong công nghiệp...,KÉO CẮT VẢI | Kéo cắt may chống gỉ chất lượng cao LDH-S10 | Sản phẩm cùng loại | LDH | Video,32,121,8998,e97531102663edbd.html
https://sprayway-tpr.com/vn/san-pham/579/keoldhs9.html,Keo cat may chong gi chat luong cao LDH S9,Sản phẩm chai xịt SPRAYWAY & TPR trong công nghiệp...,KÉO CẮT VẢI | Kéo cắt may chống gỉ chất lượng cao LDH S9 | Sản phẩm cùng loại | LDH | Video,32,121,8997,40c275a146d046f8.html
https://sprayway-tpr.com/vn/san-pham/576/ldh211xl.html,Keo bam chi LDH 211XL,"- Chất Liệu Thép - Ngăn Chặn Rỉ Sét Với Chất Lượng Cao, Sản phẩm được tạo nên từ chất liệu thép chống rỉ sét cao cấp,	- Đảm ...",LDH | Kéo bấm chỉ LDH 211XL | Sản phẩm cùng loại | LDH | Video,32,120,9447,f4b0ad2e74ebeeca.html
https://sprayway-tpr.com/vn/san-pham/543/K%C3%A9o%20b%E1%BA%A5m%20ch%E1%BB%89%2010.8cm%20LDH-210.html,Kéo bấm chỉ 10.8cm LDH-210,Kéo bấm chỉ 10.8cm LDH-210,KÉO CẮT CHỈ | Kéo bấm chỉ 10.8cm LDH-210 | Sản phẩm cùng loại | LDH | Video,30,107,9276,46612733ff0838ba.html
https://sprayway-tpr.com/vn/san-pham/545/keo-cat-rang-cua-inox-9inch-ldh-240x.html,Keo cat rang cua inox 9inch LDH-240X,THÔNG TIN SẢN PHẨM: LDH-240X	- Kéo gia dụng được sản xuất bởi công ty chuyên về dao kéo LiDaHang ( 利达行 ) phần tên và mã ...,KÉO CẮT VẢI | Kéo cắt răng cưa inox 9inch LDH-240X | Sản phẩm cùng loại | LDH | Video,39,126,9757,f8fc12c3254de1fa.html
https://sprayway-tpr.com/vn/san-pham/551/keo-cat-vai-cao-cap-10-inch-ldh-g10.html,Keo cat vai cao cap 10 inch LDH-G10,"THÔNG TIN SẢN PHẨM: LDH-G10	- Chất liệu thép hợp kim cao cấp, không gỉ sét, thiết kế phù hợp với bàn tay người Việt, kéo ...",KÉO CẮT VẢI | Kéo cắt vải cao cấp 10 inch LDH-G10 | Sản phẩm cùng loại | LDH | Video,37,125,9744,d91ebc5a5446e9fd.html
https://sprayway-tpr.com/vn/san-pham/brand/-19.html?p=2,LDH,Sản phẩm chai xịt SPRAYWAY & TPR trong công nghiệp...,LDH | LDH | Video,25,109,8647,e91501297bce9c0e.html
https://sprayway-tpr.com/en/product/brand/keo-cat-vai-25.html,Fabric scissors,The aerosols supply for industrial trade...,Fabric scissors | LDH | Video,29,119,8861,3cfc84d90d1618cd.html
https://sprayway-tpr.com/cn/product/brand/keo-cat-vai-25.html,裁布剪刀,The aerosols supply for industrial trade...,裁布剪刀 | LDH | Video,29,113,4585,7deb991bf0acbcd5.html
https://sprayway-tpr.com/vn/san-pham/brand/-25.html?p=2,KÉO CẮT VẢI,KÉO CẮT VẢI,KÉO CẮT VẢI | LDH | Video,22,104,8592,737fcd2bd09746d6.html
https://sprayway-tpr.com/en/product/brand/keo-cat-chi-24.html,Thread scissors,The aerosols supply for industrial trade...,Thread scissors | LDH | Video,19,97,8337,c675d310711e46bf.html
https://sprayway-tpr.com/cn/product/brand/keo-cat-chi-24.html,剪线剪刀,The aerosols supply for industrial trade...,剪线剪刀 | LDH | Video,19,91,4365,c04f868ad0eb7fa9.html
https://sprayway-tpr.com/en/product/brand/%E1%BB%95%20chao-27.html,SANME Rotary Hook,SANME Rotary Hook,SANME Rotary Hook | SANME | Video,25,108,8654,3a5b7f9161b7ea68.html
https://sprayway-tpr.com/cn/product/brand/%E1%BB%95%20chao-27.html,SANME 旋梭,SANME 旋梭,SANME 旋梭 | SANME | Video,25,102,4532,a4c4bb1bcdba3f8e.html
https://sprayway-tpr.com/vn/san-pham/599/ochao-sanme-7-94btrd.html,Ổ MÁY KIM ĐIỆN TỬ CẮT CHỈ TỰ ĐỘNG SMH-7.94BTR(D),Sản phẩm chai xịt SPRAYWAY & TPR trong công nghiệp...,Ổ CHAO SANME | Ổ MÁY KIM ĐIỆN TỬ CẮT CHỈ TỰ ĐỘNG SMH-7.94BTR(D) | Sản phẩm cùng loại | SANME | Video,28,112,8983,aef1c0ffa3bf52eb.html
https://sprayway-tpr.com/vn/san-pham/598/o-chao-sanme-smh-6-7trd.html,Ổ MÁY 1 KIM ĐIỆN TỬ CHO MÁY LẬP TRÌNH CHO VẢI DÀY SMH-6-7TR(D),Sản phẩm chai xịt SPRAYWAY & TPR trong công nghiệp...,Ổ CHAO SANME | Ổ MÁY 1 KIM ĐIỆN TỬ CHO MÁY LẬP TRÌNH CHO VẢI DÀY SMH-6-7TR(D) | Sản phẩm cùng loại | SANME | Video,28,112,8997,ef5f7f50cfc767de.html
https://sprayway-tpr.com/vn/san-pham/587/ochao-sanme-smh-atr-6-7tr.html,Ổ MÁY 1 KIM ĐIỆN TỬ CHO MÁY LẬP TRÌNH CHO VẢI DÀY SMH-ATR(1Q) 6-7TR,"Đơn giá: 177,100 VND",Ổ CHAO SANME | Ổ MÁY 1 KIM ĐIỆN TỬ CHO MÁY LẬP TRÌNH CHO VẢI DÀY SMH-ATR(1Q) 6-7TR | Sản phẩm cùng loại | SANME | Video,28,112,9002,dee1e1f20fc2cbf5.html
https://sprayway-tpr.com/vn/san-pham/586/o-chao-sanme-7-94btr.html,Ổ MÁY 1 KIM ĐIỆN TỬ CẮT CHỈ TỰ ĐỘNG SMH-7.94BTR,"Đơn giá: 153,100 VND",Ổ CHAO SANME | Ổ MÁY 1 KIM ĐIỆN TỬ CẮT CHỈ TỰ ĐỘNG SMH-7.94BTR | Sản phẩm cùng loại | SANME | Video,28,112,8961,aff20bf0866aeab6.html
https://sprayway-tpr.com/vn/san-pham/585/ochao-sanme-smh6-7tr.html,Ổ CHAO SAME SMH-6-7TR,Sản phẩm chai xịt SPRAYWAY & TPR trong công nghiệp...,Ổ CHAO SANME | Ổ CHAO SANME SMH-6-7TR | Sản phẩm cùng loại | SANME | Video,28,112,8956,b1a7007c4c6f255d.html
https://sprayway-tpr.com/vn/san-pham/584/ochao-sanme-6-5trd.html,ổ chao same,"Đơn giá: 246,800VNĐ",Ổ CHAO SANME | Ổ MÁY 1 KIM ĐIỆN TỬ CHO MÁY LẬP TRÌNH CHO VẢI MỎNG SMH-6-5TR(D) | Sản phẩm cùng loại | SANME | Video,28,112,8946,c986c329a145c571.html
https://sprayway-tpr.com/vn/san-pham/583/o-chao-sanme-smh-1-6fltrd.html,Ổ MÁY MAY MẪU 1.6 LẦN SMH-1.6FLTR(D),"Đơn giá: 246,800 VNĐ",Ổ CHAO SANME | Ổ MÁY MAY MẪU 1.6 LẦN SMH-1.6FLTR(D) | Sản phẩm cùng loại | SANME | Video,28,112,8950,daacf94f88fdf9b2.html
https://sprayway-tpr.com/en/product/brand/may-cat-chi-thong-minh-29.html,Smart Thread Trimmer Machine,The aerosols supply for industrial trade...,Smart Thread Trimmer Machine | JS | Video,19,97,8389,e07813ca46232005.html
https://sprayway-tpr.com/cn/product/brand/may-cat-chi-thong-minh-29.html,智能剪线机,The aerosols supply for industrial trade...,智能剪线机 | JS | Video,19,91,4358,5e9127cdfb634036.html
https://sprayway-tpr.com/vn/san-pham/590/may-cat-chi-js-3268i.html,MÁY CẮT CHỈ JS-3268I,,MÁY CẮT CHỈ THÔNG MINH | MÁY CẮT CHỈ JS-3268I | Sản phẩm cùng loại | JS | Video,23,101,8665,88b4f02aff5fbd67.html
https://sprayway-tpr.com/en/product/brand/sung-hut-thoi-bui-31.html,Air Blow & Suction Gun,The aerosols supply for industrial trade...,Air Blow & Suction Gun | JS | Video,20,99,8397,1338755fbbccfc7f.html
https://sprayway-tpr.com/cn/product/brand/sung-hut-thoi-bui-31.html,吸吹尘枪,The aerosols supply for industrial trade...,吸吹尘枪 | JS | Video,20,93,4365,d744fac93aed64dc.html
https://sprayway-tpr.com/vn/san-pham/594/sung-hut-thoi-bui%20djs999.html,DỤNG CỤ HÚT THỔI BỤI JS 999,Sản phẩm chai xịt SPRAYWAY & TPR trong công nghiệp...,SUNG HÚT THỔI BỤI | DỤNG CỤ HÚT THỔI BỤI JS 999 | Sản phẩm cùng loại | JS | Video,24,105,8723,7f3b74011572d53f.html
https://sprayway-tpr.com/vn/san-pham/593/sung-hut-thoi-bui%20djs888.html,DỤNG CỤ HÚT THỔI BỤI JS 888,Sản phẩm chai xịt SPRAYWAY & TPR trong công nghiệp...,SUNG HÚT THỔI BỤI | DỤNG CỤ HÚT THỔI BỤI JS 888 | Sản phẩm cùng loại | JS | Video,24,105,8723,18a36f1b59667a08.html
https://sprayway-tpr.com/vn/san-pham/592/sung-hut-thoi-bui-djs666.html,DỤNG CỤ HÚT THỔI BỤI JS 666,Sản phẩm chai xịt SPRAYWAY & TPR trong công nghiệp...,SUNG HÚT THỔI BỤI | DỤNG CỤ HÚT THỔI BỤI JS 666 | Sản phẩm cùng loại | JS | Video,24,105,8723,08541996bd6f00d7.html
https://sprayway-tpr.com/en/news/news-1.html,News,The aerosols supply for industrial trade...,News | News | Video,22,109,9522,ec57c220461641a3.html
https://sprayway-tpr.com/cn/news/news-1.html,NEWS,The aerosols supply for industrial trade...,NEWS | NEWS | Video,27,111,6545,a3b29f6953379f21.html
https://sprayway-tpr.com/vn/news/detail/thu-moi-tham-du---invitation-jiam-osaka-japan-2024-76.html,THƯ MỜI THAM DỰ - INVITATION JIAM OSAKA JAPAN 2024 | THU MOI THAM DU - INVITATION JIAM OSAKA JAPAN 2024,Sản phẩm chai xịt SPRAYWAY & TPR trong công nghiệp...,Triển lãm | Tin Tức | Video,22,107,9691,005ac395a1680b58.html
https://sprayway-tpr.com/vn/news/detail/hanoitex2024-75.html,THUMOI-HANOITEX2024,Sản phẩm chai xịt SPRAYWAY & TPR trong công nghiệp...,Triển lãm | Tin Tức | Video,22,107,10978,9b075aa41fad0fb2.html
https://sprayway-tpr.com/vn/news/detail/catalogue-sprayway-tpr-2024-new-74.html,CATALOGUE SPRAYWAY TPR 2024 NEW | CATALOGUE SPRAYWAY TPR 2024 NEW,Sản phẩm chai xịt SPRAYWAY & TPR trong công nghiệp...,Tin Tức | Tin Tức | Video,21,106,9312,c419bd299c1825cf.html
https://sprayway-tpr.com/vn/news/detail/textile-asia-internation-trade-fair-exhibition---conferences-2024-71.html,Textile Asia Internation Trade Fair Exhibition & Conferences 2024 | Textile Asia Internation Trade Fair Exhibition & Conferences 2024,Sản phẩm chai xịt SPRAYWAY & TPR trong công nghiệp...,Triển lãm | Tin Tức | Video,23,108,9616,9e11544c8df5d2fb.html
https://sprayway-tpr.com/vn/news/detail/invitation-gft-2024-70.html,Invitation GFT 2024 | Invitation GFT 2024,Sản phẩm chai xịt SPRAYWAY & TPR trong công nghiệp...,Triển lãm | Tin Tức | Video,24,108,9385,d63cd132938f3094.html
https://sprayway-tpr.com/vn/news/detail/saigontex-2024-69.html,SAIGONTEX 2024 | SAIGONTEX 2024,Sản phẩm chai xịt SPRAYWAY & TPR trong công nghiệp...,Triển lãm | Tin Tức | Video,23,108,9567,23a05e7e21b9bf83.html
https://sprayway-tpr.com/vn/news/detail/indo-intertex-68.html,INDO InterTEX | INDO InterTEX,Sản phẩm chai xịt SPRAYWAY & TPR trong công nghiệp...,Triển lãm | Tin Tức | Video,23,108,9381,4bf0e4c8b6d00e3c.html
https://sprayway-tpr.com/vn/news/detail/oeko-tex-4-product-tpr-spraywaysingapore-67.html,CÔNG TY SPRAYWAY-TPR xin trân trọng thông báo tất cả sản phẩm CHAI TẨY DẦU #833 và ANC PULL OUT PREMIUM của công ty chúng tôi đã được cấp chứng nhận OEKO-TEX cấp độ cao nhất! | CONG TY SPRAYWAY-TPR xin tran trong thong bao tat ca san pham CHAI TA,Sản phẩm chai xịt SPRAYWAY & TPR trong công nghiệp...,Sự kiện | Tin Tức | Video,23,99,11141,9badfcd93136203d.html
https://sprayway-tpr.com/vn/news/detail/hanoitex-2023-66.html,HANOITEX 2023 | HANOITEX 2023,Sản phẩm chai xịt SPRAYWAY & TPR trong công nghiệp...,Triển lãm | Tin Tức | Video,24,108,10118,04e2411c99211e37.html
https://sprayway-tpr.com/vn/news/detail/cisma-2023-shanghai-63.html,Cisma 2023 Shanghai | Cisma 2023 Shanghai,Sản phẩm chai xịt SPRAYWAY & TPR trong công nghiệp...,Triển lãm | Tin Tức | Video,23,108,9482,f8db7b5e72776b49.html
https://sprayway-tpr.com/vn/news/news-1.html?p=2,Tin Tức,Sản phẩm chai xịt SPRAYWAY & TPR trong công nghiệp...,Tin Tức | Tin Tức | Video,27,116,11052,3bee3b0d64748ae3.html
https://sprayway-tpr.com/vn/news/news-1.html?p=3,Tin Tức,Sản phẩm chai xịt SPRAYWAY & TPR trong công nghiệp...,Tin Tức | Tin Tức | Video,19,99,9046,8ae30e7c7ad06c7f.html
https://sprayway-tpr.com/vn/news/events-3.html,Sự kiện,Sản phẩm chai xịt SPRAYWAY & TPR trong công nghiệp...,Sự kiện | Tin Tức | Video,19,97,8996,4c200123bbef1127.html
https://sprayway-tpr.com/vn/news/trien-lam-4.html,Triển lãm da & giày Quốc tế Việt Nam lần thứ 22,"Triển lãm Da và Giầy Quốc tế – Việt Nam lần thứ 22 (The 22nd International Shoe & Leather Exhibition - Vietnam) do Công ty TOP REPUTE phối hợp với Hiệp Hội Da - Giầy - Túi xách Việt Nam tổ chức sẽ diễn ra từ 16/11/2022 đến 18/11/2022 tại Trung tâm Hội chợ và Triển lãm Sài Gòn (SECC), 799 Nguyễn Văn Linh, Quận 7, TP Hồ Chí Minh.

Triển lãm tập trung trưng bày giới thiệu sản phẩm, nguyên phụ liệu, thiết bị máy móc, công nghệ mới phục vụ ngành Da giầy túi xách… của các công ty đến từ nhiều Quốc gia trên thế giới như:  Italy, CHLB Đức, Đài Loan, Hàn Quốc, Trung Quốc, Argentina,... Đây cũng là dịp để nhiều khách hàng từ nhiều quốc gia và vùng lãnh thổ sang tham quan và giao dịch, tìm kiếm khách hàng tiềm năng và cơ hội hợp tác đầu tư.

Triển lãm được tổ chức tại Việt Nam là điều kiện thuận lợi để hội tụ đông đảo các Doanh nghiệp trong ngành gặp gỡ, trao đổi tìm hiểu và nắm bắt thông tin, đồng thời trưng bày và giới thiệu các sản phẩm của doanh nghiệp  mình với các bạn hàng trong và ngoài nước nhằm tìm kiếm đối tác, xúc tiến xuất khẩu, mở rộng thị trường.",Triển lãm | Tin Tức | Video,27,113,11161,45ad41b675e89d6c.html
https://sprayway-tpr.com/vn/news/promotion-5.html,Khuyến mãi,Sản phẩm chai xịt SPRAYWAY & TPR trong công nghiệp...,Khuyến mãi | Tin Tức | Video,17,93,8473,3ebb9322364fad0f.html
https://sprayway-tpr.com/en/video.html,"Industrial Aerosols Vietnam | Sprayway-TPR Co., LTD","Sprayway-TPR Co., LTD - Video Clips",Video clip | Video clip | Video,37,144,8883,4667ea3dd1e15cd7.html
https://sprayway-tpr.com/cn/video.html,"Industrial Aerosols Vietnam | Sprayway-TPR Co., LTD",视频,Video clip | Video clip | Video,27,122,4784,4576a19a90026d32.html
"https://sprayway-tpr.com/vn/video/detail/invitation-saigontex-2024-spayway---tpr-co-,-ltd-spot-lifter-oekotex-72.html","Industrial Aerosols Vietnam | Sprayway-TPR Co., LTD",Sản phẩm chai xịt SPRAYWAY & TPR trong công nghiệp...,"INVITATION SAIGONTEX 2024 SPAYWAY - TPR CO., LTD SPOT LIFTER OEKOTEX | Video clip | Video",20,107,8811,87bf92347b12a1d5.html
https://sprayway-tpr.com/vn/video/detail/Video%20Cisma%20Expo%202023-71.html,"Industrial Aerosols Vietnam | Sprayway-TPR Co., LTD",CISMA 2023 EXHIBITION,CISMA 2023 EXHIBITION | Video clip | Video,20,107,8811,0e9ba0f4a5f4b4f1.html
https://sprayway-tpr.com/vn/video/detail/Tri%E1%BB%83n%20L%C3%A3m%20Qu%E1%BB%91c%20T%E1%BA%BF%20Ng%C3%A0nh%20C%C3%B4ng%20Nghi%E1%BB%87p%20D%E1%BB%87t%20&amp;%20May-70.html,"Industrial Aerosols Vietnam | Sprayway-TPR Co., LTD",Triển Lãm Quốc Tế Ngành Công Nghiệp Dệt & May,Rarosa Rs222 | Video clip | Video,20,107,8811,ee309684094d5e61.html
https://sprayway-tpr.com/vn/video/detail/Video%20India%20Expo%202023-69.html,"Industrial Aerosols Vietnam | Sprayway-TPR Co., LTD",Video Expo,GTE - Garment Technology Expo | Video clip | Video,20,107,8811,ae1df80d9e37e435.html
https://sprayway-tpr.com/vn/video/detail/945-for-cutting-machine-66.html,"Industrial Aerosols Vietnam | Sprayway-TPR Co., LTD",Sản phẩm chai xịt SPRAYWAY & TPR trong công nghiệp...,945 for cutting machine | Video clip | Video,21,109,8797,e2138f99f811ceee.html
https://sprayway-tpr.com/vn/video/detail/063s-01jk-65.html,"Industrial Aerosols Vietnam | Sprayway-TPR Co., LTD",Sản phẩm chai xịt SPRAYWAY & TPR trong công nghiệp...,063S 01JK | Video clip | Video,21,109,8797,46b62c2c54608689.html
https://sprayway-tpr.com/vn/video/detail/063s-01j-64.html,"Industrial Aerosols Vietnam | Sprayway-TPR Co., LTD",Sản phẩm chai xịt SPRAYWAY & TPR trong công nghiệp...,063S 01J | Video clip | Video,21,109,8797,32774ee1a2feb61a.html
https://sprayway-tpr.com/vn/video/detail/063sp-01d-63.html,"Industrial Aerosols Vietnam | Sprayway-TPR Co., LTD",Sản phẩm chai xịt SPRAYWAY & TPR trong công nghiệp...,063SP 01D | Video clip | Video,21,109,8797,4fcfd2138c972942.html
https://sprayway-tpr.com/vn/video/detail/957s-01l--62.html,"Industrial Aerosols Vietnam | Sprayway-TPR Co., LTD",Sản phẩm chai xịt SPRAYWAY & TPR trong công nghiệp...,957S 01L | Video clip | Video,21,109,8751,2a9d9ef2779f5376.html
https://sprayway-tpr.com/vn/video/detail/945s-02l--61.html,"Industrial Aerosols Vietnam | Sprayway-TPR Co., LTD",Sản phẩm chai xịt SPRAYWAY & TPR trong công nghiệp...,945S 02L | Video clip | Video,21,109,8751,f78a4412af3960fe.html
https://sprayway-tpr.com/vn/video/detail/945s-01l--60.html,"Industrial Aerosols Vietnam | Sprayway-TPR Co., LTD",Sản phẩm chai xịt SPRAYWAY & TPR trong công nghiệp...,945S 01L | Video clip | Video,21,109,8751,30a3d14276d7b901.html
https://sprayway-tpr.com/vn/video/detail/945s-01d--59.html,"Industrial Aerosols Vietnam | Sprayway-TPR Co., LTD",Sản phẩm chai xịt SPRAYWAY & TPR trong công nghiệp...,945S 01D | Video clip | Video,21,109,8751,ea5c66c420a86be3.html
https://sprayway-tpr.com/vn/video/detail/084sp-01d--58.html,"Industrial Aerosols Vietnam | Sprayway-TPR Co., LTD",Sản phẩm chai xịt SPRAYWAY & TPR trong công nghiệp...,084SP 01D | Video clip | Video,21,109,8751,2ad2cb2b59c2552e.html
https://sprayway-tpr.com/vn/video/detail/066s-01l--57.html,"Industrial Aerosols Vietnam | Sprayway-TPR Co., LTD",Sản phẩm chai xịt SPRAYWAY & TPR trong công nghiệp...,066S 01L | Video clip | Video,21,109,8750,66df04439e9880f4.html
https://sprayway-tpr.com/vn/video/detail/sprayway-990-991-vinyl---leather-cleaner-and-conditioner-sw990-sw991--56.html,"Industrial Aerosols Vietnam | Sprayway-TPR Co., LTD",Sản phẩm chai xịt SPRAYWAY & TPR trong công nghiệp...,Sprayway 990 991 Vinyl & Leather Cleaner and Conditioner SW990 SW991 | Video clip | Video,21,109,8898,4cebf68dfa521261.html
https://sprayway-tpr.com/vn/video/detail/sprayway-good-night-kills-dust-mites--55.html,"Industrial Aerosols Vietnam | Sprayway-TPR Co., LTD",Sản phẩm chai xịt SPRAYWAY & TPR trong công nghiệp...,Sprayway Good Night Kills Dust Mites | Video clip | Video,21,109,8898,cae4e2604f3ecb55.html
https://sprayway-tpr.com/vn/video/detail/sprayway-good-night-kills-bed-bugs--54.html,"Industrial Aerosols Vietnam | Sprayway-TPR Co., LTD",Sản phẩm chai xịt SPRAYWAY & TPR trong công nghiệp...,Sprayway Good Night Kills Bed Bugs | Video clip | Video,21,109,8898,f6f91631a5c79243.html
https://sprayway-tpr.com/vn/video/detail/sprayway-good-night-helps-allergies--53.html,"Industrial Aerosols Vietnam | Sprayway-TPR Co., LTD",Sản phẩm chai xịt SPRAYWAY & TPR trong công nghiệp...,Sprayway Good Night Helps Allergies | Video clip | Video,21,109,8898,56c8d12a2f2eede1.html
https://sprayway-tpr.com/vn/video/detail/sprayway-glass-cleaner--52.html,"Industrial Aerosols Vietnam | Sprayway-TPR Co., LTD",Sản phẩm chai xịt SPRAYWAY & TPR trong công nghiệp...,Sprayway Glass Cleaner | Video clip | Video,21,109,8898,4c2ad7592dc58a80.html
https://sprayway-tpr.com/vn/video/detail/sprayway-glass-cleaner--50--51.html,"Industrial Aerosols Vietnam | Sprayway-TPR Co., LTD",Sản phẩm chai xịt SPRAYWAY & TPR trong công nghiệp...,Sprayway Glass Cleaner #50 | Video clip | Video,21,109,8902,1f2c02b7a9f16fba.html
https://sprayway-tpr.com/vn/video.html?p=2,"Industrial Aerosols Vietnam | Sprayway-TPR Co., LTD",Sản phẩm chai xịt SPRAYWAY & TPR trong công nghiệp...,Sản phẩm mới | Video | Sản phẩm | Tin tức,81,192,9624,9b9491caf69af1c1.html
https://sprayway-tpr.com/vn/video.html?p=3,"Industrial Aerosols Vietnam | Sprayway-TPR Co., LTD",Sản phẩm chai xịt SPRAYWAY & TPR trong công nghiệp...,Sản phẩm mới | Video | Sản phẩm | Tin tức,81,192,9704,6c3cd2de8d95c038.html
https://sprayway-tpr.com/vn/video/About-Sprayway-Video-Clips-6.html,"Industrial Aerosols Vietnam | Sprayway-TPR Co., LTD","About Sprayway-TPR Co., LTD",About-us | Video clip | Video,18,102,8658,9c85e87ae86bda63.html
https://sprayway-tpr.com/vn/video/Video%20Expo-13.html,"Industrial Aerosols Vietnam | Sprayway-TPR Co., LTD",Video Expo,Video Expo | Video clip | Video,21,108,8737,3fe5177fb2e6ffbe.html
https://sprayway-tpr.com/vn/video/video-for-embroidery-8.html,"Industrial Aerosols Vietnam | Sprayway-TPR Co., LTD",Sản phẩm chai xịt SPRAYWAY & TPR trong công nghiệp...,Video for Embroidery | Video clip | Video,21,108,8689,4294c3c5390cd484.html
https://sprayway-tpr.com/vn/video/Video%20for%20Garments%20&amp;%20Textile-9.html,"Industrial Aerosols Vietnam | Sprayway-TPR Co., LTD",Sản phẩm chai xịt SPRAYWAY & TPR trong công nghiệp...,Video for Garments & Textile | Video clip | Video,29,124,8780,a1fed23c4fb6d2f8.html
https://sprayway-tpr.com/vn/video/Video%20for%20Leather-10.html,"Industrial Aerosols Vietnam | Sprayway-TPR Co., LTD",Sản phẩm chai xịt SPRAYWAY & TPR trong công nghiệp...,Video for Leather | Video clip | Video,19,104,8698,0dc6194c1f641ea7.html
https://sprayway-tpr.com/vn/video/Video%20for%20Personal-11.html,"Industrial Aerosols Vietnam | Sprayway-TPR Co., LTD",Sản phẩm chai xịt SPRAYWAY & TPR trong công nghiệp...,Video for Personal | Video clip | Video,25,116,8869,e1e29e72632720e5.html
https://sprayway-tpr.com/vn/video/Video%20for%20Screen%20Printing-12.html,"Industrial Aerosols Vietnam | Sprayway-TPR Co., LTD",Sản phẩm chai xịt SPRAYWAY & TPR trong công nghiệp...,Video for Screen Printing | Video clip | Video,23,112,8719,36640026468d14ba.html
https://sprayway-tpr.com/vn/video/Sewing-Video-Clips-7.html,"Industrial Aerosols Vietnam | Sprayway-TPR Co., LTD","Sewing - Sprayway-TPR Co., LTD",Sewing Products | Video clip | Video,23,112,8761,fa8754738fe3fa03.html
https://sprayway-tpr.com/vn/video/Holly-Cow-Video-Clips-5.html,"Industrial Aerosols Vietnam | Sprayway-TPR Co., LTD","Holly Cow - Sprayway-TPR Co., LTD",Holly Cow Products | Video clip | Video,17,100,8668,a3481578c7e23d88.html
https://sprayway-tpr.com/vn/video/House-Keeping-Video-Clips-4.html,"Industrial Aerosols Vietnam | Sprayway-TPR Co., LTD","House Keeping Video Clips - Sprayway-TPR Co., LTD",House Keeping Products | Video clip | Video,19,104,8711,c864f42a0f9ff3fb.html
https://sprayway-tpr.com/en/contact.html,Contact us,The aerosols supply for industrial trade...,"Contact us | SPRAYWAY-TPR CO.,LTD | Sale Department | Accounting Department",23,87,8603,f438af8827cdbded.html
https://sprayway-tpr.com/cn/contact.html,Contact us,The aerosols supply for industrial trade...,"Contact us | SPRAYWAY-TPR CO.,LTD | 銷 售 部 | 會 計 部",23,81,4569,f7cbb848a5aae899.html
https://sprayway-tpr.com/en/product/art-supply-1.html,Art Supply,The aerosols supply for industrial trade...,Art Supply | Brand | Video,29,154,9284,951a48444bd60dbc.html
https://sprayway-tpr.com/en/product/auto-body-2.html,Auto Body,The aerosols supply for industrial trade...,Auto Body | Brand | Video,29,153,9141,392ecbb6da89552b.html
https://sprayway-tpr.com/en/product/auto-parts-3.html,Auto Parts,The aerosols supply for industrial trade...,Auto Parts | Brand | Video,29,154,9206,1d24698f36240d2c.html
https://sprayway-tpr.com/en/product/auto-detailing-4.html,Auto Detailing,The aerosols supply for industrial trade...,Auto Detailing | Brand | Video,29,153,9131,24a886b354da57a8.html
https://sprayway-tpr.com/en/product/auto-trim-5.html,Auto Trim,The aerosols supply for industrial trade...,Auto Trim | Brand | Video,29,154,9143,eb4af807b587fd7a.html
https://sprayway-tpr.com/en/product/digital-equipment--office-supply-6.html,Digital Equipment/ Office Supply,The aerosols supply for industrial trade...,Digital Equipment/ Office Supply | Brand | Video,29,154,9329,a7ac3d474b2806cd.html
https://sprayway-tpr.com/en/product/furniture--amp;-upholstery-7.html,Furniture & Upholstery,The aerosols supply for industrial trade...,Furniture & Upholstery | Brand | Video,29,155,9297,1b8e809065c697ef.html
https://sprayway-tpr.com/en/product/glass--amp;-mirror-trades-8.html,Glass & Mirror Trades,The aerosols supply for industrial trade...,Glass & Mirror Trades | Brand | Video,29,153,9215,05f0469e43982bb7.html
https://sprayway-tpr.com/en/product/graphic-arts-9.html,Graphic Arts,The aerosols supply for industrial trade...,Graphic Arts | Brand | Video,29,153,9097,ef30e1e404feb0cc.html
https://sprayway-tpr.com/en/product/hardware-supplies-10.html,Hardware Supplies,The aerosols supply for industrial trade...,Hardware Supplies | Brand | Video,29,155,9139,fe59d8d9414068df.html
https://sprayway-tpr.com/en/product/housekeeping-11.html,Housekeeping,The aerosols supply for industrial trade...,Housekeeping | Brand | Video,29,155,9348,2df33c9bface48de.html
https://sprayway-tpr.com/en/product/industrial-maintenance-12.html,Maintenance,The aerosols supply for industrial trade...,Maintenance | Brand | Video,29,155,9269,0db78319911fd19a.html
https://sprayway-tpr.com/en/product/mass-merchant-13.html,Mass Merchant,The aerosols supply for industrial trade...,Mass Merchant | Brand | Video,29,154,9205,f252a8361bd778b4.html
https://sprayway-tpr.com/en/product/picture-framing-14.html,Picture Framing,The aerosols supply for industrial trade...,Picture Framing | Brand | Video,29,153,9178,6cb4edbca77388d4.html
https://sprayway-tpr.com/en/product/screen-printing-15.html,Screen Printing,The aerosols supply for industrial trade...,Screen Printing | Brand | Video,29,153,9120,d14da79108ce4585.html
https://sprayway-tpr.com/en/product/sewing-trades-16.html,Sewing Trades,The aerosols supply for industrial trade...,Sewing Trades | Brand | Video,29,160,9203,b82093b58421e2fd.html
https://sprayway-tpr.com/en/product/sign-industry-17.html,Sign,The aerosols supply for industrial trade...,Sign Industry | Brand | Video,29,154,9142,68e4437d90fe6b57.html
https://sprayway-tpr.com/en/product/woodworking-trades-18.html,Woodworking Trades,The aerosols supply for industrial trade...,Woodworking Trades | Brand | Video,29,153,9146,c87f54a2cdcc8fb2.html
https://sprayway-tpr.com/en,"Industrial Aerosols Vietnam | Sprayway-TPR Co., LTD",The aerosols supply for industrial trade...,New products | Video | Product | News,105,218,10307,65460826adf7d5d2.html
https://sprayway-tpr.com/en/product/brand/may-mac-8.html,Sewing Trades,The aerosols supply for industrial trade...,Sewing Trades | SRAYWAY SINGAPORE | Video,18,94,8299,e0a696d4aeb1e501.html
https://sprayway-tpr.com/en/product/brand/o-chao-cerliani-12.html,ổ chao,Ổ Chao,CERLIANI | CERLIANI | Video,18,93,8233,b2c9c9445ca9fb96.html
https://sprayway-tpr.com/en/product/brand/o-chao-cerliani-16.html,O Chao,The aerosols supply for industrial trade...,Hook | CERLIANI | Video,18,94,8234,bfd8c3e83c52a823.html
https://sprayway-tpr.com/en/product/brand/Stain-removal-gun-17.html,Stain removal gun,The aerosols supply for industrial trade...,Stain removal gun | SS-JJW | Video,18,94,8285,acf6dbcef6a0f562.html
https://sprayway-tpr.com/en/product/559/rabbitchalk-powder.html,RabbitChalk Powder,RabbitChalk Powder,Rabbitchalk Powder | RabbitChalk Powder | Related Product | Rabbitchalk | Video,23,105,8891,41fba3655f34d3ce.html
https://sprayway-tpr.com/en/product/557/rabbitchalk-pen-air--amp;-water.html,RabbitChalk Pen Air & Water,RabbitChalk Pen Air & Water,Rabbitchalk Pen Air & Water | RabbitChalk Pen Air & Water | Related Product | Rabbitchalk | Video,23,105,9429,628c0bcd24e27819.html
https://sprayway-tpr.com/en/product/558/rabbitchalk-paraffin.html,Rabbitchalk PARAFFIN,Rabbitchalk PARAFFIN,Rabbitchalk PARAFFIN | Rabbitchalk PARAFFIN | Related Product | Rabbitchalk | Video,23,105,8852,16f2f2461904e815.html
https://sprayway-tpr.com/en/product/556/rabbitchalk-vaporizable.html,Rabbitchalk VAPORIZABLE,Rabbitchalk VAPORIZABLE,Rabbitchalk VAPORIZABLE | Rabbitchalk VAPORIZABLE | Related Product | Rabbitchalk | Video,23,105,9031,843909d066bf8141.html
https://sprayway-tpr.com/en/product/brand/fabric-scissors-25.html,Fabric scissors,The aerosols supply for industrial trade...,Fabric scissors | LDH | Video,29,119,8861,6533537780ce532c.html
https://sprayway-tpr.com/en/product/brand/hut-bui-bang-khi-nen-30.html,Product,Product,Home page Product | Brand | Video,29,160,9249,9b7e164136f50c33.html
https://sprayway-tpr.com/en/faqs.html,"Industrial Aerosols Vietnam | Sprayway-TPR Co., LTD",The aerosols supply for industrial trade...,FAQs,17,85,8142,b16ded50681537d1.html
https://sprayway-tpr.com/en/product.html,Product,Product,Home page Product | Brand | Video,29,160,9249,975cf83af0526e84.html
https://sprayway-tpr.com/en/product/maintenance-12.html,Maintenance,The aerosols supply for industrial trade...,Maintenance | Brand | Video,29,155,9269,0c4f83305a87a8a4.html
https://sprayway-tpr.com/en/product/sign-17.html,Sign,The aerosols supply for industrial trade...,Sign Industry | Brand | Video,29,154,9142,0d333d206f77ada9.html
https://sprayway-tpr.com/en/product/555/Big%20size%20thread%20cutter%2019.5cm%20LDH-XS195.html,Big size thread cutter 19.5cm LDH-XS195,Big size thread cutter 19.5cm LDH-XS195,Fabric scissors | Big size thread cutter 19.5cm LDH-XS195 | Related Product | LDH | Video,37,126,9608,e0d35de59245fd1c.html
https://sprayway-tpr.com/en/product/554/Thread%20cutter%2012.5cm%20LDH-211X.html,Thread cutter 12.5cm LDH-211X,Thread cutter 12.5cm LDH-211X,Thread scissors | Thread cutter 12.5cm LDH-211X | Related Product | LDH | Video,28,108,8942,2cafe63af9af6771.html
https://sprayway-tpr.com/en/product/553/High%20Quality%20Silver%20blade%20tailor%20scissors%2012%20inch%20LDH-G12.html,High Quality Silver blade tailor scissors 12 inch LDH-G12,High Quality Silver blade tailor scissors 12 inch LDH-G12,Fabric scissors | High Quality Silver blade tailor scissors 12 inch LDH-G12 | Related Product | LDH | Video,37,126,9904,a2362f8a6cc940bf.html
https://sprayway-tpr.com/en/product/552/High%20Quality%20Silver%20blade%20tailor%20scissors%2011%20inch%20LDH-G11.html,High Quality Silver blade tailor scissors 11 inch LDH-G11,High Quality Silver blade tailor scissors 11 inch LDH-G11,Fabric scissors | High Quality Silver blade tailor scissors 11 inch LDH-G11 | Related Product | LDH | Video,38,126,9795,0462d26e2b37d965.html
https://sprayway-tpr.com/en/product/540/o-chao-cerliani.html,O CHAO CERLIANI,The aerosols supply for industrial trade...,Hook | CERLIANI HOOK | Related Product | CERLIANI | Video,23,101,8401,7d7d6793d5d40420.html
https://sprayway-tpr.com/en/product/538/384---keo-dan-dinh-vi-(-chiu-nhiet-cao).html,SPRAYWAY 384,SPRAYWAY 384,Sprayway products | 384 - SUPER FLASH PALLET ADHESIVE (FAST TACK) | Related Product | Video,32,119,9253,3867b6c7e0e97ceb.html
https://sprayway-tpr.com/en/product/600/SS040-specialized-glass-cleaning-spray.html,SS 040 Specialized Glass Cleaning Spray for Electronic Devices,"Anti-static capability
Effectively removes dirt and smoke stains from glass surfaces of picture frames, printers, artworks, silk screen frames, camera lenses, photocopiers, etc., without leaving any residue.
Does not contain ammonia.
Specially designed for use on computer screens and film output devices.",SRAYWAY SINGAPORE | SS 040 Specialized Glass Cleaning Spray for Electronic Devices | Related Product | SRAYWAY SINGAPORE | Video,34,122,9141,7e777d37cce21934.html
https://sprayway-tpr.com/en/product/566/Sprayway%20Spray%20Bottle%20for%20Granite%20and%20Marble.html,granit 702,Sprayway Spray Bottle for Granite and Marble,Sprayway products | Sprayway Spray Bottle for Granite and Marble | Related Product | Video,32,119,8878,dbe79760451b2af9.html
https://sprayway-tpr.com/en/product/542/cleaning-gun.html,I-SPRAY SS JJW-008,The aerosols supply for industrial trade...,Stain removal gun | I-SPRAY SS JJW-008 | Related Product | SS-JJW | Video,23,101,8447,b8394f59fc647f5e.html
https://sprayway-tpr.com/en/product/416/crazy-clean-all-purpose-cleaner.html,031-Crazy Clean All Purpose Cleaner,"Multi-purpose cleaner for auto detailers, glass/mirror handlers, industrial maintenance, housekeeping personnel, or sign/display tradesmen.
Clinging foam cleans and deodorizes.
Removes hand prints, scuff and crayon marks, grease spots, soot stains, and smoke film.
Auto Body, Auto Detailing, Digital Equipment/Office Supply, Glass & Mirror Trades, Hardware Supplies, Housekeeping, Industrial Maintenace, Mass Merchant, Screen Printing,Sewing Trades, Sign Industry, Woodworking Trades",Sprayway products | 031-Crazy Clean All Purpose Cleaner | Related Product | Video,43,130,9232,fe51c6521338ff66.html
https://sprayway-tpr.com/en/product/541/phan-may.html,Chalk, ,Chalk | Chalk | Related Product | Brand | Video,23,136,8921,579f97fc28d52002.html
https://sprayway-tpr.com/en/product/451/graphic-arts-glass-cleaner.html,040-Graphic Arts Glass Cleaner,"Designed for picture framers, printers, artists, screen printers, sign makers, and sewing trade personnel.
Leaves no film, streaks, scratches, or residue.
For use on copy boards, lenses, negatives, and stripping tables.
Can be used safely on many surfaces including Formica, chrome, porcelain, and plastics.
Digital Equipment/Office Supply, Graphic Arts, Picture Framing, Screen Printing, Sewing Trades, Sign Industry",Sprayway products | 040-Graphic Arts Glass Cleaner | Related Product | Video,38,125,9226,89b673f396184ea8.html
https://sprayway-tpr.com/en/product/564/chai_xit_828.html,Chai Xịt TPR 828,The aerosols supply for industrial trade...,TPR products | CHAI XỊT TẨY KEO LÓT TPR 828 | Related Product | TPR products | Video,32,123,8824,45bfbbf97fd59217.html
https://sprayway-tpr.com/en/product/502/pull-out-2---chai-xit-tay-vet-dau-tren-vai.html,PULL OUT 2 - CHAI XIT TAY VET DAU TREN VAI,PULL OUT 2 là Bình xịt tẩy dầu dạng bột. Sản phẩm hoạt động tốt nhất khi sử dụng chung với dung dịch tẩy bẩn chất lượng. Công thức đặc ...,Sewing Trades | ANC - PULL OUT 2 | Related Product | ANC Product | Video,33,122,9192,894b04166600c49b.html
https://sprayway-tpr.com/en/product/1/063--c-60-solvent-cleaner--amp;-degreaser.html,063- C-60 SOLVENT CLEANER & DEGREASER,"Disgned for using in the art ỏ picture framing studio, graphic arts, signs or screen print shop, or sewing machine tables.",Sprayway products | 063- C-60 SOLVENT CLEANER & DEGREASER | Related Product | Video,59,131,9234,702190c80041cffc.html
https://sprayway-tpr.com/en/product/503/pull-out-premium---chai-xit-tay-vet-dau-tren-vai.html,PULL OUT PREMIUM - CHAI XIT TAY VET DAU TREN VAI,PULL OUT PREMIUM là Bình xịt tẩy dầu dạng bột không chứa chất clo. Sản phẩm hoạt động tốt nhất khi sử dụng chung với dung dịch tẩy bẩn ...,Sewing Trades | ANC - PULL OUT PREMIUM | Related Product | ANC Product | Video,33,122,9162,51005bbae8d36053.html
https://sprayway-tpr.com/en/product/52/industrial-silicone-lubricant.html,077-Industrial Silicone Lubricant,"Economical lubricant/release agent for professional, and sewing trade use.			Stops squeaks, prevents corrosion, lubricates window channerls, movable auto parts.			Prevents sticking, speeds ...",Sprayway products | 077-Industrial Silicone Lubricant | Related Product | Video,41,128,9199,6b4a4e6f4f7a139e.html
https://sprayway-tpr.com/en/product/316/mist-type-spray-adhesive.html,082-Mist-Type Pallet Spray Adhesive,The aerosols supply for industrial trade...,Sprayway products | 082-Mist-Type Pallet Spray Adhesive | Related Product | Video,32,119,9212,a4e621bd56efb1a0.html
https://sprayway-tpr.com/en/product/318/super-flash-spray-adhesive.html,084-Super Flash Spray Adhesive,Screen printing pallet adhesive specially formulated for flash-cure applications.			Remains tacky; perfect for applications and temperatures required to cure plastisol inks.			Safe to use on any ...,Sprayway products | 084-Super Flash Spray Adhesive | Related Product | Video,32,119,9171,1b1314110ee2469a.html
"https://sprayway-tpr.com/en/product/501/ss945---silicone-chuyen-dung-de-boi-tron-khung-in,-bang-in,-may-cat-vai,-chi-tiet-may-moc-va-cac-loai-may-cat-giay.html",chai xịt bôi trơn SS945,dạng khô dễ sử dụng,Sewing Trades | SS945 - DRY SILICONE SPRAY | Related Product | SRAYWAY SINGAPORE | Video,25,103,9942,6b225c6a20f9761d.html
https://sprayway-tpr.com/en/main.html?p=2,"Industrial Aerosols Vietnam | Sprayway-TPR Co., LTD",The aerosols supply for industrial trade...,New products | Video | Product | News,105,219,10349,4fe44a6ddb04566c.html
https://sprayway-tpr.com/en/main.html?p=3,"Industrial Aerosols Vietnam | Sprayway-TPR Co., LTD",The aerosols supply for industrial trade...,New products | Video | Product | News,105,219,10203,21f436bff1d68289.html
https://sprayway-tpr.com/en/main.html?p=4,"Industrial Aerosols Vietnam | Sprayway-TPR Co., LTD",The aerosols supply for industrial trade...,New products | Video | Product | News,105,219,10194,763490c385feb580.html
https://sprayway-tpr.com/en/main.html?p=5,"Industrial Aerosols Vietnam | Sprayway-TPR Co., LTD",The aerosols supply for industrial trade...,New products | Video | Product | News,105,220,10257,c4b52852bc905931.html
https://sprayway-tpr.com/en/main.html?p=6,"Industrial Aerosols Vietnam | Sprayway-TPR Co., LTD",The aerosols supply for industrial trade...,New products | Video | Product | News,105,220,10310,4a99a9ef31e3dde7.html
https://sprayway-tpr.com/en/main.html?p=7,"Industrial Aerosols Vietnam | Sprayway-TPR Co., LTD",The aerosols supply for industrial trade...,New products | Video | Product | News,105,220,10242,9b99ca9d50e8ad91.html
https://sprayway-tpr.com/en/main.html?p=8,"Industrial Aerosols Vietnam | Sprayway-TPR Co., LTD",The aerosols supply for industrial trade...,New products | Video | Product | News,105,220,10230,dfa243abb9276716.html
https://sprayway-tpr.com/en/main.html?p=10,"Industrial Aerosols Vietnam | Sprayway-TPR Co., LTD",The aerosols supply for industrial trade...,New products | Video | Product | News,99,207,10205,471c4d5ec90fecb0.html
https://sprayway-tpr.com/en/video/detail/rarosa-rs222-sieu-tay-ban-voi-cong-nghe-nhat-ban-67.html,"Industrial Aerosols Vietnam | Sprayway-TPR Co., LTD",máy tẩy bẩn siêu sạch,Rarosa Rs222 Siêu Tẩy Bẩn Với Công Nghệ Nhật Bản | Video clip | Video,21,110,8627,101bc9ee383681d5.html
https://sprayway-tpr.com/en/video/detail/pull-out-premium-chai-xit-tay-vet-dau-tren-vai-hieu-qua-cao-68.html,"Industrial Aerosols Vietnam | Sprayway-TPR Co., LTD",The aerosols supply for industrial trade...,Pull Out Premium Chai Xịt Tẩy Vết Dầu Trên Vải Hiệu Quả Cao | Video clip | Video,21,110,8638,da753c8af399df88.html
https://sprayway-tpr.com/en/video/detail/Sprayway-Good-Night-Helps-Allergies-23.html,"Industrial Aerosols Vietnam | Sprayway-TPR Co., LTD","Sprayway Good Night Helps Allergies - Sprayway-TPR Co., LTD",Rarosa Rs222 | Video clip | Video,21,110,8744,d5017cd26a6d63b6.html
https://sprayway-tpr.com/en/news/detail/vietbuild-home-2020---trien-lam-quoc-te-nha-o--trang-tri-noi-ngoai-that---do-dung-gia-dinh-50.html,VIETBUILD HOME 2020 - TRIỂN LÃM QUỐC TẾ NHÀ Ở- TRANG TRÍ NỘI NGOẠI THẤT & ĐỒ DÙNG GIA ĐÌNH | VIETBUILD HOME 2020 - TRIEN LAM QUOC TE NHA O- TRANG TRI NOI NGOAI THAT & DO DUNG GIA DINH,The aerosols supply for industrial trade...,Exhibition | News | Video,23,109,9378,aa6b92163d456379.html
"https://sprayway-tpr.com/en/news/detail/26th-international-clothing-machines,-embroidery-machines-and-related-industry-fair-49.html","26th International Clothing Machines, Embroidery Machines and Related Industry Fair | 26th International Clothing Machines, Embroidery Machines and Related Industry Fair",The aerosols supply for industrial trade...,News | News | Video,23,108,9515,13fbe8e57e4670e7.html
https://sprayway-tpr.com/en/news/detail/saigontex-2018:-trien-lam-quoc-te-nganh-cong-nghiep-det---may-thiet-bi---nguyen-phu-lieu-44.html,SaigonTex 2018: Triển lãm Quốc tế Ngành công nghiệp Dệt & May Thiết bị & Nguyên phụ liệu | SaigonTex 2018: Trien lam Quoc te Nganh cong nghiep Det & May Thiet bi & Nguyen phu lieu,The aerosols supply for industrial trade...,News | News | Video,23,108,9512,ae935dd3c38d240e.html
"https://sprayway-tpr.com/en/news/detail/texprocess-americas-may-22024,-2018-43.html","Texprocess Americas May 22024, 2018 | Texprocess Americas May 22024, 2018",The aerosols supply for industrial trade...,Exhibition | News | Video,23,109,9156,3f5134d0466d9fc1.html
"https://sprayway-tpr.com/en/news/detail/mtg-2017---myanmar-intl-textile---garment-industry-exhibition-date:-08---11-december,-2017-39.html","MTG 2017 - Myanmar Int'l Textile & Garment Industry Exhibition Date: 08 - 11 December, 2017 | MTG 2017 - Myanmar Int'l Textile & Garment Industry Exhibition Date: 08 - 11 December, 2017",The aerosols supply for industrial trade...,News | News | Video,23,108,9394,46ef6dba07f4a658.html
https://sprayway-tpr.com/en/news/detail/vtg-2017---vietnam-intl-textile---garment-2017-38.html,VTG 2017 - Vietnam Int'l Textile & Garment 2017 | VTG 2017 - Vietnam Int'l Textile & Garment 2017,The aerosols supply for industrial trade...,News | News | Video,23,108,9352,6c138a7514e3ac1e.html
https://sprayway-tpr.com/en/news/detail/hanoitex-2017---vietnam-hanoi-textile---garment-industry-expo-37.html,HANOITEX 2017 - Vietnam Hanoi Textile & Garment Industry Expo | HANOITEX 2017 - Vietnam Hanoi Textile & Garment Industry Expo,The aerosols supply for industrial trade...,News | News | Video,23,108,9355,e7686175e77d5e8f.html
https://sprayway-tpr.com/en/news/detail/CTG%202017%20Cambodia%20Int&,not found message ID <strong>0</strong>,,,2,2,157,3d082d2fed23ed62.html
https://sprayway-tpr.com/en/news/detail/Viet-nam-Sai-Gon-Textile-Garment-Industry-Exhibition-30.html,"Vietnam SaiGon Textile & Garment Industry Exhibition(April, 2017)",The aerosols supply for industrial trade...,News | News | Video,23,108,9724,ebfc87141e4c410b.html
"https://sprayway-tpr.com/en/news/detail/trien-lam-quoc-te-lan-thu-16-ve-may-moc,-thiet-bi,-nguyen-phu-lieu-nganh-cong-nghiep-det-va-may-%E2%80%93vtg-2016-32.html","Triển lãm quốc tế lần thứ 16 về máy móc, thiết bị, nguyên phụ liệu Ngành Công nghiệp Dệt và May –VTG 2016 | Trien lam quoc te lan thu 16 ve may moc, thiet bi, nguyen phu lieu Nganh Cong nghiep Det va May –VTG 2016",The aerosols supply for industrial trade...,Exhibition | News | Video,23,109,9845,5051c1afedb0d7e5.html
https://sprayway-tpr.com/en/news/detail/thu-moi-tham-quan-|-invitation-letter-29.html,Thư mời tham quan | Invitation letter | Thu moi tham quan | Invitation letter,The aerosols supply for industrial trade...,Promotion | News | Video,23,103,8875,4b52e5279cbb7737.html
https://sprayway-tpr.com/en/news/detail/vietbuild-exhibition-2015-22.html,VIETBUILD EXHIBITION 2015,VIETBUILD EXHIBITION 2015,Exhibition | News | Video,22,108,9654,2b9d8bf5904af49e.html
https://sprayway-tpr.com/en/news/detail/The-20th-Dhaka-International-Trade-Fair-2015-23.html,The 20th Dhaka International Trade Fair 2015,The 20th Dhaka International Trade Fair 2015,Exhibition | News | Video,21,108,9350,95afaebf801b3f21.html
https://sprayway-tpr.com/en/news/detail/AAMA-TEX-2014-9th-Asia-Apparel-And-Textile-Machinery-Exhibition-21.html,AAMA-TEX 2014 - 9th Asia Apparel And Textile Machinery Exhibition,AAMA-TEX 2014 - 9th Asia Apparel And Textile Machinery Exhibition,Exhibition | News | Video,23,108,9480,cb7c4368361578d3.html
https://sprayway-tpr.com/en/news.html,"Industrial Aerosols Vietnam | Sprayway-TPR Co., LTD",The aerosols supply for industrial trade...,New products | Video | Product | News,105,218,10307,ee74124c8c33077d.html
https://sprayway-tpr.com/modules/contact/popup/maps.php?id=1&lang=en&TB_iframe=true&width=660&height=460,GoogleMap,,,0,0,9,7248a5935c59d350.html
https://sprayway-tpr.com/en/page/Quy-dinh-va-hinh-thuc-thanh-toan.html,Quy định và hình thức thanh toán | Công ty TNHH SPRAYWAY-TPR,Quy định và hình thức thanh toán | Công ty TNHH SPRAYWAY-TPR,Quy định và hình thức thanh toán | Video,17,89,8961,17ec9fdeca4e5a01.html
https://sprayway-tpr.com/en/page/Chinh-sach-van-chuyen-giao-nhan.html,"Chính sách vận chuyển, giao nhận | Công ty TNHH SPRAYWAY-TPR","Chính sách vận chuyển, giao nhận | Công ty TNHH SPRAYWAY-TPR","Chính sách vận chuyển, giao nhận | Video",17,89,10411,2888a820a33ad406.html
https://sprayway-tpr.com/en/page/Chinh-sach-doi-tra-hang-va-hoan-tien.html,Chính sách đổi/trả hàng và hoàn tiền | Công ty TNHH SPRAYWAY-TPR,Chính sách đổi/trả hàng và hoàn tiền | Công ty TNHH SPRAYWAY-TPR,Chính sách đổi/trả hàng và hoàn tiền | Video,17,89,9472,c52191344f0e93ca.html
https://sprayway-tpr.com/en/page/Chinh-sach-bao-hanh.html,Chính sách bảo hành | Công ty TNHH SPRAYWAY-TPR,Chính sách bảo hành | Công ty TNHH SPRAYWAY-TPR,Chính sách bảo hành | Video,17,89,8578,50feb5309f48e66d.html
https://sprayway-tpr.com/en/page/Chinh-sach-bao-mat-thong-tin.html,Chính sách bảo mật thông tin | Công ty TNHH SPRAYWAY-TPR,Chính sách bảo mật thông tin | Công ty TNHH SPRAYWAY-TPR,Chính sách bảo mật thông tin | Video,17,89,12457,f49f9cb09f86cfdb.html
https://sprayway-tpr.com/cn/about.html,About Company | About Company,The aerosols supply for industrial trade...,公司简介 | ABOUT | Video,18,87,6148,a3b0ff7c6531bd1e.html
https://sprayway-tpr.com/cn/product/art-supply-1.html,艺术,The aerosols supply for industrial trade...,艺术 | Brand | Video,29,149,4874,bf1ca814b0de18d6.html
https://sprayway-tpr.com/cn/product/auto-body-2.html,汽车美容,The aerosols supply for industrial trade...,汽车美容 | Brand | Video,29,147,4809,48a6da3f10bf00a0.html
https://sprayway-tpr.com/cn/product/auto-parts-3.html,汽车零件,The aerosols supply for industrial trade...,汽车零件 | Brand | Video,29,148,4811,507e673842e98aa7.html
https://sprayway-tpr.com/cn/product/auto-detailing-4.html,汽车装置,The aerosols supply for industrial trade...,汽车装置 | Brand | Video,29,147,4808,f5df0ac870edd8b9.html
https://sprayway-tpr.com/cn/product/auto-trim-5.html,自动装置设备,The aerosols supply for industrial trade...,自动装置设备 | Brand | Video,29,148,4811,012753390731df68.html
https://sprayway-tpr.com/cn/product/digital-equipment--office-supply-6.html,数码设备/办公用品,The aerosols supply for industrial trade...,数码设备/办公用品 | Brand | Video,29,148,4881,72b87411baf91711.html
https://sprayway-tpr.com/cn/product/furniture--amp;-upholstery-7.html,家具和室内装潢,The aerosols supply for industrial trade...,家具和室内装潢 | Brand | Video,29,149,4871,be1c1171649d8128.html
https://sprayway-tpr.com/cn/product/glass--amp;-mirror-trades-8.html,玻璃/镜子,The aerosols supply for industrial trade...,玻璃/镜子 | Brand | Video,29,147,4806,ef285f3372de9658.html
https://sprayway-tpr.com/cn/product/graphic-arts-9.html,艺术广告,The aerosols supply for industrial trade...,艺术广告 | Brand | Video,29,147,4806,0d6477624eac6d0c.html
https://sprayway-tpr.com/cn/product/hardware-supplies-10.html,五金,The aerosols supply for industrial trade...,五金 | Brand | Video,29,149,4805,00ac3451b2c6e106.html
https://sprayway-tpr.com/cn/product/housekeeping-11.html,消费,The aerosols supply for industrial trade...,消费 | Brand | Video,29,149,4886,84c9bea26a19c639.html
https://sprayway-tpr.com/cn/product/industrial-maintenance-12.html,工业保养,The aerosols supply for industrial trade...,工业保养 | Brand | Video,29,149,4873,c87065a215ab3ea5.html
https://sprayway-tpr.com/cn/product/mass-merchant-13.html,超级市场,The aerosols supply for industrial trade...,超级市场 | Brand | Video,29,148,4818,e4bed5be0f5f9664.html
https://sprayway-tpr.com/cn/product/picture-framing-14.html,画取景,The aerosols supply for industrial trade...,画取景 | Brand | Video,29,147,4814,3049d4bd8c871726.html
https://sprayway-tpr.com/cn/product/screen-printing-15.html,丝印,The aerosols supply for industrial trade...,丝印 | Brand | Video,29,147,4808,a5644af7ba7b0499.html
https://sprayway-tpr.com/cn/product/sewing-trades-16.html,缝纫业,The aerosols supply for industrial trade...,缝纫业 | Brand | Video,29,154,4871,9bc132b5de1c4b3c.html
https://sprayway-tpr.com/cn/product/sign-industry-17.html,广告,The aerosols supply for industrial trade...,广告 | Brand | Video,29,147,4808,5609e4dceec097bc.html
https://sprayway-tpr.com/cn/product/woodworking-trades-18.html,木器工业,The aerosols supply for industrial trade...,木器工业 | Brand | Video,29,147,4798,62b08370abbc142a.html
https://sprayway-tpr.com/cn,"Industrial Aerosols Vietnam | Sprayway-TPR Co., LTD",The aerosols supply for industrial trade...,New products | Video | Product | News,110,210,5801,ba2411949a52b35d.html
https://sprayway-tpr.com/cn/product/brand/%E6%99%BA%E8%83%BD%E5%89%AA%E7%BA%BF%E6%9C%BA-36.html,智能剪线机,The aerosols supply for industrial trade...,智能剪线机 | TPR products | Video,20,95,4442,9875938d0b0c28b1.html
https://sprayway-tpr.com/cn/product/brand/%E6%B0%94%E5%8A%A8%E5%90%B8%E5%B0%98%E8%AE%BE%E5%A4%87-37.html,气动吸尘设备,The aerosols supply for industrial trade...,气动吸尘设备 | TPR products | Video,18,91,4401,64aec3a0ce14163e.html
https://sprayway-tpr.com/cn/product/brand/%E7%BC%9D%E7%BA%AB%E4%B8%9A-8.html,MAY MAC,The aerosols supply for industrial trade...,缝纫业 | SRAYWAY SINGAPORE | Video,18,88,4368,d39a3a430875721b.html
https://sprayway-tpr.com/cn/product/brand/%E7%BC%9D%E7%BA%AB%E4%B8%9A-10.html,May Mặc,The aerosols supply for industrial trade...,缝纫业 | RAROSA | Video,26,104,4446,e2700cb6116097e1.html
https://sprayway-tpr.com/cn/product/brand/o-chao-cerliani-12.html,ổ chao,Ổ Chao,CERLIANI | CERLIANI | Video,18,87,4346,990b1d3cef62c2b5.html
https://sprayway-tpr.com/cn/product/brand/o-chao-cerliani-16.html,O Chao,The aerosols supply for industrial trade...,大釜 | CERLIANI | Video,18,88,4343,faab3b87f3b91598.html
https://sprayway-tpr.com/cn/product/brand/Stain-removal-gun-17.html,去污枪,The aerosols supply for industrial trade...,清洁枪 | SS-JJW | Video,18,88,4346,aa83321bf7b9f153.html
https://sprayway-tpr.com/cn/product/559/rabbitchalk-%E7%B2%89%E6%9C%AB%E7%B2%89%E7%AC%94.html,Rabbitchalk 粉末粉笔,Rabbitchalk 粉末粉笔,Rabbitchalk 粉末粉笔 | Rabbitchalk 粉末粉笔 | Sản phẩm cùng loại | Rabbitchalk | Video,23,99,4775,fef6f0725955d684.html
https://sprayway-tpr.com/cn/product/557/rabbitchalk-%E7%A9%BA%E6%B0%94%20&amp;%20%E6%B0%B4%E7%94%A8%E7%B2%89%E7%AC%94%E7%AC%94.html,Rabbitchalk 空气 & 水用粉笔笔,Rabbitchalk 空气 & 水用粉笔笔,Rabbitchalk 空气 & 水用粉笔笔 | Rabbitchalk 空气 & 水用粉笔笔 | Sản phẩm cùng loại | Rabbitchalk | Video,23,99,4949,113e0e7f0d17907d.html
https://sprayway-tpr.com/cn/product/558/rabbitchalk-%E7%9F%B3%E8%9C%A1%E7%B2%89%E7%AC%94.html,Rabbitchalk 石蜡粉笔,Rabbitchalk 石蜡粉笔,Rabbitchalk 石蜡粉笔 | Rabbitchalk 石蜡粉笔 | Sản phẩm cùng loại | Rabbitchalk | Video,23,99,4764,0ded1e2fbf3668d0.html
https://sprayway-tpr.com/cn/product/brand/%E8%A3%81%E5%B8%83%E5%89%AA%E5%88%80-25.html,裁布剪刀,The aerosols supply for industrial trade...,裁布剪刀 | LDH | Video,29,113,4585,fd78dc1247d8af38.html
https://sprayway-tpr.com/cn/product/brand/%E5%89%AA%E7%BA%BF%E5%89%AA%E5%88%80-24.html,剪线剪刀,The aerosols supply for industrial trade...,剪线剪刀 | LDH | Video,19,91,4365,dc59c301f483b282.html
https://sprayway-tpr.com/cn/product/brand/hut-bui-bang-khi-nen-30.html,Product,Product,Home page Sản phẩm | Brand | Video,29,154,4890,728f401f2bfe171b.html
https://sprayway-tpr.com/cn/product.html,Product,Product,Home page Sản phẩm | Brand | Video,29,154,4890,2dcabfa8e95b9b85.html
https://sprayway-tpr.com/cn/product/%E8%89%BA%E6%9C%AF-1.html,艺术,The aerosols supply for industrial trade...,艺术 | Brand | Video,29,149,4874,0cb00da7977ade34.html
https://sprayway-tpr.com/cn/product/%E6%B1%BD%E8%BD%A6%E7%BE%8E%E5%AE%B9-2.html,汽车美容,The aerosols supply for industrial trade...,汽车美容 | Brand | Video,29,147,4809,1a83232ef8da2a4c.html
https://sprayway-tpr.com/cn/product/%E6%B1%BD%E8%BD%A6%E9%9B%B6%E4%BB%B6-3.html,汽车零件,The aerosols supply for industrial trade...,汽车零件 | Brand | Video,29,148,4811,4b5d5747c3a9c334.html
https://sprayway-tpr.com/cn/product/%E6%B1%BD%E8%BD%A6%E8%A3%85%E7%BD%AE-4.html,汽车装置,The aerosols supply for industrial trade...,汽车装置 | Brand | Video,29,147,4808,bc787eb8d2874374.html
https://sprayway-tpr.com/cn/product/%E8%87%AA%E5%8A%A8%E8%A3%85%E7%BD%AE%E8%AE%BE%E5%A4%87-5.html,自动装置设备,The aerosols supply for industrial trade...,自动装置设备 | Brand | Video,29,148,4811,3c884c2710ad48f1.html
https://sprayway-tpr.com/cn/product/%E5%AE%B6%E5%85%B7%E5%92%8C%E5%AE%A4%E5%86%85%E8%A3%85%E6%BD%A2-7.html,家具和室内装潢,The aerosols supply for industrial trade...,家具和室内装潢 | Brand | Video,29,149,4871,82eb9b1d737596f5.html
https://sprayway-tpr.com/cn/product/%E8%89%BA%E6%9C%AF%E5%B9%BF%E5%91%8A-9.html,艺术广告,The aerosols supply for industrial trade...,艺术广告 | Brand | Video,29,147,4806,c34ff5b0e3428e7a.html
https://sprayway-tpr.com/cn/product/%E4%BA%94%E9%87%91-10.html,五金,The aerosols supply for industrial trade...,五金 | Brand | Video,29,149,4805,79b16101c45b8db3.html
https://sprayway-tpr.com/cn/product/%E6%B6%88%E8%B4%B9-11.html,消费,The aerosols supply for industrial trade...,消费 | Brand | Video,29,149,4886,7f8cf86b75b12e54.html
https://sprayway-tpr.com/cn/product/%E5%B7%A5%E4%B8%9A%E4%BF%9D%E5%85%BB-12.html,工业保养,The aerosols supply for industrial trade...,工业保养 | Brand | Video,29,149,4873,d2d6003735c03b3b.html
https://sprayway-tpr.com/cn/product/%E8%B6%85%E7%BA%A7%E5%B8%82%E5%9C%BA-13.html,超级市场,The aerosols supply for industrial trade...,超级市场 | Brand | Video,29,148,4818,3c33824e8730f9c6.html
https://sprayway-tpr.com/cn/product/%E7%94%BB%E5%8F%96%E6%99%AF-14.html,画取景,The aerosols supply for industrial trade...,画取景 | Brand | Video,29,147,4814,9f3e1f11e76fde26.html
https://sprayway-tpr.com/cn/product/%E4%B8%9D%E5%8D%B0-15.html,丝印,The aerosols supply for industrial trade...,丝印 | Brand | Video,29,147,4808,b4e7a44830924ab4.html
https://sprayway-tpr.com/cn/product/%E7%BC%9D%E7%BA%AB%E4%B8%9A-16.html,缝纫业,The aerosols supply for industrial trade...,缝纫业 | Brand | Video,29,154,4871,175e7525e226cdc1.html
https://sprayway-tpr.com/cn/product/%E5%B9%BF%E5%91%8A-17.html,广告,The aerosols supply for industrial trade...,广告 | Brand | Video,29,147,4808,a34e9b3952351869.html
https://sprayway-tpr.com/cn/product/%E6%9C%A8%E5%99%A8%E5%B7%A5%E4%B8%9A-18.html,木器工业,The aerosols supply for industrial trade...,木器工业 | Brand | Video,29,147,4798,96d62e5f115d5578.html
https://sprayway-tpr.com/cn/product/555/%E4%B8%8D%E9%94%88%E9%92%A2%E5%BC%BA%E5%8A%9B%E5%89%AA%E5%88%8019.5cm%20LDH-XS195.html,不锈钢强力剪刀19.5cm LDH-XS195,不锈钢强力剪刀19.5cm LDH-XS195,裁布剪刀 | 不锈钢强力剪刀19.5cm LDH-XS195 | Sản phẩm cùng loại | LDH | Video,37,120,4958,c5cb4f1d9c6a66df.html
https://sprayway-tpr.com/cn/product/554/%E7%BA%B1%E7%BA%BF%E5%89%AA12.5cm%20LDH-211X.html,纱线剪12.5cm LDH-211X,纱线剪12.5cm LDH-211X,剪线剪刀 | 纱线剪12.5cm LDH-211X | Sản phẩm cùng loại | LDH | Video,28,102,4686,95c93cb9439610b6.html
https://sprayway-tpr.com/cn/product/553/12%E8%8B%B1%E5%AF%B8%E9%AB%98%E5%93%81%E8%B4%A8%E5%B8%83%E6%96%99%E5%89%AA%E5%88%80%20LDH-G12.html,12英寸高品质布料剪刀 LDH-G12,12英寸高品质布料剪刀 LDH-G12,裁布剪刀 | 12英寸高品质布料剪刀 LDH-G12 | Sản phẩm cùng loại | LDH | Video,37,120,5001,0f91f6eecbcb7d5b.html
https://sprayway-tpr.com/cn/product/552/11%E8%8B%B1%E5%AF%B8%E9%AB%98%E5%93%81%E8%B4%A8%E5%B8%83%E6%96%99%E5%89%AA%E5%88%80%20LDH-G11.html,11英寸高品质布料剪刀 LDH-G11,11英寸高品质布料剪刀 LDH-G11,裁布剪刀 | 11英寸高品质布料剪刀 LDH-G11 | Sản phẩm cùng loại | LDH | Video,38,120,4977,f27bfb6d1a283a6b.html
https://sprayway-tpr.com/cn/product/540/o-chao-cerliani.html,O CHAO CERLIANI,The aerosols supply for industrial trade...,大釜 | CERLIANI 大釜 | Sản phẩm cùng loại | CERLIANI | Video,23,95,4528,31ab2240f3906805.html
https://sprayway-tpr.com/cn/product/538/384---keo-dan-dinh-vi-(-chiu-nhiet-cao).html,KEO DINH VI,SPRAYWAY 384,Sprayway products | 384 - 耐热薄雾经济型喷胶 | Sản phẩm cùng loại | Video,32,113,4886,d20adfd7ca9841c8.html
https://sprayway-tpr.com/cn/product/600/SS040%E7%94%B5%E5%AD%90%E8%AE%BE%E5%A4%87%E4%B8%93%E7%94%A8%E7%8E%BB%E7%92%83%E6%B8%85%E6%B4%81%E5%96%B7%E9%9B%BE.html,SS 040 电子设备专用玻璃清洁喷雾,"抗静电能力
有效清除画框、打印机、艺术作品、丝网印刷框、相机镜头、复印机等玻璃表面的污渍和烟渍，不留痕迹。
不含氨成分。
专为计算机屏幕和电影输出设备设计使用。
Đặc biệt sử dụng màn hình máy vi tính, thiết bị xuất phim.",SRAYWAY SINGAPORE | SS 040 电子设备专用玻璃清洁喷雾 | Sản phẩm cùng loại | SRAYWAY SINGAPORE | Video,34,116,4820,fdaad447cbe73615.html
https://sprayway-tpr.com/cn/product/566/chai%20x%E1%BB%8Bt%20%C4%91%C3%A1%20granit.html,granit 702,SPRAYWAY 喷雾瓶 花岗岩和大理石,Sprayway products | SPRAYWAY 喷雾瓶 花岗岩和大理石 | Sản phẩm cùng loại | Video,32,113,4778,24fc3943eeb04af5.html
https://sprayway-tpr.com/cn/product/542/%E5%8E%BB%E6%B1%A1%E6%9E%AA.html,I-SPRAY SS JJW-008,The aerosols supply for industrial trade...,清洁枪 | I-SPRAY SS JJW-008 | Sản phẩm cùng loại | SS-JJW | Video,23,95,4540,411b8ad151f773cb.html
https://sprayway-tpr.com/cn/product/416/%E7%98%8B%E7%8B%82%E7%9A%84%E6%B8%85%E6%BD%94%E5%85%A8%E8%83%BD%E6%B8%85%E6%BD%94%E5%8A%91.html,瘋狂的清潔全能清潔劑,The aerosols supply for industrial trade...,Sprayway products | 031号多功能“疯狂”清洁剂 | Sản phẩm cùng loại | Video,43,124,4901,72f48c9fa2d25304.html
https://sprayway-tpr.com/cn/product/541/phan-may.html,Chalk,,裁缝粉 | 裁缝粉 | Sản phẩm cùng loại | Brand | Video,23,130,4815,20f38b19f95373ad.html
https://sprayway-tpr.com/cn/product/451/040%E5%8F%B7%E5%B7%A5%E8%89%BA%E7%94%A8%E7%8E%BB%E7%92%83%E6%B8%85%E6%B4%81%E5%89%82.html,040号工艺用玻璃清洁剂-040号工艺用玻璃清洁剂,The aerosols supply for industrial trade...,Sprayway products | 040号工艺用玻璃清洁剂 | Sản phẩm cùng loại | Video,38,119,4891,2120b481bddbfd7d.html
https://sprayway-tpr.com/cn/product/564/chai_xit_828.html,TPR 828 底胶清洁喷雾瓶,The aerosols supply for industrial trade...,TPR products | TPR 828 底胶清洁喷雾瓶 | Sản phẩm cùng loại | TPR products | Video,32,117,4781,7b23a6cda33bd3c5.html
https://sprayway-tpr.com/cn/product/502/pull-out-2---chai-xit-tay-vet-dau-tren-vai.html,PULL OUT 2 - CHAI XIT TAY VET DAU TREN VAI,PULL OUT 2 là Bình xịt tẩy dầu dạng bột. Sản phẩm hoạt động tốt nhất khi sử dụng chung với dung dịch tẩy bẩn chất lượng. Công thức đặc ...,服装 | PULL OUT 2 - 기름 제거 병 | Sản phẩm cùng loại | ANC 产品 | Video,33,116,4746,de229f1b6f0c5249.html
https://sprayway-tpr.com/cn/product/503/pull-out-premium---chai-xit-tay-vet-dau-tren-vai.html,PULL OUT PREMIUM - CHAI XIT TAY VET DAU TREN VAI,PULL OUT PREMIUM là Bình xịt tẩy dầu dạng bột không chứa chất clo. Sản phẩm hoạt động tốt nhất khi sử dụng chung với dung dịch tẩy bẩn ...,服装 | PULL OUT PREMIUM - 기름 제거 병 | Sản phẩm cùng loại | ANC 产品 | Video,33,116,4749,3d616a1a418d8834.html
https://sprayway-tpr.com/cn/product/52/077%E5%8F%B7%E5%B7%A5%E4%B8%9A%E7%A1%85%E9%85%AE%E6%B6%A6%E6%BB%91%E5%89%82.html,077号工业硅酮润滑剂, 			经济型润滑剂、脱模剂.			可防止发出磨擦声，防腐蚀，对窗框和汽车动部件进行润滑			可防止粘连，加快生产速度、减少清时间			可减少切纸刀,Sprayway products | 077号工业硅酮润滑剂 | Sản phẩm cùng loại | Video,41,122,4865,7019e466063b808c.html
https://sprayway-tpr.com/cn/product/316/082%E5%8F%B7%E8%96%84%E9%9B%BE%E7%BB%8F%E6%B5%8E%E5%96%B7%E8%83%B6.html,082号薄雾经济喷胶,The aerosols supply for industrial trade...,Sprayway products | 082号薄雾经济喷胶 | Sản phẩm cùng loại | Video,32,113,4865,6f0d0bb7d9a8566c.html
https://sprayway-tpr.com/cn/product/318/084%E5%8F%B7%E8%80%90%E9%AB%98%E6%B8%A9%E4%B8%9D%E7%BD%91%E5%8D%B0%E5%88%B7%E5%96%B7%E8%83%B6.html,084号耐高温丝网印刷喷胶,The aerosols supply for industrial trade...,Sprayway products | 084号耐高温丝网印刷喷胶 | Sản phẩm cùng loại | Video,32,113,4876,01fa2fb275d7986e.html
https://sprayway-tpr.com/cn/product/7/adhesive-activator.html,822号图钉速粘喷胶,"Designed for use in the art or picture framing studio; graphic arts, signs or screen print show; or sewing trades   environment.																		Cleans electric motors and machines while ...",Sewing Trades | 822号图钉速粘喷胶 | Sản phẩm cùng loại | TPR products | Video,42,106,5777,3bf0143836bdb3fa.html
"https://sprayway-tpr.com/cn/product/501/ss945---silicone-chuyen-dung-de-boi-tron-khung-in,-bang-in,-may-cat-vai,-chi-tiet-may-moc-va-cac-loai-may-cat-giay.html",chai xịt bôi trơn SS945,dạng khô dễ sử dụng,缝纫业 | SS945 -号干滑硅酮喷剂 | Sản phẩm cùng loại | SRAYWAY SINGAPORE | Video,24,97,4869,df0dba74d83aa1aa.html
https://sprayway-tpr.com/cn/main.html?p=2,"Industrial Aerosols Vietnam | Sprayway-TPR Co., LTD",The aerosols supply for industrial trade...,New products | Video | Product | News,110,211,5799,ca7b26e6c9511a7c.html
https://sprayway-tpr.com/cn/main.html?p=3,"Industrial Aerosols Vietnam | Sprayway-TPR Co., LTD",The aerosols supply for industrial trade...,New products | Video | Product | News,110,211,5727,7dedba3a3368f3be.html
https://sprayway-tpr.com/cn/main.html?p=4,"Industrial Aerosols Vietnam | Sprayway-TPR Co., LTD",The aerosols supply for industrial trade...,New products | Video | Product | News,110,211,5731,ab3a8e6f8e9024be.html
https://sprayway-tpr.com/cn/main.html?p=5,"Industrial Aerosols Vietnam | Sprayway-TPR Co., LTD",The aerosols supply for industrial trade...,New products | Video | Product | News,110,212,5742,a4f439673e575b7a.html
https://sprayway-tpr.com/cn/main.html?p=6,"Industrial Aerosols Vietnam | Sprayway-TPR Co., LTD",The aerosols supply for industrial trade...,New products | Video | Product | News,110,212,5885,c1593fd27cee4128.html
https://sprayway-tpr.com/cn/main.html?p=7,"Industrial Aerosols Vietnam | Sprayway-TPR Co., LTD",The aerosols supply for industrial trade...,New products | Video | Product | News,110,212,5853,57b4fa25f1bdc2d6.html
https://sprayway-tpr.com/cn/main.html?p=8,"Industrial Aerosols Vietnam | Sprayway-TPR Co., LTD",The aerosols supply for industrial trade...,New products | Video | Product | News,110,212,5890,0e28f2725fab7ccb.html
https://sprayway-tpr.com/cn/main.html?p=10,"Industrial Aerosols Vietnam | Sprayway-TPR Co., LTD",The aerosols supply for industrial trade...,New products | Video | Product | News,103,197,5734,54e38c85e918ced2.html
https://sprayway-tpr.com/cn/video/detail/rarosa-rs222-sieu-tay-ban-voi-cong-nghe-nhat-ban-67.html,"Industrial Aerosols Vietnam | Sprayway-TPR Co., LTD",máy tẩy bẩn siêu sạch,Rarosa Rs222 Siêu Tẩy Bẩn Với Công Nghệ Nhật Bản | Video clip | Video,21,104,4747,8391aab0f40edd28.html
https://sprayway-tpr.com/cn/video/detail/pull-out-premium-chai-xit-tay-vet-dau-tren-vai-hieu-qua-cao-68.html,"Industrial Aerosols Vietnam | Sprayway-TPR Co., LTD",The aerosols supply for industrial trade...,Pull Out Premium Chai Xịt Tẩy Vết Dầu Trên Vải Hiệu Quả Cao | Video clip | Video,21,104,4758,02094ef396a60441.html
https://sprayway-tpr.com/cn/video/detail/Sprayway-Good-Night-Helps-Allergies-23.html,"Industrial Aerosols Vietnam | Sprayway-TPR Co., LTD",Sprayway,Chai xịt tẩy rửa đa năng Sprayway 31 | Video clip | Video,21,104,4885,535dd0bd006ba6a4.html
https://sprayway-tpr.com/cn/news/detail/vietbuild-home-2020---trien-lam-quoc-te-nha-o--trang-tri-noi-ngoai-that---do-dung-gia-dinh-50.html,VIETBUILD HOME 2020 - TRIỂN LÃM QUỐC TẾ NHÀ Ở- TRANG TRÍ NỘI NGOẠI THẤT & ĐỒ DÙNG GIA ĐÌNH | VIETBUILD HOME 2020 - TRIEN LAM QUOC TE NHA O- TRANG TRI NOI NGOAI THAT & DO DUNG GIA DINH,The aerosols supply for industrial trade...,Notice | NEWS | Video,23,103,5532,7732bde276218a1e.html
"https://sprayway-tpr.com/cn/news/detail/26th-international-clothing-machines,-embroidery-machines-and-related-industry-fair-49.html","26th International Clothing Machines, Embroidery Machines and Related Industry Fair | 26th International Clothing Machines, Embroidery Machines and Related Industry Fair",The aerosols supply for industrial trade...,NEWS | NEWS | Video,23,102,5562,53a24a1547e257a3.html
https://sprayway-tpr.com/cn/news/detail/saigontex-2018:-trien-lam-quoc-te-nganh-cong-nghiep-det---may-thiet-bi---nguyen-phu-lieu-44.html,SaigonTex 2018: Triển lãm Quốc tế Ngành công nghiệp Dệt & May Thiết bị & Nguyên phụ liệu | SaigonTex 2018: Trien lam Quoc te Nganh cong nghiep Det & May Thiet bi & Nguyen phu lieu,The aerosols supply for industrial trade...,NEWS | NEWS | Video,23,102,5559,d882cfb3a62f2376.html
"https://sprayway-tpr.com/cn/news/detail/texprocess-americas-may-22024,-2018-43.html","Texprocess Americas May 22024, 2018 | Texprocess Americas May 22024, 2018",The aerosols supply for industrial trade...,Notice | NEWS | Video,23,103,5310,452bfc8430971c68.html
"https://sprayway-tpr.com/cn/news/detail/mtg-2017---myanmar-intl-textile---garment-industry-exhibition-date:-08---11-december,-2017-39.html","MTG 2017 - Myanmar Int'l Textile & Garment Industry Exhibition Date: 08 - 11 December, 2017 | MTG 2017 - Myanmar Int'l Textile & Garment Industry Exhibition Date: 08 - 11 December, 2017",The aerosols supply for industrial trade...,NEWS | NEWS | Video,23,102,5441,f00440b5b9662475.html
https://sprayway-tpr.com/cn/news/detail/vtg-2017---vietnam-intl-textile---garment-2017-38.html,VTG 2017 - Vietnam Int'l Textile & Garment 2017 | VTG 2017 - Vietnam Int'l Textile & Garment 2017,The aerosols supply for industrial trade...,NEWS | NEWS | Video,23,102,5399,ba8b6c388eebbb52.html
https://sprayway-tpr.com/cn/news/detail/hanoitex-2017---vietnam-hanoi-textile---garment-industry-expo-37.html,HANOITEX 2017 - Vietnam Hanoi Textile & Garment Industry Expo | HANOITEX 2017 - Vietnam Hanoi Textile & Garment Industry Expo,The aerosols supply for industrial trade...,NEWS | NEWS | Video,23,102,5402,232909bf9658b25a.html
https://sprayway-tpr.com/cn/news/detail/CTG%202017%20Cambodia%20Int&,Không tìm thấy tin ID <strong>0</strong>,,,2,2,159,0830a66fec93cc11.html
https://sprayway-tpr.com/cn/news/detail/thu-moi-tham-quan-|-invitation-letter-29.html,Thư mời tham quan | Invitation letter | Thu moi tham quan | Invitation letter,The aerosols supply for industrial trade...,Events | NEWS | Video,23,97,4940,59f06033e9c0fab2.html
https://sprayway-tpr.com/cn/news/detail/vietbuild-exhibition-2015-22.html,VIETBUILD EXHIBITION 2015,VIETBUILD EXHIBITION 2015,Notice | NEWS | Video,22,102,5808,f81f3afa9fbd2501.html
https://sprayway-tpr.com/cn/news/detail/The-20th-Dhaka-International-Trade-Fair-2015-23.html,The 20th Dhaka International Trade Fair 2015,The 20th Dhaka International Trade Fair 2015,Notice | NEWS | Video,21,102,5504,4b9c4639699b0a0c.html
https://sprayway-tpr.com/cn/news/detail/AAMA-TEX-2014-9th-Asia-Apparel-And-Textile-Machinery-Exhibition-21.html,AAMA-TEX 2014 - 9th Asia Apparel And Textile Machinery Exhibition,AAMA-TEX 2014 - 9th Asia Apparel And Textile Machinery Exhibition,Notice | NEWS | Video,23,102,5634,93f8d2c70b69fd00.html
https://sprayway-tpr.com/cn/news.html,"Industrial Aerosols Vietnam | Sprayway-TPR Co., LTD",The aerosols supply for industrial trade...,New products | Video | Product | News,110,210,5801,66b9b6f60850d855.html
https://sprayway-tpr.com/modules/contact/popup/maps.php?id=3&lang=cn&TB_iframe=true&width=660&height=460,GoogleMap,,,0,0,9,a4b0a0fc15163c85.html
https://sprayway-tpr.com/cn/page/Quy-dinh-va-hinh-thuc-thanh-toan.html,Quy định và hình thức thanh toán | Công ty TNHH SPRAYWAY-TPR,Quy định và hình thức thanh toán | Công ty TNHH SPRAYWAY-TPR,Quy định và hình thức thanh toán | Video,17,83,5077,a33ccfe5fddfed15.html
https://sprayway-tpr.com/cn/page/Chinh-sach-van-chuyen-giao-nhan.html,"Chính sách vận chuyển, giao nhận | Công ty TNHH SPRAYWAY-TPR","Chính sách vận chuyển, giao nhận | Công ty TNHH SPRAYWAY-TPR","Chính sách vận chuyển, giao nhận | Video",17,83,6528,db30267ee9e48198.html
https://sprayway-tpr.com/cn/page/Chinh-sach-doi-tra-hang-va-hoan-tien.html,Chính sách đổi/trả hàng và hoàn tiền | Công ty TNHH SPRAYWAY-TPR,Chính sách đổi/trả hàng và hoàn tiền | Công ty TNHH SPRAYWAY-TPR,Chính sách đổi/trả hàng và hoàn tiền | Video,17,83,5589,c80689c2bd097c73.html
https://sprayway-tpr.com/cn/page/Chinh-sach-bao-hanh.html,Chính sách bảo hành | Công ty TNHH SPRAYWAY-TPR,Chính sách bảo hành | Công ty TNHH SPRAYWAY-TPR,Chính sách bảo hành | Video,17,83,4695,a04bc07abfd44aec.html
https://sprayway-tpr.com/cn/page/Chinh-sach-bao-mat-thong-tin.html,Chính sách bảo mật thông tin | Công ty TNHH SPRAYWAY-TPR,Chính sách bảo mật thông tin | Công ty TNHH SPRAYWAY-TPR,Chính sách bảo mật thông tin | Video,17,83,8574,e74140642e1719f6.html
https://sprayway-tpr.com/vn/san-pham.html?p=2,"Industrial Aerosols Vietnam | Sprayway-TPR Co., LTD",Sản phẩm chai xịt SPRAYWAY & TPR trong công nghiệp...,Sản phẩm mới | Video | Sản phẩm | Tin tức,81,192,9624,0420116cbf4cb097.html
https://sprayway-tpr.com/vn/san-pham.html?p=3,"Industrial Aerosols Vietnam | Sprayway-TPR Co., LTD",Sản phẩm chai xịt SPRAYWAY & TPR trong công nghiệp...,Sản phẩm mới | Video | Sản phẩm | Tin tức,81,192,9704,79e00ce7e888e8cb.html
https://sprayway-tpr.com/vn/san-pham.html?p=4,"Industrial Aerosols Vietnam | Sprayway-TPR Co., LTD",Sản phẩm chai xịt SPRAYWAY & TPR trong công nghiệp...,Sản phẩm mới | Video | Sản phẩm | Tin tức,81,192,9664,633f89d8f8ddd59c.html
https://sprayway-tpr.com/vn/san-pham.html?p=5,"Industrial Aerosols Vietnam | Sprayway-TPR Co., LTD",Sản phẩm chai xịt SPRAYWAY & TPR trong công nghiệp...,Sản phẩm mới | Video | Sản phẩm | Tin tức,81,193,9672,5c08582840646610.html
https://sprayway-tpr.com/vn/san-pham.html?p=6,"Industrial Aerosols Vietnam | Sprayway-TPR Co., LTD",Sản phẩm chai xịt SPRAYWAY & TPR trong công nghiệp...,Sản phẩm mới | Video | Sản phẩm | Tin tức,81,193,9816,d7862ab1b1fa365f.html
https://sprayway-tpr.com/vn/san-pham.html?p=7,"Industrial Aerosols Vietnam | Sprayway-TPR Co., LTD",Sản phẩm chai xịt SPRAYWAY & TPR trong công nghiệp...,Sản phẩm mới | Video | Sản phẩm | Tin tức,81,193,9878,f6dc8bfe1f0502d6.html
https://sprayway-tpr.com/vn/san-pham.html?p=8,"Industrial Aerosols Vietnam | Sprayway-TPR Co., LTD",Sản phẩm chai xịt SPRAYWAY & TPR trong công nghiệp...,Sản phẩm mới | Video | Sản phẩm | Tin tức,81,193,9681,47f7c1b61bf17f45.html
https://sprayway-tpr.com/vn/san-pham.html?p=24,"Industrial Aerosols Vietnam | Sprayway-TPR Co., LTD",Sản phẩm chai xịt SPRAYWAY & TPR trong công nghiệp...,Sản phẩm mới | Video | Sản phẩm | Tin tức,67,164,9284,9855d6c096fb5f5b.html
https://sprayway-tpr.com/modules/product/popup/send_email.php?id=554&lang=vn&TB_iframe=true&width=650&height=550,.: TELL FRIEND :.,,,3,1,244,147536855b245234.html
https://sprayway-tpr.com/modules/product/popup/send_email.php?id=553&lang=vn&TB_iframe=true&width=650&height=550,.: TELL FRIEND :.,,,3,1,251,17bb69d92364049a.html
https://sprayway-tpr.com/vn/san-pham/547/keo-cat-18-5cm-ldh-x2.html,Keo cat 18.5cm LDH-X2,THÔNG TIN SẢN PHẨM: LDH-X2	        - Kéo gia dụng được sản xuất bởi công ty chuyên về dao kéo LiDaHang ( 利达行 ) phần ...,KÉO CẮT VẢI | Kéo cắt 18.5cm LDH-X2 | Sản phẩm cùng loại | LDH | Video,37,125,9731,06ae026604400881.html
https://sprayway-tpr.com/modules/product/popup/send_email.php?id=552&lang=vn&TB_iframe=true&width=650&height=550,.: TELL FRIEND :.,,,3,1,251,070b126ea02663b0.html
https://sprayway-tpr.com/modules/product/popup/send_email.php?id=540&lang=vn&TB_iframe=true&width=650&height=550,.: TELL FRIEND :.,,,3,1,227,171adb6e1a2ec8f2.html
https://sprayway-tpr.com/modules/product/popup/send_email.php?id=538&lang=vn&TB_iframe=true&width=650&height=550,.: TELL FRIEND :.,,,3,1,250,cf2defe8f752695c.html
https://sprayway-tpr.com/vn/san-pham/483/824%E5%8F%B7%E7%83%A4%E6%9E%B6%E5%8F%8A%E7%83%A4%E7%AE%B1%E6%B8%85%E6%B4%81%E5%89%82.html,824-CHAI XỊT TẨY RỬA LÒ NƯỚNG VÀ VỈ NƯỚNG,Chai xịt tẩy rửa hiệu quả thân thiện với môi trường. Có khả năng tẩy dầu mỡ mạnh mẽ  một cách hiệu quả khi loại bỏ các ...,Sản phẩm Sprayway | 824-CHAI XỊT TẨY RỬA LÒ NƯỚNG VÀ VỈ NƯỚNG | Sản phẩm cùng loại | Video,35,121,9543,f3090598c779ff91.html
https://sprayway-tpr.com/vn/san-pham/481/986%E5%8F%B7360%E5%85%A8%E8%83%BD%E6%B8%85%E6%B4%81%E5%89%82.html,986-360 TẨY RỬA TẤT CẢ MỤC ĐÍCH,Sản phẩm chai xịt SPRAYWAY & TPR trong công nghiệp...,Sản phẩm Sprayway | 986-360 TẨY RỬA TẤT CẢ MỤC ĐÍCH | Sản phẩm cùng loại | Video,38,124,9959,ae8ab2d971d2b8b6.html
https://sprayway-tpr.com/vn/san-pham/479/heavy-duty-orange-power-plus.html,909-CHẤT TẨY CỰC MẠNH,"Bộ phận nặng, tẩy nhờn kh&ocirc;ng chứa clo.			Hiệu quả cho loại bỏ dầu mỡ, dầu, mực in, keo d&iacute;nh, nhựa đường, s&aacute;p, dư lượng kh&oacute;i thải, ...",Sản phẩm Sprayway | 909-CHẤT TẨY CỰC MẠNH | Sản phẩm cùng loại | Video,34,120,9420,041e87b5c4416971.html
https://sprayway-tpr.com/vn/san-pham/477/brake---parts-cleaner.html,708-LÀM SẠCH CÁC BỘ PHẬN VÀ PHANH THẮNG,Sản phẩm chai xịt SPRAYWAY & TPR trong công nghiệp...,Sản phẩm Sprayway | 708-LÀM SẠCH CÁC BỘ PHẬN VÀ PHANH THẮNG | Sản phẩm cùng loại | Video,32,118,9508,0301a0bae77fda88.html
https://sprayway-tpr.com/modules/product/popup/send_email.php?id=600&lang=vn&TB_iframe=true&width=650&height=550,.: TELL FRIEND :.,,,3,1,275,b22eabc6b2048f17.html
https://sprayway-tpr.com/vn/san-pham/522/ss88-keo-xit-da-nang.html,SS88 KEO XIT DA NANG,"Chai phun keo dán, loại keo dán đa năng, có độ hoàn hảo cao, thích hợp dùng trong phòng tranh, họa phẩm, liễn chương, in ...",SPRAYWAY SINGAPORE | SS88 KEO XỊT ĐA NĂNG | Sản phẩm cùng loại | SPRAYWAY SINGAPORE | Video,32,119,9488,ee3e6ea01cbdb5a5.html
https://sprayway-tpr.com/vn/san-pham/521/ss84-keo-xit-dinh-vi-vai-khi-in-lua-(chieu-nhiet-cao).html,SS84 KEO XIT DINH VI VAI KHI IN LUA (chieu nhiet cao),Công thức được thiết kế đặc biệt cho các cửa hàng in ấn màn hình.			Hoàn hảo cho các ứng dụng và nhiệt độ cần ...,SPRAYWAY SINGAPORE | SS84 KEO XỊT ĐỊNH VỊ VẢI KHI IN LỤA (chiệu nhiệt cao) | Sản phẩm cùng loại | SPRAYWAY SINGAPORE | Video,32,119,9502,215134635f5cafa5.html
https://sprayway-tpr.com/vn/san-pham/520/ss82-keo-xit-dang-phun-suong-dung-trong-in-vai.html,SS82 KEO XIT DANG PHUN SUONG DUNG TRONG IN VAI,"Chuyên dùng định vị cho các sản phẩm dệt vải thun, giấy carton, sợi tổng hợp hoặc in lụa...			Tái dán nhiều lần vẫn đảm bảo độ ...",SPRAYWAY SINGAPORE | SS82 KEO XỊT DẠNG PHUN SƯƠNG DÙNG TRONG IN VẢI | Sản phẩm cùng loại | SPRAYWAY SINGAPORE | Video,32,119,9294,c5816fbc4c1db540.html
https://sprayway-tpr.com/vn/san-pham/519/ss66-keo-xit-dang-phun-suong.html,SS66 KEO XIT DANG PHUN SUONG,"Giúp dán & giữ cho các rập giấy, mẫu in, ... không bị dịch chuyển.. .			Có tính năng dán tạm thời & dán vĩnh ...",SPRAYWAY SINGAPORE | SS66 KEO XỊT DẠNG PHUN SƯƠNG | Sản phẩm cùng loại | SPRAYWAY SINGAPORE | Video,32,119,9629,9db183c24a81433c.html
https://sprayway-tpr.com/vn/san-pham/518/ss821-keo-xit-chong-tua-mep-vai.html,SS821 KEO XIT CHONG TUA MEP VAI,Đặc biệt được tạo ra để gi&uacute;p nh&acirc;n vi&ecirc;n ng&agrave;nh may l&agrave;m việc hiệu quả hơn.			Loại bỏ sự thất tho&aacute;t v&agrave; l&atilde;ng ph&iacute; ...,SPRAYWAY SINGAPORE | SS821 KEO XỊT CHỐNG TƯA MÉP VẢI | Sản phẩm cùng loại | SPRAYWAY SINGAPORE | Video,32,119,9475,8a483986e5b0005a.html
https://sprayway-tpr.com/modules/product/popup/send_email.php?id=566&lang=vn&TB_iframe=true&width=650&height=550,.: TELL FRIEND :.,,,3,1,255,5ebfb72552927914.html
https://sprayway-tpr.com/modules/product/popup/send_email.php?id=542&lang=vn&TB_iframe=true&width=650&height=550,.: TELL FRIEND :.,,,3,1,236,cf354f1d9223de30.html
https://sprayway-tpr.com/modules/product/popup/send_email.php?id=416&lang=vn&TB_iframe=true&width=650&height=550,.: TELL FRIEND :.,,,3,1,237,d7a63d43dbbdd6ea.html
https://sprayway-tpr.com/modules/product/popup/send_email.php?id=541&lang=vn&TB_iframe=true&width=650&height=550,.: TELL FRIEND :.,,,3,1,220,963c8715dbadc688.html
https://sprayway-tpr.com/modules/product/popup/send_email.php?id=451&lang=vn&TB_iframe=true&width=650&height=550,.: TELL FRIEND :.,,,3,1,249,ca4fa726cdf8e8d5.html
https://sprayway-tpr.com/modules/product/popup/send_email.php?id=564&lang=vn&TB_iframe=true&width=650&height=550,.: TELL FRIEND :.,,,3,1,240,6172a19a4d03589d.html
https://sprayway-tpr.com/vn/san-pham/498/830-tpr-spot-lifter-(industrial).html,830 TPR-Spot Lifter (Industrial),"Chuyên tẩy các vết dầu và vết bẩn trên bề vải ,vải bọc ô tô hoặc đồ nội thất, tấm trải sàn, thảm, quần áo, mũ và cà vạt.xịt tẩy dễ dàng mà không làm ảnh hưởng đến màu vải.
An toàn và hiệu quả trên các chất liệu len, cotton, lụa và tổng hợp.
Đảm bảo không để lại vết bẩn hoặc vòng trắng.
Công thức hiệu suất cao.",Sản phẩm TPR | 830 TPR - CHẤT TẨY DẦU (Công nghiệp) | Sản phẩm cùng loại | Sản phẩm TPR | Video,34,124,9542,8ae6b7abaa252c73.html
https://sprayway-tpr.com/modules/product/popup/send_email.php?id=502&lang=vn&TB_iframe=true&width=650&height=550,.: TELL FRIEND :.,,,3,1,259,d535945fe3916d5b.html
"https://sprayway-tpr.com/vn/san-pham/529/ancrd90-chai-xit-boi-tron,-chong-ri-cho-may-moc-va-kim-loai-.html","ANCRD90 Chai xit boi tron, chong ri cho may moc va kim loai",ANC 90,"MAY MẶC | ANCRD90 Chai xịt bôi trơn, chống rỉ cho máy móc và kim loại | Sản phẩm cùng loại | Sản Phẩm ANC | Video",32,121,9553,39e29a2905683e8b.html
https://sprayway-tpr.com/vn/san-pham/528/anc77-dau-silicone-boi-tron-dang-uot.html,boi tron dong co hoac chi may,ANC 77,MAY MẶC | ANC77 DẦU SILICONE BÔI TRƠN DẠNG ƯỚT | Sản phẩm cùng loại | Sản Phẩm ANC | Video,32,121,9795,5f8ba047e51c469f.html
https://sprayway-tpr.com/en/product/433/c60-solvent-cleaner-degraser.html,Product,Product,Home page Product | Brand | Video,29,160,9249,c19d6b6891ecf4cc.html
https://sprayway-tpr.com/cn/product/433/c60-solvent-cleaner-degraser.html,Product,Product,Home page Sản phẩm | Brand | Video,29,154,4890,2e71695cff651555.html
https://sprayway-tpr.com/modules/product/popup/send_email.php?id=433&lang=vn&TB_iframe=true&width=650&height=550,.: TELL FRIEND :.,,,3,1,244,1d3f1bba73c6d98c.html
https://sprayway-tpr.com/modules/product/popup/send_email.php?id=503&lang=vn&TB_iframe=true&width=650&height=550,.: TELL FRIEND :.,,,3,1,266,8fff242480d7fe66.html
https://sprayway-tpr.com/modules/product/popup/send_email.php?id=52&lang=vn&TB_iframe=true&width=650&height=550,.: TELL FRIEND :.,,,3,1,246,d6b5e1401f91a9f0.html
https://sprayway-tpr.com/modules/product/popup/send_email.php?id=316&lang=vn&TB_iframe=true&width=650&height=550,.: TELL FRIEND :.,,,3,1,257,b249e6a084250332.html
https://sprayway-tpr.com/modules/product/popup/send_email.php?id=318&lang=vn&TB_iframe=true&width=650&height=550,.: TELL FRIEND :.,,,3,1,263,1c8072f8430a71ff.html
https://sprayway-tpr.com/en/product/7/822-tpr-keo-dan-dinh-vi.html,Product,Product,Home page Product | Brand | Video,29,160,9249,9335292de43a3875.html
https://sprayway-tpr.com/modules/product/popup/send_email.php?id=7&lang=vn&TB_iframe=true&width=650&height=550,.: TELL FRIEND :.,,,3,1,238,7c711e6965868cab.html
https://sprayway-tpr.com/modules/product/popup/send_email.php?id=501&lang=vn&TB_iframe=true&width=650&height=550,.: TELL FRIEND :.,,,3,1,335,9667e6848e5e0807.html
https://sprayway-tpr.com/vn/san-pham/339/fusing-machine-cleaner.html,823-TẨY BĂNG CHUYỀN MÁY ÉP CỔ ÁO,chai xit sprayway,Sản phẩm Sprayway | 823-TẨY BĂNG CHUYỀN MÁY ÉP CỔ ÁO | Sản phẩm cùng loại | Video,34,120,9580,92721d2e65abcddd.html
https://sprayway-tpr.com/vn/san-pham/273/silicone-spray.html,946-CHẤT BÔI TRƠN DẠNG SILICONE,Giúp thiết bị hoạt động dễ dàng hơn,Sản phẩm Sprayway | 946-CHẤT BÔI TRƠN DẠNG SILICONE | Sản phẩm cùng loại | Video,32,118,9575,db308b5122707921.html
https://sprayway-tpr.com/vn/trang-chu.html?p=1,"Industrial Aerosols Vietnam | Sprayway-TPR Co., LTD",Sản phẩm chai xịt SPRAYWAY & TPR trong công nghiệp...,Sản phẩm mới | Video | Sản phẩm | Tin tức,81,191,9803,c282ca93d6c8f391.html
https://sprayway-tpr.com/vn/san-pham/320/specialty-film-cleaner.html,206-CHẤT TẨY BẨN PHIM MÀU,Sản phẩm chai xịt SPRAYWAY & TPR trong công nghiệp...,Sản phẩm Sprayway | 206-CHẤT TẨY BẨN PHIM MÀU | Sản phẩm cùng loại | Video,34,120,9387,17537a8e9a1af40a.html
https://sprayway-tpr.com/vn/san-pham/367/toner-aide.html,208-DUNG DỊCH HỖ TRỢ MỰC TONER,Sản phẩm chai xịt SPRAYWAY & TPR trong công nghiệp...,Sản phẩm Sprayway | 208-DUNG DỊCH HỖ TRỢ MỰC TONER | Sản phẩm cùng loại | Video,34,120,9235,647d986ad05020af.html
https://sprayway-tpr.com/vn/san-pham/322/adhesive-activator.html,211-KEO HOẠT TÍNH,"Đối với c&aacute;c ứng dụng trong ng&agrave;nh &ocirc; t&ocirc;, lắp r&aacute;p đ&egrave;n, v&agrave; sửa chữa nhanh ch&oacute;ng trong			Keo cyanoacrylate l&agrave;m việc ...",Sản phẩm Sprayway | 211-KEO HOẠT TÍNH | Sản phẩm cùng loại | Video,32,118,9464,7c5c9fac89d95bed.html
https://sprayway-tpr.com/vn/san-pham/452/flex-o-spray-coat.html,727-MÀNG BẢO VỆ FLEX-O,Sản phẩm chai xịt SPRAYWAY & TPR trong công nghiệp...,Sản phẩm Sprayway | 727-MÀNG BẢO VỆ FLEX-O | Sản phẩm cùng loại | Video,32,118,9207,f364d31b1e651170.html
https://sprayway-tpr.com/vn/san-pham/408/auto-body-rubberized-undercoating.html,735-CHẤT BẢO VỆ LỚP SƠN XE HƠI,Sản phẩm chai xịt SPRAYWAY & TPR trong công nghiệp...,Sản phẩm Sprayway | 735-CHẤT BẢO VỆ LỚP SƠN XE HƠI | Sản phẩm cùng loại | Video,35,121,9323,e44e6cfaa528be48.html
https://sprayway-tpr.com/vn/san-pham/409/wax-and-shine.html,753-CHAI XỊT BÔI TRƠN LÀM BÓNG,"Sản phẩm có công thức đặc biệt chứa chất Carnauba Wax & DuPont ZONYL®.			Giúp cho lớp sơn có độ bóng tối đa, đồng thời hiệu ...",Sản phẩm Sprayway | 753-CHAI XỊT BÔI TRƠN LÀM BÓNG | Sản phẩm cùng loại | Video,34,120,9460,54eac7465aaf3561.html
https://sprayway-tpr.com/vn/san-pham/410/industrial-de-icer.html,758-CHẤT CHỐNG BĂNG,"Gi&uacute;p l&agrave;m tan băng nhanh ch&oacute;ng v&agrave; dễ d&agrave;ng từ ổ kh&oacute;a, gạt k&iacute;nh xe, cửa sổ, k&iacute;nh chắn gi&oacute;, hoặc đ&egrave;n pha.			Sử ...",Sản phẩm Sprayway | 758-CHẤT CHỐNG BĂNG | Sản phẩm cùng loại | Video,34,120,9481,32174345f8cf2706.html
https://sprayway-tpr.com/vn/san-pham/268/industrial-silicone-spray-low-viscosity.html,767-BÌNH XỊT SILICONE ĐỘ DÍNH THẤP,"B&igrave;nh xịt silicone đa năng kết hợp hiệu suất v&agrave;  giải ph&oacute;ng chất b&ocirc;i trơn v&agrave;o sản phẩm.			L&agrave;m giảm ma s&aacute;t, ...",Sản phẩm Sprayway | 767-BÌNH XỊT SILICONE ĐỘ DÍNH THẤP | Sản phẩm cùng loại | Video,34,120,9438,fd4bcd8853b41739.html
https://sprayway-tpr.com/vn/san-pham/241/chewing-gum-remover.html,813-CHẤT TẨY KẸO CAO SU,"Hiệu quả trong việc tẩy kẹo cao su, s&aacute;p.			L&agrave;m kẹo cao su đ&ocirc;ng cứng lại, gi&uacute;p dễ d&agrave;ng gỡ bỏ.			Tẩy sạch kh&ocirc;ng để lại ...",Sản phẩm Sprayway | 813-CHẤT TẨY KẸO CAO SU | Sản phẩm cùng loại | Video,33,119,9212,bc25febfb6542126.html
https://sprayway-tpr.com/vn/san-pham/203/saw-cleaner-pitch---gum-remover.html,836-DẦU TẨY RỬA CƯA VÀ CAO SU,"Được tạo với phần cứng chuyện nghiệp v&agrave; ng&agrave;nh chế biến gỗ.			Nhanh ch&oacute;ng l&agrave;m sạch cưa, những phần bộ định vị v&agrave; m&aacute;y cắt ...",Sản phẩm Sprayway | 836-DẦU TẨY RỬA CƯA VÀ CAO SU | Sản phẩm cùng loại | Video,34,120,9386,3a02cddf123e72dd.html
https://sprayway-tpr.com/vn/san-pham/418/stainless-steel-polish---cleaner.html,841-CHẤT LÀM SẠCH VÀ ĐÁNH BÓNG THIẾT BỊ INOX,C&ocirc;ng thức đặc biệt sử dụng cho c&aacute;c vật dụng v&agrave; thiết bị bằng inox.			Kh&ocirc;ng cần dụng cụ cọ rửa vẫn c&oacute; thể dễ d&agrave;n  g ...,Sản phẩm Sprayway | 841-CHẤT LÀM SẠCH VÀ ĐÁNH BÓNG THIẾT BỊ INOX | Sản phẩm cùng loại | Video,37,123,9581,2a438c8ff4f8c975.html
https://sprayway-tpr.com/vn/san-pham/397/plastic-cleaner.html,848-CHẤT TẨY NHỰA,Sản phẩm chai xịt SPRAYWAY & TPR trong công nghiệp...,Sản phẩm Sprayway | 848-CHẤT TẨY NHỰA | Sản phẩm cùng loại | Video,39,125,9312,3dd165dffc002e63.html
https://sprayway-tpr.com/vn/san-pham/244/baseboard-cleaner---wax-stripper.html,856-CHẤT VỆ SINH VÁN CHÂN TƯỜNG,Sản phẩm chai xịt SPRAYWAY & TPR trong công nghiệp...,Sản phẩm Sprayway | 856-CHẤT VỆ SINH VÁN CHÂN TƯỜNG | Sản phẩm cùng loại | Video,34,120,9409,d355a11131e7fb0d.html
https://sprayway-tpr.com/vn/san-pham/412/foaming-rug---upholstery-cleaner.html,869-CHAI XỊT VỆ SINH THẢM & VẢI BỌC GHẾ DẠNG BỌT,Hình ảnh chai xịt 869:					 	Video chai xịt 869:		Liên hệ ngay để được tư vấn:				Chai xịt 869 tẩy sạch vết bẩn trên ...,Sản phẩm Sprayway | 869-CHAI XỊT VỆ SINH THẢM & VẢI BỌC GHẾ DẠNG BỌT | Sản phẩm cùng loại | Video,43,128,9456,afc487fa307c5d4d.html
https://sprayway-tpr.com/vn/san-pham/292/dust-up-floor-dressing.html,875-CHẤT LÀM SẠCH BỤI BẨN TRÊN SÀN,Sản phẩm chai xịt SPRAYWAY & TPR trong công nghiệp...,Sản phẩm Sprayway | 875-CHẤT LÀM SẠCH BỤI BẨN TRÊN SÀN | Sản phẩm cùng loại | Video,34,120,9376,7eb338f8ea52dfb0.html
https://sprayway-tpr.com/vn/san-pham/413/carpet---upholstery-spotter.html,"879-CHAI XỊT TẨY VẾT BẨN TRÊN THẢM, GHẾ NỆM.","Chai xịt 879 làm sạch và khử mùi trên thảm, ghế nệm.			Loại bỏ các vết ố từ sơn dầu và sơn nước.			Làm sạch nhanh ...","Sản phẩm Sprayway | 879-CHAI XỊT TẨY VẾT BẨN TRÊN THẢM, GHẾ NỆM. | Sản phẩm cùng loại | Video",45,127,9499,56a58b5bda6c9251.html
https://sprayway-tpr.com/vn/san-pham/373/gel-vandal-mark-remover.html,880-CHAI XỊT TẨY VẾT MỰC VÀ SƠN PHUN,"Tẩy c&aacute;c vết b&uacute;t ch&igrave; m&agrave;u, son m&ocirc;i, mực in v&agrave; sơn phun. Sử dụng tr&ecirc;n c&aacute;c loại vật liệu như đ&aacute;, gạch, th&eacute;p men, ...",Sản phẩm Sprayway | 880-CHAI XỊT TẨY VẾT MỰC VÀ SƠN PHUN | Sản phẩm cùng loại | Video,36,122,9489,2f93a16c7ca360c0.html
https://sprayway-tpr.com/vn/san-pham/165/industrial-polishing-oil.html,920-DẦU ĐÁNH BÓNG,"C&ocirc;ng thức d&agrave;nh cho thủy tinh/gương v&agrave; ng&agrave;nh m&agrave;i ,đ&aacute;nh b&oacute;ng kim loại v&agrave; thủy tinh.			Giảm thiểu băng v&agrave; thay ...",Sản phẩm Sprayway | 920-DẦU ĐÁNH BÓNG | Sản phẩm cùng loại | Video,34,120,9362,b3e6bb39c30d8866.html
https://sprayway-tpr.com/vn/san-pham/414/instant-shine.html,936-SÁNG BÓNG TỨC THÌ,Sản phẩm chai xịt SPRAYWAY & TPR trong công nghiệp...,Sản phẩm Sprayway | 936-SÁNG BÓNG TỨC THÌ | Sản phẩm cùng loại | Video,34,120,9056,2b99ee017110b4dd.html
https://sprayway-tpr.com/vn/san-pham/42/auto-care-non-silicone-instant-shine.html,938-TỰ ĐỘNG SÁNG BÓNG NGAY TỨC THÌ (Không chứa silicone),Sản phẩm chai xịt SPRAYWAY & TPR trong công nghiệp...,Sản phẩm Sprayway | 938-TỰ ĐỘNG SÁNG BÓNG NGAY TỨC THÌ (Không chứa silicone) | Sản phẩm cùng loại | Video,35,121,9416,73e21ab64a0e742d.html
"https://sprayway-tpr.com/vn/san-pham/376/ink-anti-skin,-long-term.html",950-CHẤT CHỐNG ĐÔNG MỰC – Thời gian dài,"Tránh tình trạng mực bị khô trong chai, khung in lụa,… trong khoảng thời gian dài ( mực để qua đêm hoặc ngày nghỉ cuối ...",Sản phẩm Sprayway | 950-CHẤT CHỐNG ĐÔNG MỰC – Thời gian dài | Sản phẩm cùng loại | Video,34,120,9463,c526b6424e13b300.html
https://sprayway-tpr.com/vn/san-pham/377/anti-static-spray.html,955-BÌNH XỊT KHỬ TĨNH ĐIỆN,"Chống tĩnh điện, gi&uacute;p ngăn ngừa bụi, bảo vệ thiết bị điện.			Gi&uacute;p ngăn ngừa mất dữ liệu v&agrave; thiệt hại cho bộ nhớ của m&aacute;y ...",Sản phẩm Sprayway | 955-BÌNH XỊT KHỬ TĨNH ĐIỆN | Sản phẩm cùng loại | Video,38,124,9412,0b45a777a87e7174.html
https://sprayway-tpr.com/vn/san-pham/328/instant-screen-opener.html,957-CHẤT LÀM THÔNG LƯỚI KHUNG IN,Mở các khu vực khô trên màn hình các máy in được sử dụng và màn hình cá nhân.					Thích hợp cho ...,Sản phẩm Sprayway | 957-CHẤT LÀM THÔNG LƯỚI KHUNG IN | Sản phẩm cùng loại | Video,33,119,9508,fa2fd74908363454.html
https://sprayway-tpr.com/vn/san-pham/275/auto-glass-quick-release-agent.html,958-CHẤT TẨY NHANH KEO DÁN,Sản phẩm chai xịt SPRAYWAY & TPR trong công nghiệp...,Sản phẩm Sprayway | 958-CHẤT TẨY NHANH KEO DÁN | Sản phẩm cùng loại | Video,36,122,9347,2fe687dcf4665b81.html
https://sprayway-tpr.com/vn/san-pham/296/vinyl-leather-cleaner.html,990-CHAI XỊT VỆ SINH VÀ BẢO VỆ ĐỒ DA,"Thích hợp dùng cho đồ nội thất, ô tô và vải trang trí			Tẩy sạch, bảo vệ, khôi phục vinyl  và tường trắng ...",Sản phẩm Sprayway | 990-CHAI XỊT VỆ SINH VÀ BẢO VỆ ĐỒ DA | Sản phẩm cùng loại | Video,45,128,9558,af8cf6da80e1d5de.html
https://sprayway-tpr.com/vn/san-pham/225/mulberry-breeze-metered-air-freshener.html,106-CHẤT KHỬ MÙI HƯƠNG DÂU,Sản phẩm chai xịt SPRAYWAY & TPR trong công nghiệp...,Sản phẩm Sprayway | 106-CHẤT KHỬ MÙI HƯƠNG DÂU | Sản phẩm cùng loại | Video,34,120,9339,104174a137e5c549.html
https://sprayway-tpr.com/vn/san-pham/312/fast-open-premium-water-based-screen-opener.html,032-CHẤT DÙNG CHO IN ẤN,Mở ra những vùng bị khô trên màn hình.			Tương thích với tất cả các loại mực in màn hình.			Mùi hương dễ ...,Sản phẩm Sprayway | 032-CHẤT DÙNG CHO IN ẤN | Sản phẩm cùng loại | Video,33,119,9239,9ce5139ab791309b.html
https://sprayway-tpr.com/vn/san-pham/422/foam---fabric-adhesive.html,055-KEO XỊT DẠNG BỌT NHANH KHÔ,Sản phẩm chai xịt SPRAYWAY & TPR trong công nghiệp...,Sản phẩm Sprayway | 055-KEO XỊT DẠNG BỌT NHANH KHÔ | Sản phẩm cùng loại | Video,36,122,9307,7115a7fcfacd8707.html
https://sprayway-tpr.com/vn/san-pham/28/ammoniated-glass-cleaner.html,043-CHẤT LAU KIẾNG ( CÓ CHỨA CHẤT AMMONIATE),Sản phẩm chai xịt SPRAYWAY & TPR trong công nghiệp...,Sản phẩm Sprayway | 043-CHẤT LAU KIẾNG ( CÓ CHỨA CHẤT AMMONIATE) | Sản phẩm cùng loại | Video,42,128,9276,eb412faba599f603.html
https://sprayway-tpr.com/vn/san-pham/389/glass-cleaner.html,050-CHAI XỊT VỆ SINH KÍNH,"Chai xịt vệ sinh kiếng, cửa sổ, gương, kính che gió,đồ bằng men, sứ, chrome, ngói…
Tẩy sạch bụi bẩn, vết dầu mỡ...",Sản phẩm Sprayway | 050-CHAI XỊT VỆ SINH KÍNH | Sản phẩm cùng loại | Video,44,130,9374,e6eb95ee9aaefb4b.html
https://sprayway-tpr.com/vn/san-pham/423/fast-tack-mist-adhesive.html,087-KEO DÁN PHUN SƯƠNG,Sản phẩm chai xịt SPRAYWAY & TPR trong công nghiệp...,Sản phẩm Sprayway | 087-KEO DÁN PHUN SƯƠNG | Sản phẩm cùng loại | Video,39,125,9329,e396798e66e711b2.html
https://sprayway-tpr.com/vn/san-pham/489/831-tpr-chat-tay-dau-(nhanh-kho).html,831 TPR-CHAT TAY DAU (Nhanh kho),"Độ tẩy trung bình trên vải.			Nhanh khô và có mùi thơm.			Hiệu quả an toàn đối với các loại vải như len, bông, lụa, ...",Sản phẩm TPR | 831 TPR-CHẤT TẨY DẦU (Nhanh khô) | Sản phẩm cùng loại | Sản phẩm TPR | Video,36,126,9298,718943a732f9b04d.html
https://sprayway-tpr.com/vn/trang-chu.html?p=9,"Industrial Aerosols Vietnam | Sprayway-TPR Co., LTD",Sản phẩm chai xịt SPRAYWAY & TPR trong công nghiệp...,Sản phẩm mới | Video | Sản phẩm | Tin tức,81,193,9833,e0d55b072c3275af.html
https://sprayway-tpr.com/vn/san-pham/491/099-tpr-fast-tack-adhesive.html,099 TPR-Super Spray Adhesive,"Sản phẩm keo dán định vị không thể thiếu trong ngành may thêu, sản xuất tại Trung Quốc.
• Có thể tái dán nhiều lần, dán dính lâu hoặc dán nhanh, không tạo nếp nhăn.
• Tránh dính kim
• Rất lý tưởng khi dùng trong lĩnh vực may mặc và dán con giống trong ngành thêu.
• Màu trong suốt; sẽ không thấm qua vải hoặc giấy.",Sản phẩm TPR | 099 TPR - Keo Xịt Đa Năng | Sản phẩm cùng loại | Sản phẩm TPR | Video,33,123,9565,1e87c57432161cb2.html
https://sprayway-tpr.com/vn/san-pham/506/chai-xit-tay-bui-ban-cac-mach-dien-sprayway-singapore-ss789.html,tay rua bo mach dien tu,ss789,SPRAYWAY SINGAPORE | Chai xịt tẩy bụi bẩn các mạch điện Sprayway Singapore SS789 | Sản phẩm cùng loại | SPRAYWAY SINGAPORE | Video,32,119,9607,9c1f0fe336fc8e37.html
"https://sprayway-tpr.com/vn/san-pham/507/chai-xit-boi-tron,-chong-ri-cho-may-moc-va-kim-loai-sprayway-singapore-ssrd-90.html",chat boi tron may moc thiet bi,SS RD90,"SPRAYWAY SINGAPORE | Chai xịt bôi trơn, chống rỉ cho máy móc và kim loại Sprayway Singapore SSRD-90 | Sản phẩm cùng loại | SPRAYWAY SINGAPORE | Video",32,119,9499,cf562f60e693f02e.html
https://sprayway-tpr.com/vn/san-pham/508/chai-xit-tay-bang-chuyen-may-ep-co-ao-sprayway-singapore-ss823.html,tay keo dan,tay keo ss823,SPRAYWAY SINGAPORE | Chai xịt tẩy băng chuyền máy ép cổ áo Sprayway Singapore SS823 | Sản phẩm cùng loại | SPRAYWAY SINGAPORE | Video,32,119,9629,db7b049458c17680.html
"https://sprayway-tpr.com/vn/san-pham/509/chai-xit-tay-rua-cac-chat-dau-mo,-keo-dan-sprayway-singapore-ss63.html",tay chat dau mo,ss63,"SPRAYWAY SINGAPORE | Chai xịt tẩy rửa các chất dầu mỡ, keo dán Sprayway Singapore SS63 | Sản phẩm cùng loại | SPRAYWAY SINGAPORE | Video",32,119,9642,a7e360c87f44674b.html
https://sprayway-tpr.com/vn/san-pham/514/sung-tay-ecorza-s1.html,Sung Tay ECORZA S1,- Có thể sử dụng dung môi và nước chung một súng phun	Solvent and water can be used with one gun	- Có thể sử dụng hai loại dung môi ...,MAY MẶC | Súng Tẩy ECORZA S1 | Sản phẩm cùng loại | RAROSA | Video,31,116,9031,c27142f5939934ef.html
"https://sprayway-tpr.com/vn/san-pham/527/anc945-boi-tron-khung-in,-bang-in,-may-cat-vai,-chi-tiet-may-moc-va-cac-loai-may-cat-giay.html",945,anc945,"MAY MẶC | ANC945 Bôi trơn khung in, bảng in, máy cắt vải, chi tiết máy móc và các loại máy cắt giấy | Sản phẩm cùng loại | Sản Phẩm ANC | Video",32,121,11203,89c5d9ba220659a7.html
https://sprayway-tpr.com/vn/san-pham/569/chaixitustpr031.html,Chai xit tay dau Spot Lifter 831 (Nhanh kho),"Độ tẩy trung bình trên vải.			Nhanh khô và có mùi thơm.			Hiệu quả an toàn đối với các loại vải như len, bông, lụa, ...",Chai xịt tẩy dầu Spot Lifter US TPR831 (Nhanh khô) | Sản phẩm cùng loại | Thương hiệu | Video,32,154,9736,3b6330d09d159769.html
https://sprayway-tpr.com/vn/san-pham/571/chaixitus833.html,Chai xit tay dau Spot Lifter 833 (Khong chat Chlorinated),"Chất tẩy không chứa chất Chlorinated, đạt tiêu chuẩn về an toàn môi trường.			Đặc biệt, sản phẩm Spot-lifter 833 của chúng tôi ...",Chai xịt tẩy dầu Spot Lifter US TPR833 | Sản phẩm cùng loại | Thương hiệu | Video,32,154,9890,ad2f6ad51ace7206.html
https://sprayway-tpr.com/vn/san-pham/573/chaixit292.html,Chat boi tron Silicone Sprayway SW292,"Giúp chấm dứt sự kẹt dính của các chi tiết chuyển động, máy móc, công cụ điện, ..., và bảo vệ thiết bị	Giảm sự ma ...",Chất bôi trơn Silicone Sprayway SW292 | Sản phẩm cùng loại | Thương hiệu | Video,32,154,9831,5d5d5172ba97eacd.html
https://sprayway-tpr.com/vn/san-pham/574/binh-xit-ve-sinh-lam-sach-bo-mach-dien-sprayway-293.html,Binh xit ve sinh lam sach bo mach dien Sprayway 293,Dung dịch vệ sinh mạch điện Sprayway Contact Cleaner SW293			Hiệu quả loại bỏ đất và các chất gây ô nhiễm khác từ các thành ...,Bình xịt vệ sinh làm sạch bo mạch điện Sprayway 293 | Sản phẩm cùng loại | Thương hiệu | Video,32,154,9847,377d9c1725d990b2.html
https://sprayway-tpr.com/vn/san-pham/577/LDH%20XS%20195.html,Keo cat cuong luc inox LDH-XS195,TH&Ocirc;NG TIN SẢN PHẨM: LDH-XS195	- K&eacute;o gia dụng được sản xuất bởi c&ocirc;ng ty chuy&ecirc;n về dao k&eacute;o LiDaHang ( 利达行 ) phần t&ecirc;n v&agrave; m&atilde; ...,Kéo cắt cường lực inox LDH-XS195 | Sản phẩm cùng loại | Thương hiệu | Video,32,154,10560,0c34fb04a5f3a8f2.html
https://sprayway-tpr.com/vn/san-pham/578/chaixit991.html,Binh xit duong am va danh bong do da sprayway SW991,"B&igrave;nh xịt dưỡng ẫm v&agrave; đ&aacute;nh b&oacute;ng đồ da sprayway SW991	- Tẩy sạch, bảo vệ, kh&ocirc;i phục vinyl v&agrave; da trắng tr&ocirc;ng như mới.	- Sản ...",Bình xịt dưỡng ẫm và đánh bóng đồ da sprayway SW991 | Sản phẩm cùng loại | Thương hiệu | Video,32,154,9999,7f2811616f4fcd51.html
https://sprayway-tpr.com/vn/san-pham/604/sw830.html,"Chai xịt tẩy dầu trên vải SW 830 cho may mặc, thêu","Độ tẩy mạnh.
Hiệu quả an toàn đối với các loại vải như len, bông, lụa, sợi tổng hợp.
Chuyên tẩy các vết dầu và vết bẩn trên bề vải của dệt may, xịt tẩy dễ dàng mà không làm ảnh hưởng đến màu vải. Tiện lợi cho các bạn thợ may. 
Hướng dẫn sử dụng : Xoay mũi tên chỗ bấm xịt đến vị trí đánh dấu mực để mở voan xịt. Lắc đều hướng lên xuống, xịt vào vết bẩn phù kín vết bẩn, sau khoảng 2 phút sẽ khô lớp bột, sau đó phủi sạch lớp bột khô các vết bẩn sẽ không còn trên vải, không để lại vết ố, không cần rửa lại nước.","MAY MẶC | Chai xịt tẩy dầu trên vải SW 830 cho may mặc, thêu | Sản phẩm cùng loại | SW | Video",24,104,9475,3bff2fe45778f0ad.html
https://sprayway-tpr.com/vn/san-pham/605/sw831.html,Chai xịt tẩy dầu Spot Lifter SW 831 (Nhanh khô),"Độ tẩy trung bình trên vải.
Nhanh khô và có mùi thơm.
Hiệu quả an toàn đối với các loại vải như len, bông, lụa, sợi tổng hợp và các loại vải nhạy cảm.
Chuyên tẩy các vết dầu và vết bẩn trên bề vải của  dệt may, xịt tẩy dễ dàng mà không làm ảnh hưởng đến màu vải. Tiện lợi cho các bạn thợ may. 
Hướng dẫn sử dụng : Xoay mũi tên chỗ bấm xịt đến vị trí đánh dấu mực để mở voan xịt. Lắc đều hướng lên xuống, xịt vào vết bẩn phù kín vết bẩn, sau khoảng 2 phút sẽ khô lớp bột, sau đó phủi sạch lớp bột khô các vết bẩn sẽ không còn trên vải, không để lại vết ố, không cần rửa lại nước.",MAY MẶC | Chai xịt tẩy dầu Spot Lifter SW 831 (Nhanh khô) | Sản phẩm cùng loại | SW | Video,24,104,9592,d7ef66106568812d.html
https://sprayway-tpr.com/vn/san-pham/606/sw833.html,Chai xịt tẩy dầu Spot Lifter SW 833 (Không chất Chlorinated),"Chất tẩy không chứa chất Chlorinated, đạt tiêu chuẩn về an toàn môi trường.
Đặc biệt, tất cả các sản phẩm Spot-lifter 833 của chúng tôi đều đạt chứng nhận OEKOTEX 3.6 & ZDHC 3.1 MRSL CẤP ĐỘ 3.
Hiệu quả an toàn đối với các loại vải như len, bông, lụa, sợi tổng hợp, corduory, dacron, nylon, orlon và các loại vải nhạy cảm.
Chuyên tẩy các vết dầu và vết bẩn trên bề vải của dệt may, xịt tẩy dễ dàng mà không làm ảnh hưởng đến màu vải. Tiện lợi cho các bạn thợ may. 
Hướng dẫn sử dụng : Xoay mũi tên chỗ bấm xịt đến vị trí đánh dấu mực để mở voan xịt. Lắc đều hướng lên xuống, xịt vào vết bẩn phù kín vết bẩn, sau khoảng 2 phút sẽ khô lớp bột, sau đó phủi sạch lớp bột khô các vết bẩn sẽ không còn trên vải, không để lại vết ố, không cần rửa lại nước.",MAY MẶC | Chai xịt tẩy dầu Spot Lifter SW 833 (Không chất Chlorinated) | Sản phẩm cùng loại | SW | Video,24,104,9783,a0d7ff49267d4c26.html
https://sprayway-tpr.com/vn/video/Sewing%20Products-7.html,"Industrial Aerosols Vietnam | Sprayway-TPR Co., LTD","Sewing - Sprayway-TPR Co., LTD",Sewing Products | Video clip | Video,23,112,8761,ea0f5d956e2497b6.html
https://sprayway-tpr.com/modules/news/send_news.php?id=50&lang=vn&TB_iframe=true&width=550&height=500,,,,2,0,248,de93ae1984c3e483.html
https://sprayway-tpr.com/vn/news/print/50/vietbuild-home-2020---trien-lam-quoc-te-nha-o--trang-tri-noi-ngoai-that---do-dung-gia-dinh.html,"Industrial Aerosols Vietnam | Sprayway-TPR Co., LTD",Sản phẩm chai xịt SPRAYWAY & TPR trong công nghiệp...,,5,2,418,b16de332d033de1f.html
https://sprayway-tpr.com/vn/news/detail/trien-lam-quoc-te-nganh-cong-nghiep-det-may-thiet-bi-nguyen-phu-lieu-61.html,Triển lãm Quốc tế ngành Công nghiệp Dệt & May – Thiết bị & Nguyên phụ liệu | Trien lam Quoc te nganh Cong nghiep Det & May – Thiet bi & Nguyen phu lieu,Sản phẩm chai xịt SPRAYWAY & TPR trong công nghiệp...,Triển lãm | Tin Tức | Video,23,108,10907,65b64835e64f0597.html
"https://sprayway-tpr.com/vn/news/detail/bangladesh---trien-lam-quoc-te-cong-nghe,-nguyen-phu-lieu-va-dong-goi-nganh-may-2023-60.html","Bangladesh - Triển Lãm Quốc Tế Công Nghệ, Nguyên Phụ Liệu Và Đóng Gói Ngành May 2023 | Bangladesh - Trien Lam Quoc Te Cong Nghe, Nguyen Phu Lieu Va Dong Goi Nganh May 2023",Sản phẩm chai xịt SPRAYWAY & TPR trong công nghiệp...,Triển lãm | Tin Tức | Video,25,108,9595,607131ac8196d127.html
https://sprayway-tpr.com/en/about.html,Introduce,The aerosols supply for industrial trade...,Introduce | ABOUT | Video,18,93,10033,9cf3fa3d2acce2a4.html
https://sprayway-tpr.com/en/about/https://sprayway-tpr.com/vn/news/detail/catalogue-vtg-2024-73.html.html,Introduce,The aerosols supply for industrial trade...,Introduce | ABOUT | Video,18,93,10033,d37c9b249603e829.html
https://sprayway-tpr.com/cn/about/https://sprayway-tpr.com/vn/news/detail/catalogue-vtg-2024-73.html.html,About Company | About Company,The aerosols supply for industrial trade...,公司简介 | ABOUT | Video,18,87,6148,a8d3f7dff9cdfec0.html
https://sprayway-tpr.com/en/about/our-mission.html,"Industrial Aerosols Vietnam | Sprayway-TPR Co., LTD",The aerosols supply for industrial trade...,New products | Video | Product | News,105,218,10307,8d6939bdc5ca46c7.html
https://sprayway-tpr.com/cn/about/our-mission.html,"Industrial Aerosols Vietnam | Sprayway-TPR Co., LTD",The aerosols supply for industrial trade...,New products | Video | Product | News,110,210,5801,d1195c17796c91fb.html
https://sprayway-tpr.com/en/about/capabilites.html,"Industrial Aerosols Vietnam | Sprayway-TPR Co., LTD",The aerosols supply for industrial trade...,New products | Video | Product | News,105,218,10307,c34e8d9b9d90a038.html
https://sprayway-tpr.com/cn/about/capabilites.html,"Industrial Aerosols Vietnam | Sprayway-TPR Co., LTD",The aerosols supply for industrial trade...,New products | Video | Product | News,110,210,5801,00de8156a7111c88.html
https://sprayway-tpr.com/en/about/partners.html,"Industrial Aerosols Vietnam | Sprayway-TPR Co., LTD",The aerosols supply for industrial trade...,New products | Video | Product | News,105,218,10307,ea8a3e40ddc952b1.html
https://sprayway-tpr.com/cn/about/partners.html,"Industrial Aerosols Vietnam | Sprayway-TPR Co., LTD",The aerosols supply for industrial trade...,New products | Video | Product | News,110,210,5801,cdeab68b35292562.html
https://sprayway-tpr.com/en/product/575/chaixits945.html,"Silicone lubricant for printing frames, printing plates, fabric cutters, and mechanical components 945.","Helps eliminate sticking and jamming of moving parts, machinery, power tools, etc., while protecting equipment.
Reduces friction and wear, keeps surfaces dust-resistant, saves time, and increases production efficiency.","Sprayway products | Silicone lubricant for printing frames, printing plates, fabric cutters, and mechanical components 945. | Related Product | Video",32,119,9166,9dc5ceb83f81eb3b.html
https://sprayway-tpr.com/en/product/572/chaixitlaukinh048.html,Sprayway Glass Cleaner 048 (Small Bottle 4 OZ),"The world's best glass cleaner spray.
Cleans glass, windows, mirrors, windshields, porcelain, ceramic, chrome, tiles, etc.

Removes dust, dirt, and grease stains.
Ensures no dust residue is left behind.
Has a very pleasant fragrance.
Suitable for both tinted and clear glass.
Foam-based formula – adheres to vertical glass surfaces.
Leaves no fingerprints.",Sprayway products | Sprayway Glass Cleaner 048 (Small Bottle 4 OZ) | Related Product | Video,32,119,9244,b0c6c3dd11733c79.html
https://sprayway-tpr.com/en/product/567/chaixit608.html,Sprayway Glass Cleaner 608 (Small Bottle 4 OZ),Sản phẩm chai xịt vệ sinh kính cao cấp tốt nhất trên thế giới.	Chuyên dụng cho màn các màn kính thuỷ tinh xuyên suốt ( ...,Sprayway products | Sprayway Glass Cleaner 608 (Small Bottle 4 OZ) | Related Product | Video,32,119,9465,79683768148c21b2.html
https://sprayway-tpr.com/en/product/487/sprayway-031.html,SPRAYWAY 031,Liên hệ ngay để được tư vấn:					Chai ...,Sprayway products | 031 - CRAZY CLEAN ALL PURPOSE CLEANER | Related Product | Video,49,136,9204,77bff50d01ee169a.html
https://sprayway-tpr.com/en/product/472/dutch-apple-metered-air.html,104-Dutch Apple Metered Air,The aerosols supply for industrial trade...,Sprayway products | 104-Dutch Apple Metered Air | Related Product | Video,34,121,9138,8ed5c26fb1b566ba.html
https://sprayway-tpr.com/en/product/54/fast-tack-hi-temp-heavy-duty-trim-adhesive.html,092-Hi-Temp Heavy-Duty Trim Adhesive,The aerosols supply for industrial trade...,Sprayway products | 092-Hi-Temp Heavy-Duty Trim Adhesive | Related Product | Video,41,128,9186,1d12d43cfdcfe24e.html
https://sprayway-tpr.com/en/product/317/web-type-spray-adhesive.html,083-Web-Type Pallet Spray Adhesive,The aerosols supply for industrial trade...,Sprayway products | 083-Web-Type Pallet Spray Adhesive | Related Product | Video,32,119,9189,c8534a7ea14f794f.html
https://sprayway-tpr.com/en/product/421/fast-tack-general-purpose-web-adhesive.html,085-Fast Track General Purpose Web Adhesive,The aerosols supply for industrial trade...,Sprayway products | 085-Fast Track General Purpose Web Adhesive | Related Product | Video,36,123,9163,e1f5ed7c46b8f05c.html
https://sprayway-tpr.com/en/product/425/fast-tack-specialty-adhesive.html,089-Fast Tack Specialty adhesive,The aerosols supply for industrial trade...,Sprayway products | 089-Fast Tack Specialty adhesive | Related Product | Video,36,123,9105,f7c53571899ee30b.html
https://sprayway-tpr.com/en/product/423/fast-tack-mist-adhesive.html,087-Fast Tack Mist Adhesive,The aerosols supply for industrial trade...,Sprayway products | 087-Fast Tack Mist Adhesive | Related Product | Video,39,126,9118,83c289d5e288a630.html
https://sprayway-tpr.com/en/product/389/glass-cleaner.html,050-Glass Cleaner,"The World's Best Glass Cleaner. Excellent for windows, mirrors, windshields and other glass surfaces.
Dissolves dirt, grease, grit, and grime.
Heavy-duty foam clings to vertical surfaces.
Guaranteed to leave no film.
Contains perfume-grade alcohol for best performance.
Ammonia-free.
Clean fresh fragrance.
Auto Body,Auto Parts,Auto Detailing,Auto Trim,Furniture & Upholstery,Glass & Mirror Trades,Hardware Supplies,
Housekeeping, Maintenance,Mass Merchant,Woodworking Trades",Sprayway products | 050-Glass Cleaner | Related Product | Video,42,129,9147,bed90d08598d7407.html
https://sprayway-tpr.com/en/product/28/ammoniated-glass-cleaner.html,043-Ammoniated Glass Cleaner,"Superior spray that provides uniform coverage with a clinging foam.
Loosens soils on contact and holds them even on a vertical surface.
Fast drying and leaves no film.
Contains ammonia - no hazing or streaming.
Auto Body,Auto Parts,Auto Detailing, Auto Trim, Furniture & Upholstery, Glass & Mirror, Hardware Supplies, Housekeeping, Maintenance, 
Mass Merchant",Sprayway products | 043-Ammoniated Glass Cleaner | Related Product | Video,42,129,9073,9123557ec546ab1e.html
https://sprayway-tpr.com/en/product/brand/-1.html?p=2,Sprayway products,The aerosols supply for industrial trade...,Sprayway products | Video,29,123,8650,c4a284c29b74fc9c.html
https://sprayway-tpr.com/en/product/brand/-1.html?p=3,Sprayway products,The aerosols supply for industrial trade...,Sprayway products | Video,29,122,8646,bb0fb7c18c5609f6.html
https://sprayway-tpr.com/en/product/brand/-1.html?p=4,Sprayway products,The aerosols supply for industrial trade...,Sprayway products | Video,29,122,8571,e09337b5d90fe37e.html
https://sprayway-tpr.com/en/product/brand/-1.html?p=5,Sprayway products,The aerosols supply for industrial trade...,Sprayway products | Video,29,122,8570,44ddd65616c49a1b.html
https://sprayway-tpr.com/en/product/brand/-1.html?p=6,Sprayway products,The aerosols supply for industrial trade...,Sprayway products | Video,29,123,8685,01fb28ab1bb7a359.html
https://sprayway-tpr.com/en/product/brand/-1.html?p=7,Sprayway products,The aerosols supply for industrial trade...,Sprayway products | Video,28,120,8636,7ec81858a308a40e.html
https://sprayway-tpr.com/cn/product/575/chaixits945.html,945 号硅油润滑剂 - 适用于印刷框、印刷板、裁布机及机械部件,"功能: 降低摩擦，防止粘连，延长印刷框、印刷板、裁布机及机械零件的使用寿命。
优点:
✔ 减少机械部件的磨损。
✔ 使表面保持清洁，防止灰尘积聚。
✔ 提高生产效率。",Sprayway products | 945 号硅油润滑剂 - 适用于印刷框、印刷板、裁布机及机械部件 | Sản phẩm cùng loại | Video,32,113,4879,728a0f8615df91f0.html
https://sprayway-tpr.com/cn/product/572/chaixitlaukinh048.html,Chai Xit Lau Kinh Sprayway Glass Cleaner 048 (Chai nho 4 OZ),"全球最佳玻璃清洁喷雾产品。
可用于清洁玻璃、窗户、镜子、挡风玻璃、陶瓷、瓷器、铬、瓦片等。

去除灰尘、油渍。
确保不留灰尘。
具有非常愉悦的香味。
可用于有色玻璃和透明玻璃。
泡沫型配方——可附着在垂直玻璃表面。
不留下指纹。",Sprayway products | 喷雾玻璃清洁剂 Sprayway Glass Cleaner 048（小瓶 4 OZ） | Sản phẩm cùng loại | Video,32,113,4941,dccb37d99ce36e30.html
https://sprayway-tpr.com/cn/product/567/chaixit608.html,喷雾玻璃清洁剂 Sprayway Glass Cleaner 608（小瓶 4 OZ）,"全球最佳高级玻璃清洁喷雾产品。
专用于清洁透明玻璃屏幕（如车窗、玻璃物品、窗户玻璃）。
清洁玻璃、窗户、镜子、挡风玻璃，去除灰尘，使玻璃表面保持透明，清洁如新。

使用后绝对不会留下任何灰尘颗粒。
具有非常愉悦的香味。
可用于有色玻璃和透明玻璃。
泡沫型配方——可附着在垂直玻璃表面。
不留下指纹，优化效果，适用于玻璃和镜面。",Sprayway products | 喷雾玻璃清洁剂 Sprayway Glass Cleaner 608（小瓶 4 OZ） | Sản phẩm cùng loại | Video,32,113,4973,ca031e5f3f239fe9.html
https://sprayway-tpr.com/cn/product/487/chai-xit-tay-da-nang---sprayway-031.html,CHAI XIT TAY DA NANG - SPRAYWAY 031,Liên hệ ngay để được tư vấn:					Chai ...,Sprayway products | 031号：多功能“疯狂”清洁剂 | Sản phẩm cùng loại | Video,49,130,4887,5f21b2ef8c0b30bf.html
https://sprayway-tpr.com/cn/product/472/104%E5%8F%B7%E8%8D%B7%E5%85%B0%E8%8B%B9%E6%9E%9C%E7%A9%BA%E6%B0%94%E8%8A%B3%E9%A6%99%E5%89%82.html,104号荷兰苹果空气芳香剂 -104号荷兰苹果空气芳香剂,The aerosols supply for industrial trade...,Sprayway products | 104号荷兰苹果空气芳香剂 | Sản phẩm cùng loại | Video,34,115,4838,64d4dcec5e785c89.html
https://sprayway-tpr.com/cn/product/54/092%E5%8F%B7%E9%AB%98%E6%B8%A9%E5%BC%BA%E5%8A%9B%E5%96%B7%E8%83%B6.html,092号高温强力喷胶-092号高温强力喷胶,The aerosols supply for industrial trade...,Sprayway products | 092号高温强力喷胶 | Sản phẩm cùng loại | Video,41,122,4881,a9dc87cb333e8035.html
https://sprayway-tpr.com/cn/product/317/083%E5%8F%B7%E7%BD%91%E7%8A%B6%E5%96%B7%E8%83%B6.html,083号网状喷胶,The aerosols supply for industrial trade...,Sprayway products | 083号网状喷胶 | Sản phẩm cùng loại | Video,32,113,4860,8356d39694cfea04.html
https://sprayway-tpr.com/cn/product/421/085%E5%8F%B7%E7%BD%91%E7%8A%B6%E9%80%9A%E7%94%A8%E5%96%B7%E8%83%B6.html,085号网状通用喷胶,The aerosols supply for industrial trade...,Sprayway products | 085号网状通用喷胶 | Sản phẩm cùng loại | Video,36,117,4827,25cdf70365c860e2.html
https://sprayway-tpr.com/cn/product/425/089%E5%8F%B7%E5%BF%AB%E9%80%9F%E5%9B%BA%E5%AE%9A%E4%B8%93%E4%B8%9A%E5%96%B7%E8%83%B6.html,089号快速固定专业喷胶 - 089号快速固定专业喷胶,The aerosols supply for industrial trade...,Sprayway products | 089号快速固定专业喷胶 | Sản phẩm cùng loại | Video,36,117,5012,32533e5f4664b191.html
https://sprayway-tpr.com/cn/product/423/087%E5%8F%B7%E5%B7%A5%E4%B8%9A%E7%94%A8%E5%96%B7%E8%83%B6.html,087号工业用喷胶 - 087号工业用喷胶,The aerosols supply for industrial trade...,Sprayway products | 087号工业用喷胶 | Sản phẩm cùng loại | Video,39,120,5034,b861a8b9fe843870.html
https://sprayway-tpr.com/cn/product/389/050%E5%8F%B7%E7%8E%BB%E7%92%83%E6%B8%85%E6%BD%94%E5%8A%91.html,050号玻璃清潔劑,The aerosols supply for industrial trade...,Sprayway products | 050号玻璃清潔劑 | Sản phẩm cùng loại | Video,43,124,5004,cf309081bf362e39.html
https://sprayway-tpr.com/cn/product/28/043%E5%8F%B7%E7%8E%BB%E7%92%83%E6%B8%85%E6%B4%81%E5%89%82%EF%BC%88%E6%B0%A8%E5%8C%96%EF%BC%89.html,043号玻璃清洁剂（氨化）,The aerosols supply for industrial trade...,Sprayway products | 043号玻璃清洁剂（氨化） | Sản phẩm cùng loại | Video,42,123,4869,4fcb113e3964c3fc.html
https://sprayway-tpr.com/cn/product/brand/-1.html?p=2,Sprayway products,The aerosols supply for industrial trade...,Sprayway products | Video,29,117,4563,c08f05f3aad523b1.html
https://sprayway-tpr.com/cn/product/brand/-1.html?p=3,Sprayway products,The aerosols supply for industrial trade...,Sprayway products | Video,29,116,4537,a51239d0a241b094.html
https://sprayway-tpr.com/cn/product/brand/-1.html?p=4,Sprayway products,The aerosols supply for industrial trade...,Sprayway products | Video,29,116,4546,1ce88b65c341758d.html
https://sprayway-tpr.com/cn/product/brand/-1.html?p=5,Sprayway products,The aerosols supply for industrial trade...,Sprayway products | Video,29,116,4540,605e03d7edec5568.html
https://sprayway-tpr.com/cn/product/brand/-1.html?p=6,Sprayway products,The aerosols supply for industrial trade...,Sprayway products | Video,29,117,4554,bc30c0e6cfc17e59.html
https://sprayway-tpr.com/cn/product/brand/-1.html?p=7,Sprayway products,The aerosols supply for industrial trade...,Sprayway products | Video,25,108,4505,225686096190bffd.html
https://sprayway-tpr.com/modules/product/popup/send_email.php?id=572&lang=vn&TB_iframe=true&width=650&height=550,.: TELL FRIEND :.,,,3,1,272,02e2f69959db25be.html
https://sprayway-tpr.com/modules/product/popup/send_email.php?id=567&lang=vn&TB_iframe=true&width=650&height=550,.: TELL FRIEND :.,,,3,1,272,94e9b9b921653ce1.html
https://sprayway-tpr.com/en/product/434/premium-mist-spray-adhesive.html,Product,Product,Home page Product | Brand | Video,29,160,9249,a84829553e724764.html
https://sprayway-tpr.com/cn/product/434/premium-mist-spray-adhesive.html,Product,Product,Home page Sản phẩm | Brand | Video,29,154,4890,203b0651d91aa630.html
https://sprayway-tpr.com/modules/product/popup/send_email.php?id=434&lang=vn&TB_iframe=true&width=650&height=550,.: TELL FRIEND :.,,,3,1,239,e8fec8fa14c85210.html
https://sprayway-tpr.com/modules/product/popup/send_email.php?id=472&lang=vn&TB_iframe=true&width=650&height=550,.: TELL FRIEND :.,,,3,1,238,3c9d7d4826bb0e91.html
https://sprayway-tpr.com/modules/product/popup/send_email.php?id=54&lang=vn&TB_iframe=true&width=650&height=550,.: TELL FRIEND :.,,,3,1,251,e6d93d081d230649.html
https://sprayway-tpr.com/modules/product/popup/send_email.php?id=317&lang=vn&TB_iframe=true&width=650&height=550,.: TELL FRIEND :.,,,3,1,239,2755da9ef5fec962.html
https://sprayway-tpr.com/modules/product/popup/send_email.php?id=421&lang=vn&TB_iframe=true&width=650&height=550,.: TELL FRIEND :.,,,3,1,237,159796e399b1c2cc.html
https://sprayway-tpr.com/modules/product/popup/send_email.php?id=425&lang=vn&TB_iframe=true&width=650&height=550,.: TELL FRIEND :.,,,3,1,238,1a1285954c622cc3.html
https://sprayway-tpr.com/vn/san-pham/brand/-1.html?p=1,Sản phẩm Sprayway,Sản phẩm chai xịt SPRAYWAY & TPR trong công nghiệp...,Sản phẩm Sprayway | Video,25,114,8741,7ba379d1952e764f.html
https://sprayway-tpr.com/vn/san-pham/brand/-1.html?p=9,Sản phẩm Sprayway,Sản phẩm chai xịt SPRAYWAY & TPR trong công nghiệp...,Sản phẩm Sprayway | Video,25,116,8702,adc4ba26913c9bdf.html
https://sprayway-tpr.com/en/product/brand/-1.html?p=8,Sprayway products,The aerosols supply for industrial trade...,Sprayway products | Video,28,120,8636,10d1f8cab6b2f700.html
https://sprayway-tpr.com/cn/product/brand/-1.html?p=8,Sprayway products,The aerosols supply for industrial trade...,Sprayway products | Video,25,108,4505,e9e000b85d302e33.html
https://sprayway-tpr.com/en/product/brand/-1.html?p=10,Sprayway products,The aerosols supply for industrial trade...,Sprayway products | Video,28,120,8636,1958eef5bcad841b.html
https://sprayway-tpr.com/cn/product/brand/-1.html?p=10,Sprayway products,The aerosols supply for industrial trade...,Sprayway products | Video,25,108,4505,be18f3f468051b66.html
https://sprayway-tpr.com/en/product/424/multi-purpose-spray-adhesive.html,Product,Product,Home page Product | Brand | Video,29,160,9249,dd482aeb1267146a.html
https://sprayway-tpr.com/cn/product/424/multi-purpose-spray-adhesive.html,Product,Product,Home page Sản phẩm | Brand | Video,29,154,4890,517d996a57d03209.html
https://sprayway-tpr.com/modules/product/popup/send_email.php?id=424&lang=vn&TB_iframe=true&width=650&height=550,.: TELL FRIEND :.,,,3,1,231,47fbdea96465988b.html
https://sprayway-tpr.com/en/product/394/clean-jet-100.html,805-Clean Jet 100,The aerosols supply for industrial trade...,Sprayway products | 805-Clean Jet 100 | Related Product | Video,41,128,9217,3c7c0e4e0b05873f.html
https://sprayway-tpr.com/cn/product/394/805%E5%8F%B7100%E5%9E%8B%E8%80%90%E7%81%AB%E5%8E%8B%E7%BC%A9%E6%B8%85%E6%B4%81%E5%96%B7%E6%B0%94.html,805号100型耐火压缩清洁喷气-805号100型耐火压缩清洁喷气,The aerosols supply for industrial trade...,Sprayway products | 805号100型耐火压缩清洁喷气 | Sản phẩm cùng loại | Video,41,122,4900,eb9438947ab1c34c.html
https://sprayway-tpr.com/modules/product/popup/send_email.php?id=394&lang=vn&TB_iframe=true&width=650&height=550,.: TELL FRIEND :.,,,3,1,248,604aba46ffc24280.html
https://sprayway-tpr.com/en/product/544/Big%20size%20thread%20cutter%20LDH-XS185%2018.5cm.html,Big size thread cutter LDH-XS185 18.5cm,Big size thread cutter LDH-XS185 18.5cm,Fabric scissors | Big size thread cutter LDH-XS185 18.5cm | Related Product | LDH | Video,38,125,9981,2fe0ba6b3d909617.html
https://sprayway-tpr.com/cn/product/544/%E4%B8%8D%E9%94%88%E9%92%A2%E5%BC%BA%E5%8A%9B%E5%89%AA%E5%88%80%20LDH-XS185%2018.5cm.html,不锈钢强力剪刀 LDH-XS185 18.5cm,不锈钢强力剪刀 LDH-XS185 18.5cm,裁布剪刀 | 不锈钢强力剪刀 LDH-XS185 18.5cm | Sản phẩm cùng loại | LDH | Video,38,119,5010,c2f89f1fb9ca7442.html
https://sprayway-tpr.com/modules/product/popup/send_email.php?id=544&lang=vn&TB_iframe=true&width=650&height=550,.: TELL FRIEND :.,,,3,1,257,b06868a41fb39a40.html
https://sprayway-tpr.com/vn/san-pham/M%E1%BB%B9%20Thu%E1%BA%ADt-1.html?p=1,Mỹ Thuật,Sản phẩm chai xịt SPRAYWAY & TPR trong công nghiệp...,Mỹ Thuật | Thương hiệu | Video,25,147,9124,beab9ae092efa8b9.html
https://sprayway-tpr.com/cn/product/brand/may-mac-8.html,MAY MAC,The aerosols supply for industrial trade...,缝纫业 | SRAYWAY SINGAPORE | Video,18,88,4368,1c15088f5f6fd84b.html
https://sprayway-tpr.com/en/product/brand/SS-JJW-13.html,SS-JJW,The aerosols supply for industrial trade...,SS-JJW | SS-JJW | Video,18,93,8245,a852a87af3035512.html
https://sprayway-tpr.com/cn/product/brand/SS-JJW-13.html,SS-JJW,The aerosols supply for industrial trade...,SS-JJW | SS-JJW | Video,18,87,4348,65dcbcda57c0862a.html
https://sprayway-tpr.com/en/product/brand/phan-may-vaporizable-20.html,Rabbitchalk VAPORIZABLE,The aerosols supply for industrial trade...,Rabbitchalk VAPORIZABLE | Rabbitchalk | Video,18,97,8392,94680a04402342ab.html
https://sprayway-tpr.com/cn/product/brand/phan-may-vaporizable-20.html,Rabbitchalk 挥发性粉笔,The aerosols supply for industrial trade...,Rabbitchalk 挥发性粉笔 | Rabbitchalk | Video,18,91,4468,ca8152723874973e.html
https://sprayway-tpr.com/en/product/brand/sanme-26.html,SANME,The aerosols supply for industrial trade...,SANME | SANME | Video,25,107,8612,70ae91dbe8a04ae1.html
https://sprayway-tpr.com/cn/product/brand/sanme-26.html,SAME,The aerosols supply for industrial trade...,SANME | SANME | Video,25,101,4516,e13381d23da2b305.html
https://sprayway-tpr.com/en/product/brand/logo-js-28.html,thương hiệu JS,The aerosols supply for industrial trade...,JS | JS | Video,23,104,8433,cb5208edc26be367.html
https://sprayway-tpr.com/cn/product/brand/logo-js-28.html,thương hiệu JS,The aerosols supply for industrial trade...,JS | JS | Video,23,98,4407,b208f8441f573e4a.html
https://sprayway-tpr.com/en/product/brand/cxada-32.html,cx-ada,The aerosols supply for industrial trade...,CX ADA | CX ADA | Video,18,93,8246,f2ddc54be6dff959.html
https://sprayway-tpr.com/cn/product/brand/cxada-32.html,cx-ada,The aerosols supply for industrial trade...,CX ADA | CX ADA | Video,18,87,4341,f7fdb03990aad17d.html
https://sprayway-tpr.com/vn/san-pham/595/sung-ban-tay-sf-120.html,súng bắn tẩy SF-120, ,SÚNG BẮN TẨY | SÚNG BẮN TẨY SF-120 | Sản phẩm cùng loại | CX ADA | Video,23,100,8621,f9ff726077c5b897.html
https://sprayway-tpr.com/en/product/brand/sung-ban-tay-33.html,Stain Removal Gun,The aerosols supply for industrial trade...,Stain Removal Gun | CX ADA | Video,18,94,8286,2b91274d77c3884b.html
https://sprayway-tpr.com/cn/product/brand/sung-ban-tay-33.html,去渍枪,The aerosols supply for industrial trade...,去渍枪 | CX ADA | Video,18,88,4339,7033c0e113f3b382.html
https://sprayway-tpr.com/en/product/brand/kingmu-34.html,kinhmu,The aerosols supply for industrial trade...,KINHMU | KINHMU | Video,18,93,8240,aa5cf8b3c5ad2896.html
https://sprayway-tpr.com/cn/product/brand/kingmu-34.html,kinhmu,The aerosols supply for industrial trade...,KINHMU | KINHMU | Video,18,87,4343,d0eddbcb71adbbf0.html
https://sprayway-tpr.com/vn/san-pham/596/sung-phun-kingmu-180c.html,SÚNG BẮN TẨY KINGMU-180C,Sản phẩm chai xịt SPRAYWAY & TPR trong công nghiệp...,SÚNG BẮN TẨY | SÚNG BẮN TẨY KINGMU-180C | Sản phẩm cùng loại | KINGMU | Video,23,100,8631,2a1da6f78416fffd.html
https://sprayway-tpr.com/en/product/brand/sung-phun-kingmu-35.html,Spray Gun,The aerosols supply for industrial trade...,Spray Gun | KINHMU | Video,18,94,8256,df83310bd65c4bc3.html
https://sprayway-tpr.com/cn/product/brand/sung-phun-kingmu-35.html,喷枪,The aerosols supply for industrial trade...,喷枪 | KINHMU | Video,18,88,4338,6e1b0a60b36492c6.html
https://sprayway-tpr.com/en/product/brand/sw-38.html,sw,The aerosols supply for industrial trade...,SW | SW | Video,20,97,8360,9b243c16a47defc4.html
https://sprayway-tpr.com/cn/product/brand/sw-38.html,sw,The aerosols supply for industrial trade...,SW | SW | Video,20,91,4372,3ed94c288d2aa52f.html
https://sprayway-tpr.com/en/product/brand/may-mac-39.html,Sewing Trades,The aerosols supply for industrial trade...,Sewing Trades | SW | Video,20,98,8396,52fc230662981b4f.html
https://sprayway-tpr.com/cn/product/brand/may-mac-39.html,缝纫业,The aerosols supply for industrial trade...,缝纫业 | SW | Video,20,92,4378,2d19e5575d3af919.html
https://sprayway-tpr.com/en/product/16/hoil-penetrating-oil---rust-preventative.html,961-Hoil Penetrating Oil & Rust Preventative,The aerosols supply for industrial trade...,Sprayway products | 961-Hoil Penetrating Oil & Rust Preventative | Related Product | Video,39,126,13343,9d624fd565fd10c8.html
https://sprayway-tpr.com/cn/product/16/961%E5%8F%B7HOIL%E6%B8%97%E9%80%8F%E9%98%B2%E9%94%88%E5%89%82.html,961号HOIL渗透防锈剂-961号HOIL渗透防锈剂,The aerosols supply for industrial trade...,Sprayway products | 961号HOIL渗透防锈剂 | Sản phẩm cùng loại | Video,39,120,9031,2c1a7e27f8da16b6.html
https://sprayway-tpr.com/modules/product/popup/send_email.php?id=16&lang=vn&TB_iframe=true&width=650&height=550,.: TELL FRIEND :.,,,3,1,234,11312b4d328b13bb.html
http://sprayway-tpr.com/,"Industrial Aerosols Vietnam | Sprayway-TPR Co., LTD",Sản phẩm chai xịt SPRAYWAY & TPR trong công nghiệp...,Sản phẩm mới | Video | Sản phẩm | Tin tức,81,191,9803,6750f56453dba768.html
https://sprayway-tpr.com/en/product/426/malodor-neutralizer.html,190-Malodor Neutralizer,The aerosols supply for industrial trade...,Sprayway products | 190-Malodor Neutralizer | Related Product | Video,47,134,9147,4ebe3a9faa9ff9d0.html
https://sprayway-tpr.com/cn/product/426/190%E5%8F%B7%E5%BC%82%E5%91%B3%E6%B8%85%E9%99%A4%E5%89%82.html,190号异味清除剂-190号异味清除剂,The aerosols supply for industrial trade...,Sprayway products | 190号异味清除剂 | Sản phẩm cùng loại | Video,47,128,4902,99e0f59035e63c60.html
https://sprayway-tpr.com/modules/product/popup/send_email.php?id=426&lang=vn&TB_iframe=true&width=650&height=550,.: TELL FRIEND :.,,,3,1,232,7ac4e8862c5bb6a3.html
https://sprayway-tpr.com/en/product/480/003-Good_Night.html,003 - Good Night,"Unique formula in the United States, the origin of the United States, the products meet the U.S. Environmental Protection Agency (EPA) Montreal Protocol (Montreal Protocol) and the Clean Air Act ...",Sprayway products | 003 - Good Night | Related Product | Video,38,125,9708,c790ef3fa63b82c7.html
https://sprayway-tpr.com/cn/product/480/003%E5%8F%B7%E4%B8%93%E4%B8%9A%E9%99%A4%E8%9E%A8%E8%99%AB%E5%96%B7%E5%89%82.html,003号专业除螨虫喷剂 - 003号专业除螨虫喷剂,The aerosols supply for industrial trade...,Sprayway products | 003号专业除螨虫喷剂 | Sản phẩm cùng loại | Video,38,119,5037,fc527aef522fb555.html
https://sprayway-tpr.com/modules/product/popup/send_email.php?id=480&lang=vn&TB_iframe=true&width=650&height=550,.: TELL FRIEND :.,,,3,1,248,12d7a977a55791fb.html
https://sprayway-tpr.com/en/product/57/white-grease-lubricant.html,715-White Grease Lubricant Spray,Created for applications where metal meets metal.					Provides long-lasting lubricating film with excellent heat resistance.					Resists rust and other corrosive action.					Helps to keep machinery ...,Sprayway products | 715-White Grease Lubricant Spray | Related Product | Video,39,126,9135,b2ebe54cb008d1c8.html
https://sprayway-tpr.com/cn/product/57/715%E5%8F%B7%E5%B7%A5%E4%B8%9A%E6%9E%81%E7%99%BD%E9%94%82%E6%B2%B9%E6%B6%A6%E6%BB%91%E5%89%82.html,715号工业极白锂油润滑剂-715号工业极白锂油润滑剂,&bull; 高级工业油脂润滑剂，适用于所有。	&bull; 能提供持久且无污染的润滑膜，具有很优良的抗热性能。	&bull; ...,Sprayway products | 715号工业极白锂油润滑剂 | Sản phẩm cùng loại | Video,39,120,4875,9943e0003c3fe27f.html
https://sprayway-tpr.com/modules/product/popup/send_email.php?id=57&lang=vn&TB_iframe=true&width=650&height=550,.: TELL FRIEND :.,,,3,1,258,f073bbb1b4ab05da.html
https://sprayway-tpr.com/en/product/405/gasket-remover.html,719-Gasket Remover,"Saves time and labor for automotive 			Facilitates gasket removal, even when difficult.			Excellent for automotive, marine, and farm machinery.			Safe for use on metal surfaces.			Leaves no film ...",Sprayway products | 719-Gasket Remover | Related Product | Video,35,122,9040,89a10ecbefe4bd71.html
https://sprayway-tpr.com/cn/product/405/719%E5%8F%B7%E5%9E%AB%E5%9C%88%E6%8B%86%E5%8D%B8%E5%89%82.html,719号垫圈拆卸剂-719号垫圈拆卸剂,The aerosols supply for industrial trade...,Sprayway products | 719号垫圈拆卸剂 | Sản phẩm cùng loại | Video,35,116,4852,aa2f6ec06bad697e.html
https://sprayway-tpr.com/modules/product/popup/send_email.php?id=405&lang=vn&TB_iframe=true&width=650&height=550,.: TELL FRIEND :.,,,3,1,229,9a18182123ac1eca.html
https://sprayway-tpr.com/en/product/406/welders-anti-spatter-spray.html,725-Welder's Anti-Spatter Spray,"Handy for automotive, electrical, hardware, signs/display welding.			Prevents spatter buildup on welding gun nozzles, electrode holders and contact tips.			Reduces downtime caused by spatter ...",Sprayway products | 725-Welder's Anti-Spatter Spray | Related Product | Video,37,124,9184,e59f1f5691fea968.html
https://sprayway-tpr.com/cn/product/406/725%E5%8F%B7%E5%B7%A5%E4%B8%9A%E7%84%8A%E6%9C%BA%E9%98%B2%E6%BA%85%E5%96%B7%E5%89%82.html,725号工业焊机防溅喷剂 -725号工业焊机防溅喷剂,The aerosols supply for industrial trade...,Sprayway products | 725号工业焊机防溅喷剂 | Sản phẩm cùng loại | Video,37,118,4893,dff6cd1a8b348099.html
https://sprayway-tpr.com/modules/product/popup/send_email.php?id=406&lang=vn&TB_iframe=true&width=650&height=550,.: TELL FRIEND :.,,,3,1,234,d7419fcfae72a6ea.html
https://sprayway-tpr.com/vn/san-pham/Ngo%E1%BA%A1i%20Th%E1%BA%A5t%20%C3%94%20t%C3%B4-2.html?p=1,Ngoại Thất Ô tô,Sản phẩm chai xịt SPRAYWAY & TPR trong công nghiệp...,Ngoại Thất Ô tô | Thương hiệu | Video,25,145,9112,82b00de545f11dd1.html
https://sprayway-tpr.com/en/product/473/apple-blossom---dry-air---fabric-deodorizer.html,161-Apple Blossom - Dry Air & Fabric Deodorizer,The aerosols supply for industrial trade...,Sprayway products | 161-Apple Blossom - Dry Air & Fabric Deodorizer | Related Product | Video,34,121,9226,19302e02885a7676.html
https://sprayway-tpr.com/cn/product/473/161%E5%8F%B7%E8%8B%B9%E6%9E%9C%E8%8A%B1%E5%B9%B2%E7%A9%BA%E6%B0%94%E5%92%8C%E7%BB%87%E7%89%A9%E9%99%A4%E8%87%AD%E5%89%82.html,161号苹果花干空气和织物除臭剂-161号苹果花干空气和织物除臭剂,The aerosols supply for industrial trade...,Sprayway products | 161号苹果花干空气和织物除臭剂 | Sản phẩm cùng loại | Video,34,115,5121,0fb59985e11fb098.html
https://sprayway-tpr.com/modules/product/popup/send_email.php?id=473&lang=vn&TB_iframe=true&width=650&height=550,.: TELL FRIEND :.,,,3,1,255,9feb60e5cba85926.html
https://sprayway-tpr.com/en/product/474/cinnamon---dry-air---fabric-deodorizer.html,162-Cinnamon - Dry Air & Fabric Deodorizer,The aerosols supply for industrial trade...,Sprayway products | 162-Cinnamon - Dry Air & Fabric Deodorizer | Related Product | Video,34,121,9216,cc956303cbe9cdd6.html
https://sprayway-tpr.com/cn/product/474/162%E5%8F%B7%E6%A1%82%E9%A6%99%E6%B8%85%E6%96%B0%E5%89%82.html,162号桂香清新剂-162号桂香清新剂,The aerosols supply for industrial trade...,Sprayway products | 162号桂香清新剂 | Sản phẩm cùng loại | Video,34,115,5100,fad1dbae31ec92dc.html
https://sprayway-tpr.com/modules/product/popup/send_email.php?id=474&lang=vn&TB_iframe=true&width=650&height=550,.: TELL FRIEND :.,,,3,1,255,177e59211aa85efe.html
https://sprayway-tpr.com/en/product/475/tropical-fruit---dry-air---fabric-deodorizer.html,165-Tropical Fruit - Dry Air & Fabric Deodorizer,The aerosols supply for industrial trade...,Sprayway products | 165-Tropical Fruit - Dry Air & Fabric Deodorizer | Related Product | Video,34,121,9228,75523ff195bf0eed.html
https://sprayway-tpr.com/cn/product/475/165%E5%8F%B7%E7%83%AD%E5%B8%A6%E6%B0%B4%E6%9E%9C%E6%B8%85%E6%96%B0%E5%89%82.html,165号热带水果清新剂-165号热带水果清新剂,The aerosols supply for industrial trade...,Sprayway products | 165号热带水果清新剂 | Sản phẩm cùng loại | Video,34,115,5106,e8973b77715ee7a6.html
https://sprayway-tpr.com/modules/product/popup/send_email.php?id=475&lang=vn&TB_iframe=true&width=650&height=550,.: TELL FRIEND :.,,,3,1,270,f56f9f38a617b7aa.html
https://sprayway-tpr.com/en/product/476/baby-powder---dry-air---fabric-deodorizer.html,167-Baby Powder - Dry Air & Fabric Deodorizer,The aerosols supply for industrial trade...,Sprayway products | 167-Baby Powder - Dry Air & Fabric Deodorizer | Related Product | Video,34,121,9222,be51d003841b1da0.html
https://sprayway-tpr.com/cn/product/476/167%E5%8F%B7%E5%A9%B4%E5%84%BF%E7%88%BD%E8%BA%AB%E7%B2%89%E6%B8%85%E6%96%B0%E5%89%82.html,Baby Powder - Dry Air & Fabric Deodorizer,The aerosols supply for industrial trade...,Sprayway products | 167号婴儿爽身粉清新剂 | Sản phẩm cùng loại | Video,34,115,5125,37c400916e0573b0.html
https://sprayway-tpr.com/modules/product/popup/send_email.php?id=476&lang=vn&TB_iframe=true&width=650&height=550,.: TELL FRIEND :.,,,3,1,264,cacd99d964fb63f0.html
https://sprayway-tpr.com/en/product/404/automotive-carburetor---choke-cleaner.html,563-Automotive Carburetor & Choke Cleaner,The aerosols supply for industrial trade...,Sprayway products | 563-Automotive Carburetor & Choke Cleaner | Related Product | Video,32,119,9102,b3d9d52db88f6f63.html
https://sprayway-tpr.com/cn/product/404/563%E5%8F%B7%E6%B1%BD%E8%BB%8A%E5%8C%96%E6%B2%B9%E5%99%A8%E5%8F%8A%E6%89%BC%E6%B5%81%E5%9C%88%E6%B8%85%E6%BD%94.html,563号汽車化油器及扼流圈清潔-563号汽車化油器及扼流圈清潔,The aerosols supply for industrial trade...,Sprayway products | 563号汽車化油器及扼流圈清潔 | Sản phẩm cùng loại | Video,32,113,5006,a89e5b0121a51246.html
https://sprayway-tpr.com/modules/product/popup/send_email.php?id=404&lang=vn&TB_iframe=true&width=650&height=550,.: TELL FRIEND :.,,,3,1,264,31aa0669db1e5ed9.html
https://sprayway-tpr.com/vn/san-pham/Ph%E1%BB%A5%20T%C3%B9ng%20%C3%94%20t%C3%B4-3.html?p=1,Phụ Tùng Ô tô,Sản phẩm chai xịt SPRAYWAY & TPR trong công nghiệp...,Phụ Tùng Ô tô | Thương hiệu | Video,25,146,9225,356940028f909ff9.html
https://sprayway-tpr.com/en/product/229/fresh-linen-metered-air-freshener.html,110-Fresh Linen Metered Air,The aerosols supply for industrial trade...,Sprayway products | 110-Fresh Linen Metered Air | Related Product | Video,34,121,9042,6ecc427d62a9b55b.html
https://sprayway-tpr.com/cn/product/229/110%E5%8F%B7%E6%B8%85%E6%96%B0%E7%BB%87%E5%B8%83%E7%A9%BA%E6%B0%94%E8%8A%B3%E9%A6%99%E5%89%82.html,110号清新织布空气芳香剂-110号清新织布空气芳香剂,The aerosols supply for industrial trade...,Sprayway products | 110号清新织布空气芳香剂 | Sản phẩm cùng loại | Video,34,115,4835,26f3474b85bbef7f.html
https://sprayway-tpr.com/modules/product/popup/send_email.php?id=229&lang=vn&TB_iframe=true&width=650&height=550,.: TELL FRIEND :.,,,3,1,242,409410fb96a1707b.html
https://sprayway-tpr.com/en/product/231/marvelous-mango-metered-air-freshener.html,116-Marvelous Mango Metered Air,The aerosols supply for industrial trade...,Sprayway products | 116-Marvelous Mango Metered Air | Related Product | Video,34,121,9050,af70ac291eb55024.html
https://sprayway-tpr.com/cn/product/231/%E5%A5%87%E5%A6%99%E7%9A%84%E8%8A%92%E6%9E%9C%E5%92%AA%E9%8C%B6%E7%A9%BA%E6%B0%A3%E6%B8%85%E6%96%B0%E5%8A%91.html,116号奇妙的芒果咪錶空氣清新劑,The aerosols supply for industrial trade...,Sprayway products | 116号奇妙的芒果咪錶空氣清新劑 | Sản phẩm cùng loại | Video,34,115,4827,868611ac7484c82e.html
https://sprayway-tpr.com/modules/product/popup/send_email.php?id=231&lang=vn&TB_iframe=true&width=650&height=550,.: TELL FRIEND :.,,,3,1,239,115442a875920139.html
https://sprayway-tpr.com/en/product/236/fabric-cleaner-plus.html,508-Fabric Cleaner Plus,The aerosols supply for industrial trade...,Sprayway products | 508-Fabric Cleaner Plus | Related Product | Video,37,124,9023,36e369765f7e8c65.html
https://sprayway-tpr.com/cn/product/236/508%E5%8F%B7%E7%B9%94%E7%89%A9%E6%B8%85%E6%BD%94%E5%8A%91.html,508号織物清潔劑-508号織物清潔劑,The aerosols supply for industrial trade...,Sprayway products | 508号織物清潔劑 | Sản phẩm cùng loại | Video,37,118,4824,e45501d93ba0e827.html
https://sprayway-tpr.com/modules/product/popup/send_email.php?id=236&lang=vn&TB_iframe=true&width=650&height=550,.: TELL FRIEND :.,,,3,1,237,c5f791615f07c076.html
https://sprayway-tpr.com/en/product/237/fabric-cleaner.html,558-Fabric Cleaner,The aerosols supply for industrial trade...,Sprayway products | 558-Fabric Cleaner | Related Product | Video,36,123,9095,51acef311db6e687.html
https://sprayway-tpr.com/cn/product/237/558%E5%8F%B7%E7%B9%94%E7%89%A9%E6%B8%85%E6%BD%94%E5%8A%91.html,558号織物清潔劑,The aerosols supply for industrial trade...,Sprayway products | 558号織物清潔劑 | Sản phẩm cùng loại | Video,36,117,4852,3c292eab9daefd28.html
https://sprayway-tpr.com/modules/product/popup/send_email.php?id=237&lang=vn&TB_iframe=true&width=650&height=550,.: TELL FRIEND :.,,,3,1,244,9c93950f063a0baa.html
https://sprayway-tpr.com/en/product/238/clean-breeze-air-freshener.html,575-Clean Breeze Air Freshener,The aerosols supply for industrial trade...,Sprayway products | 575-Clean Breeze Air Freshener | Related Product | Video,33,120,9104,f8e77abb12a14160.html
https://sprayway-tpr.com/cn/product/238/%E6%B8%85%E6%BD%94%E5%BE%AE%E9%A2%A8%E7%A9%BA%E6%B0%A3%E6%B8%85%E6%96%B0%E5%8A%91.html,清潔微風空氣清新劑,The aerosols supply for industrial trade...,Sprayway products | 575号清潔微風空氣清新劑 | Sản phẩm cùng loại | Video,33,114,4852,369ecd28891fda90.html
https://sprayway-tpr.com/modules/product/popup/send_email.php?id=238&lang=vn&TB_iframe=true&width=650&height=550,.: TELL FRIEND :.,,,3,1,239,07ca46a4f7774744.html
https://sprayway-tpr.com/en/product/88/carpet-spotter-plus.html,676-Carpet Spotter Plus,The aerosols supply for industrial trade...,Sprayway products | 676-Carpet Spotter Plus | Related Product | Video,37,124,9215,29c12976a7a0dc26.html
https://sprayway-tpr.com/cn/product/88/676%E5%8F%B7%E5%8A%A0%E5%BC%BA%E5%9E%8B%E5%9C%B0%E6%AF%AF%E5%8E%BB%E6%B1%A1%E5%89%82.html,676号加强型地毯去污剂-676号加强型地毯去污剂,The aerosols supply for industrial trade...,Sprayway products | 676号加强型地毯去污剂 | Sản phẩm cùng loại | Video,37,118,5145,17bd8e8ad68ff201.html
https://sprayway-tpr.com/modules/product/popup/send_email.php?id=88&lang=vn&TB_iframe=true&width=650&height=550,.: TELL FRIEND :.,,,3,1,234,ac61f3f6b3872633.html
https://sprayway-tpr.com/vn/san-pham/Thi%E1%BA%BFt%20B%E1%BB%8B%20%C3%94%20t%C3%B4-4.html?p=1,Thiết Bị Ô tô,Sản phẩm chai xịt SPRAYWAY & TPR trong công nghiệp...,Thiết Bị Ô tô | Thương hiệu | Video,25,145,9096,af065f606dadc9e6.html
https://sprayway-tpr.com/en/product/272/silicone-spray.html,945-Silicone Spray,The aerosols supply for industrial trade...,Sprayway products | 945-Silicone Spray | Related Product | Video,44,131,9173,3a4dd18c6fcfc836.html
https://sprayway-tpr.com/cn/product/272/945%E5%8F%B7%E5%B9%B2%E6%BB%91%E7%A1%85%E9%85%AE%E5%96%B7%E5%89%82.html,945号干滑硅酮喷剂-945号干滑硅酮喷剂,The aerosols supply for industrial trade...,Sprayway products | 945号干滑硅酮喷剂 | Sản phẩm cùng loại | Video,44,125,5077,9c1fb15dceb11f20.html
https://sprayway-tpr.com/modules/product/popup/send_email.php?id=272&lang=vn&TB_iframe=true&width=650&height=550,.: TELL FRIEND :.,,,3,1,246,6833d0fba901ae25.html
https://sprayway-tpr.com/en/product/407/auto-care-velour-shampoo---interior-cleaner.html,731-Velour Shampoo,The aerosols supply for industrial trade...,Sprayway products | 731-Velour Shampoo | Related Product | Video,35,122,9092,79cbb292d63e9fe6.html
https://sprayway-tpr.com/cn/product/407/731%E5%8F%B7%E6%B1%BD%E8%BD%A6%E6%8A%A4%E7%90%86%E9%A6%99%E6%B3%A2%E5%86%85%E9%83%A8%E6%B8%85%E6%B4%97%E5%89%82.html,731号汽车护理香波内部清洗剂-731号汽车护理香波内部清洗剂,The aerosols supply for industrial trade...,Sprayway products | 731号汽车护理香波内部清洗剂 | Sản phẩm cùng loại | Video,35,116,4876,901eda16d6d4f63f.html
https://sprayway-tpr.com/modules/product/popup/send_email.php?id=407&lang=vn&TB_iframe=true&width=650&height=550,.: TELL FRIEND :.,,,3,1,248,22c4e7e3514e486d.html
https://sprayway-tpr.com/vn/san-pham/Thi%E1%BA%BFt%20B%E1%BB%8B%20T%E1%BB%B1%20%C4%90%E1%BB%99ng-5.html?p=1,Thiết Bị Tự Động,Sản phẩm chai xịt SPRAYWAY & TPR trong công nghiệp...,Thiết Bị Tự Động | Thương hiệu | Video,25,146,9133,4eeada778a8daf98.html
https://sprayway-tpr.com/vn/san-pham/%C4%90i%E1%BB%87n%20T%E1%BB%AD%20&amp;%20V%C4%83n%20Ph%C3%B2ng-6.html?p=1,Điện Tử & Văn Phòng,Sản phẩm chai xịt SPRAYWAY & TPR trong công nghiệp...,Điện Tử & Văn Phòng | Thương hiệu | Video,25,146,9181,a7a5240083123deb.html
https://sprayway-tpr.com/en/product/338/no-fray-spray.html,821-No Fray Spray,The aerosols supply for industrial trade...,Sprayway products | 821-No Fray Spray | Related Product | Video,33,120,9112,045c2a218536fb61.html
https://sprayway-tpr.com/cn/product/338/821%E5%8F%B7%E9%98%B2%E6%AF%9B%E8%BE%B9%E5%96%B7%E5%89%82.html,821号防毛边喷剂-821号防毛边喷剂, 			专门为缝纫人员设计，使其提高生产效率			防止针脚越位、减少缝线失误和布料浪费			防止布料毛边脱线，省时省工			干燥快速，有利于纺织品,Sprayway products | 821号防毛边喷剂 | Sản phẩm cùng loại | Video,33,114,4842,473712ff64174cf2.html
https://sprayway-tpr.com/modules/product/popup/send_email.php?id=338&lang=vn&TB_iframe=true&width=650&height=550,.: TELL FRIEND :.,,,3,1,241,3c6c89ba198e91a6.html
https://sprayway-tpr.com/en/product/546/Rubber%20handle%20scissors%2020.1cm%20LDH-X1.html,Rubber handle scissors 20.1cm LDH-X1,Rubber handle scissors 20.1cm LDH-X1,Fabric scissors | Rubber handle scissors 20.1cm LDH-X1 | Related Product | LDH | Video,38,127,9623,676ad6a47ded7471.html
https://sprayway-tpr.com/cn/product/546/%E5%B7%A5%E4%B8%9A%E5%89%AA%E5%88%8020.1cm%20LDH-X1.html,工业剪刀20.1cm LDH-X1,工业剪刀20.1cm LDH-X1,裁布剪刀 | 工业剪刀20.1cm LDH-X1 | Sản phẩm cùng loại | LDH | Video,38,121,4880,dd1ff54c3a92d09b.html
https://sprayway-tpr.com/modules/product/popup/send_email.php?id=546&lang=vn&TB_iframe=true&width=650&height=550,.: TELL FRIEND :.,,,3,1,236,25b565757ca6895b.html
https://sprayway-tpr.com/vn/san-pham/Gia%20D%E1%BB%A5ng%20&amp;%20N%E1%BB%99i%20Th%E1%BA%A5t-7.html?p=1,Gia Dụng & Nội Thất,Sản phẩm chai xịt SPRAYWAY & TPR trong công nghiệp...,Gia Dụng & Nội Thất | Thương hiệu | Video,25,149,9261,3b6047d08043521a.html
https://sprayway-tpr.com/en/product/429/mirror-edge-sealant.html,209-Mirror Edge Sealant,The aerosols supply for industrial trade...,Sprayway products | 209-Mirror Edge Sealant | Related Product | Video,36,123,9112,870dda23e9e6dc22.html
https://sprayway-tpr.com/cn/product/429/209%E5%8F%B7%E9%95%9C%E7%BC%98%E5%AF%86%E5%B0%81%E5%89%82.html,209号镜缘密封剂 - 209号镜缘密封剂,"&bull; 对于玻璃,镜子,画家及画卷装裱人员来说是一种必需品;	&bull; 可防止新切割镜子的边缘部分变黑;	&bull; 可减轻镀银层由于操作, ...",Sprayway products | 209号镜缘密封剂 | Sản phẩm cùng loại | Video,36,117,4898,fb1c582b16bc1caa.html
https://sprayway-tpr.com/modules/product/popup/send_email.php?id=429&lang=vn&TB_iframe=true&width=650&height=550,.: TELL FRIEND :.,,,3,1,237,8ca5dfe4e8635837.html
https://sprayway-tpr.com/vn/san-pham/Ki%E1%BA%BFng%20v%C3%A0%20G%C6%B0%C6%A1ng-8.html?p=1,Kiếng và Gương,Sản phẩm chai xịt SPRAYWAY & TPR trong công nghiệp...,Kiếng và Gương | Thương hiệu | Video,25,145,9156,db75421da28ffc74.html
https://sprayway-tpr.com/en/product/431/fast-track-adhesive.html,822-Fast Track Adhesive,"A  must for any sewing trades or embroidery factory.			Pressure-sensitive bonding ability solves difficlut assembly and positioning problems.			Repositionale, gives long tack, ...",Sprayway products | 822-Fast Tack Adhesive | Related Product | Video,34,121,9164,18d3fceaf02f7e28.html
https://sprayway-tpr.com/cn/product/431/fast-track-adhesive.html,822号图钉速粘喷胶,解决美术工艺工作者及印刷者在组合与定位之问题。			可重新定位，无皱，防热。			提高生产力，节约时间。			喷剂不会渗透进入纸样货品。,Sprayway products | 822号图钉速粘喷胶 | Sản phẩm cùng loại | Video,34,115,4830,07bc73fdf12ed1bc.html
https://sprayway-tpr.com/modules/product/popup/send_email.php?id=431&lang=vn&TB_iframe=true&width=650&height=550,.: TELL FRIEND :.,,,3,1,231,f218006dec5e2811.html
https://sprayway-tpr.com/vn/san-pham/Ngh%E1%BB%87%20Thu%E1%BA%ADt%20Qu%E1%BA%A3ng%20C%C3%A1o-9.html?p=1,Nghệ Thuật Quảng Cáo,Sản phẩm chai xịt SPRAYWAY & TPR trong công nghiệp...,Nghệ Thuật Quảng Cáo | Thương hiệu | Video,25,145,9144,a56f55d1d1827216.html
https://sprayway-tpr.com/vn/san-pham/D%E1%BB%8Bch%20V%E1%BB%A5%20S%E1%BB%ADa%20Ch%E1%BB%AFa-10.html?p=1,Dich Vu Sua Chua,Sản phẩm chai xịt SPRAYWAY & TPR trong công nghiệp...,Dịch Vụ Sửa Chữa | Thương hiệu | Video,25,147,9121,e5d96725ed037c2d.html
https://sprayway-tpr.com/en/product/549/keo-cat-vai-cao-cap-8-inch-ldh-g08.html,Keo cat vai cao cap 8 inch LDH-G08,"THÔNG TIN SẢN PHẨM: LDH-G08	- Được làm bằng thép không rỉ, sử dụng được lâu dài	- Ốc siết bằng đồng có độ giãn ...",Fabric scissors | High Quality Silver blade tailor scissors 8 inch LDH-G08 | Related Product | LDH | Video,38,127,10060,37c7389f4e40321b.html
https://sprayway-tpr.com/cn/product/549/8%E8%8B%B1%E5%AF%B8%E9%AB%98%E5%93%81%E8%B4%A8%E5%B8%83%E6%96%99%E5%89%AA%E5%88%80%20LDH-G08.html,8英寸高品质布料剪刀 LDH-G08,8英寸高品质布料剪刀 LDH-G08,裁布剪刀 | 8英寸高品质布料剪刀 LDH-G08 | Sản phẩm cùng loại | LDH | Video,38,121,5045,ca2770cf6372e4c5.html
https://sprayway-tpr.com/modules/product/popup/send_email.php?id=549&lang=vn&TB_iframe=true&width=650&height=550,.: TELL FRIEND :.,,,3,1,250,84bb4af696e18e36.html
https://sprayway-tpr.com/en/product/550/High%20Quality%20Silver%20blade%20tailor%20scissors%209%20inch%20LDH-G09.html,High Quality Silver blade tailor scissors 9 inch LDH-G09,High Quality Silver blade tailor scissors 9 inch LDH-G09,Fabric scissors | High Quality Silver blade tailor scissors 9 inch LDH-G09 | Related Product | LDH | Video,40,127,10013,bfef9724262302cc.html
https://sprayway-tpr.com/cn/product/550/9%E8%8B%B1%E5%AF%B8%E9%AB%98%E5%93%81%E8%B4%A8%E5%B8%83%E6%96%99%E5%89%AA%E5%88%80%20LDH-G09.html,9英寸高品质布料剪刀 LDH-G09,9英寸高品质布料剪刀 LDH-G09,裁布剪刀 | 9英寸高品质布料剪刀 LDH-G09 | Sản phẩm cùng loại | LDH | Video,40,121,5018,6c976f7f019313a0.html
https://sprayway-tpr.com/modules/product/popup/send_email.php?id=550&lang=vn&TB_iframe=true&width=650&height=550,.: TELL FRIEND :.,,,3,1,250,942c1dcbf717cf2e.html
https://sprayway-tpr.com/en/product/548/Rubber%20handle%20scissors%2017cm%20LDH-X3.html,Rubber handle scissors 17cm LDH-X3,Rubber handle scissors 17cm LDH-X3,Fabric scissors | Rubber handle scissors 17cm LDH-X3 | Related Product | LDH | Video,38,127,9619,7dbc1b88862404ed.html
https://sprayway-tpr.com/cn/product/548/%E5%B7%A5%E4%B8%9A%E5%89%AA%E5%88%80%2017cm%20LDH-X3.html,工业剪刀 17cm LDH-X3,工业剪刀 17cm LDH-X3,裁布剪刀 | 工业剪刀 17cm LDH-X3 | Sản phẩm cùng loại | LDH | Video,38,121,4880,ae135f90d41b04f9.html
https://sprayway-tpr.com/modules/product/popup/send_email.php?id=548&lang=vn&TB_iframe=true&width=650&height=550,.: TELL FRIEND :.,,,3,1,234,5825c11c1fd7504a.html
https://sprayway-tpr.com/vn/san-pham/H%C3%A0ng%20Ti%C3%AAu%20D%C3%B9ng-11.html?p=1,Hàng Tiêu Dùng,Sản phẩm chai xịt SPRAYWAY & TPR trong công nghiệp...,Hàng Tiêu Dùng | Thương hiệu | Video,25,147,9145,512c5e1183e7dcb3.html
https://sprayway-tpr.com/en/product/478/precision-contact-cleaner.html,789-Precision Contact Cleaner,The aerosols supply for industrial trade...,Sprayway products | 789-Precision Contact Cleaner | Related Product | Video,33,120,8998,577483c0ffc677ab.html
https://sprayway-tpr.com/cn/product/478/789%E5%8F%B7%E7%B2%BE%E5%AF%86%E7%94%B5%E8%A7%A6%E7%82%B9%E6%B8%85%E6%B4%81%E5%89%82.html,789号精密电触点清洁剂 - 789号精密电触点清洁剂,The aerosols supply for industrial trade...,Sprayway products | 789号精密电触点清洁剂 | Sản phẩm cùng loại | Video,33,114,4936,83ca24138fb50e05.html
https://sprayway-tpr.com/modules/product/popup/send_email.php?id=478&lang=vn&TB_iframe=true&width=650&height=550,.: TELL FRIEND :.,,,3,1,251,6ebe8b5657212811.html
https://sprayway-tpr.com/vn/san-pham/D%E1%BB%8Bch%20V%E1%BB%A5%20B%E1%BA%A3o%20Tr%C3%AC-12.html?p=1,Ngành Bảo Trì,Sản phẩm chai xịt SPRAYWAY & TPR trong công nghiệp...,Dịch Vụ Bảo Trì | Thương hiệu | Video,25,149,9169,b28a9eca2cf995b4.html
https://sprayway-tpr.com/vn/san-pham/Si%C3%AAu%20Th%E1%BB%8B-13.html?p=1,Siêu Thị,Sản phẩm chai xịt SPRAYWAY & TPR trong công nghiệp...,Siêu Thị | Thương hiệu | Video,25,147,9111,c18693f829e8a081.html
https://sprayway-tpr.com/en/product/427/plastic-spray.html,201-Plastic Spray,The aerosols supply for industrial trade...,Sprayway products | 201-Plastic Spray | Related Product | Video,38,125,9154,c32963d117e67160.html
https://sprayway-tpr.com/cn/product/427/201%E5%8F%B7%E5%A1%91%E6%96%99%E5%96%B7%E5%89%82%EF%BC%88%E6%B8%85%E6%99%B0%E5%AE%9A%E8%89%B2).html,201号塑料喷剂（清晰定色)-201号塑料喷剂（清晰定色),The aerosols supply for industrial trade...,Sprayway products | 201号塑料喷剂（清晰定色) | Sản phẩm cùng loại | Video,38,119,4847,f2e2f7d6135ebd78.html
https://sprayway-tpr.com/modules/product/popup/send_email.php?id=427&lang=vn&TB_iframe=true&width=650&height=550,.: TELL FRIEND :.,,,3,1,242,952d8b4b37787181.html
https://sprayway-tpr.com/vn/san-pham/Khung%20%E1%BA%A2nh-14.html?p=1,Khung Ảnh,Sản phẩm chai xịt SPRAYWAY & TPR trong công nghiệp...,Khung Ảnh | Thương hiệu | Video,25,144,9149,c3e115a494c7c3db.html
https://sprayway-tpr.com/vn/san-pham/In%20L%C6%B0%E1%BB%9Bi-15.html?p=1,In Lưới,Sản phẩm chai xịt SPRAYWAY & TPR trong công nghiệp...,In Lưới | Thương hiệu | Video,25,145,9150,9af69dffa3484b03.html
https://sprayway-tpr.com/vn/san-pham/May%20M%E1%BA%B7c-16.html?p=1,May Mặc,Sản phẩm chai xịt SPRAYWAY & TPR trong công nghiệp...,May Mặc | Thương hiệu | Video,25,151,9092,4200c07ceea366dd.html
https://sprayway-tpr.com/vn/san-pham/May%20M%E1%BA%B7c-16.html?p=9,May Mặc,Sản phẩm chai xịt SPRAYWAY & TPR trong công nghiệp...,May Mặc | Thương hiệu | Video,25,154,9246,a03261440c45569d.html
https://sprayway-tpr.com/vn/san-pham/May%20M%E1%BA%B7c-16.html?p=10,May Mặc,Sản phẩm chai xịt SPRAYWAY & TPR trong công nghiệp...,May Mặc | Thương hiệu | Video,25,154,9118,a4f66012fad38bdd.html
https://sprayway-tpr.com/vn/san-pham/May%20M%E1%BA%B7c-16.html?p=11,May Mặc,Sản phẩm chai xịt SPRAYWAY & TPR trong công nghiệp...,May Mặc | Thương hiệu | Video,25,153,9157,2d3de8a3a1e1e380.html
https://sprayway-tpr.com/vn/san-pham/May%20M%E1%BA%B7c-16.html?p=12,May Mặc,Sản phẩm chai xịt SPRAYWAY & TPR trong công nghiệp...,May Mặc | Thương hiệu | Video,25,153,9230,eef52a605a3ecd6f.html
https://sprayway-tpr.com/vn/san-pham/May%20M%E1%BA%B7c-16.html?p=14,May Mặc,Sản phẩm chai xịt SPRAYWAY & TPR trong công nghiệp...,May Mặc | Thương hiệu | Video,25,153,9246,7d5666201520ae99.html
https://sprayway-tpr.com/vn/san-pham/May%20M%E1%BA%B7c-16.html?p=13,May Mặc,Sản phẩm chai xịt SPRAYWAY & TPR trong công nghiệp...,May Mặc | Thương hiệu | Video,25,153,9163,8363f20a13802d61.html
https://sprayway-tpr.com/vn/san-pham/Qu%E1%BA%A3ng%20C%C3%A1o-17.html?p=1,Quảng Cáo,Sản phẩm chai xịt SPRAYWAY & TPR trong công nghiệp...,Quảng Cáo | Thương hiệu | Video,25,145,9099,759070413d67a52a.html
https://sprayway-tpr.com/en/product/240/furniture-polish.html,811-Furniture Polish,"Designed for commercial use - anywhere wood and many other surfaces require special care.			Dusts, cleans, and polishes in one step.			Removes stains, smudges, and fingerprints.			Protects fine ...",Sprayway products | 811-Furniture Polish | Related Product | Video,35,122,9133,b2aab9c1a8d47c85.html
https://sprayway-tpr.com/cn/product/240/811%E5%8F%B7%E5%AE%B6%E5%85%B7%E4%B8%8A%E5%85%89%E5%89%82.html,811号家具上光剂-811号家具上光剂,The aerosols supply for industrial trade...,Sprayway products | 811号家具上光剂 | Sản phẩm cùng loại | Video,35,116,5097,d368743a864bc6e2.html
https://sprayway-tpr.com/modules/product/popup/send_email.php?id=240&lang=vn&TB_iframe=true&width=650&height=550,.: TELL FRIEND :.,,,3,1,256,a940a595e7297989.html
https://sprayway-tpr.com/vn/san-pham/Ng%C3%A0nh%20G%E1%BB%97-18.html?p=1,Ngành Gỗ,Sản phẩm chai xịt SPRAYWAY & TPR trong công nghiệp...,Ngành Gỗ | Thương hiệu | Video,25,145,9222,ebf14d31eb8c588d.html
https://sprayway-tpr.com/en/product/608/may-cat-chi-thong-minh-tpr-1088.html,MAY CAT CHI THONG MINH TPR-1088,The aerosols supply for industrial trade...,Smart Thread Trimmer Machine | MÁY CẮT CHỈ THÔNG MINH TPR-1088 | Related Product | TPR products | Video,25,108,8649,5e382748f765c0c9.html
https://sprayway-tpr.com/en/product/603/dust_collector_tpr1488.html,Dust Collector TPR-1488,The aerosols supply for industrial trade...,Pneumatic Vacuum Dust Collector | Dust Collector TPR-1488 | Related Product | TPR products | Video,22,104,8571,9d974cd7d8219eef.html
https://sprayway-tpr.com/en/product/602/thread_trimmer_machine%20_TPR1688.html,Thread Trimmer Machine TPR-1688,The aerosols supply for industrial trade...,Smart Thread Trimmer Machine | Thread Trimmer Machine TPR-1688 | Related Product | TPR products | Video,25,108,8645,f42a05a94ede6322.html
https://sprayway-tpr.com/en/product/601/thread_trimmer_machine%20TPR-1388.html,Thread Trimmer Machine TPR-1388,The aerosols supply for industrial trade...,Smart Thread Trimmer Machine | Thread Trimmer Machine TPR-1388 | Related Product | TPR products | Video,24,108,8645,57b4a9da5dcc185b.html
https://sprayway-tpr.com/en/product/570/chaixitmy830.html,Spot Lifter 830 Degreaser Spray,"Strong cleaning power.
Safe and effective on fabrics such as wool, cotton, silk, and synthetic fibers.
Specially designed to remove oil stains and dirt from fabric surfaces. Easily sprays on stains without affecting fabric color—perfect for tailors and garment professionals.",TPR products | Spot Lifter 830 Degreaser Spray | Related Product | TPR products | Video,32,123,9118,beadbf93fbe7a1c0.html
https://sprayway-tpr.com/en/product/568/tpr063.html,Sprayway TPR063 Degreaser & Adhesive Remover Spray,"Specially designed for cleaning equipment in arts, photography, painting, and garment industries.
Safe to use on machines without needing to turn them off—ensuring no disruption to production.",TPR products | Sprayway TPR063 Degreaser & Adhesive Remover Spray | Related Product | TPR products | Video,32,123,9229,2d5974d0b285a7c0.html
https://sprayway-tpr.com/en/product/500/945-tpr-silicone-spray.html,945 TPR-Silicone Spray,"Helps reduce engine friction during operation.
Helps sewing needles operate smoothly and limits needle breakage...
Slows down the oxidation process of metals and motors.
Protects and preserves the life of machines, sewing needles, engines, etc.
Dries quickly; Does not leave a greasy or oily film.
Saves time and increases productivity.",TPR products | 945 TPR-Silicone Spray | Related Product | TPR products | Video,44,135,9155,07a7d90edcfba1d4.html
https://sprayway-tpr.com/en/product/499/833-tpr-spot-lifter-(non-chlorinated).html,833 TPR-Spot Lifter (Non-Chlorinated),"Formulated without chlorinated solvents to meet today's factory standards and fabrics requirements.			Guaranteed to leave no stains or rings.			Removes grease and oil stains safely from wool, ...",TPR products | 833 TPR-Spot Lifter (Non-Chlorinated) | Related Product | TPR products | Video,34,125,9148,77c342c96dcbe79a.html
https://sprayway-tpr.com/en/product/498/830-tpr-spot-lifter-.html,830 TPR-Spot Lifter,"Removes grease and oil stains from auto or furniture upholstery, slipcovers, carpeting, wallpaper, clothing, hats and neckties.
Safe and effective on wool, cotton, silk and synthetic materials.
Guaranteed to leave neither stains or rings.
Industrial strength formula.",TPR products | 830 TPR-Spot Lifter | Related Product | TPR products | Video,34,125,9083,2465943c8a1f4479.html
https://sprayway-tpr.com/en/product/497/822-tpr-fast-track-adhesive.html,822 TPR-Fast Track Adhesive,"A  must for any sewing trades or embroidery factory. Pressure-sensitive bonding ability solves difficlut assembly and positioning problems.	Repositionale, gives long tack, ...",TPR products | 822 TPR-Fast Tack Adhesive | Related Product | TPR products | Video,34,125,9135,33a890c5dda4d970.html
https://sprayway-tpr.com/en/product/496/088-tpr-multi-purpose-spray-adhesive.html,088 TPR-Multi-Purpose Spray Adhesive,"High-performance spray adhesive for artists, picture framers, printers, sign/display and 	Provides temporary or permanent bonds on lightweight materials. Speeds production ...",TPR products | 088 TPR-Multi-Purpose Spray Adhesive | Related Product | TPR products | Video,39,130,9148,2a802e3cf114e847.html
https://sprayway-tpr.com/en/product/495/066-tpr-premium-mist-spray-adhesive.html,066 TPR-Premium Mist Spray Adhesive,"For the art studio, print, picture framing, screen print or signs/display shop, sewing trades personnel, woodworkers, and office and settings.			Prevents paper patterns and stencils from ...",TPR products | 066 TPR-Premium Mist Spray Adhesive | Related Product | TPR products | Video,39,130,9186,1b2af065e2fde5b1.html
https://sprayway-tpr.com/en/product/brand/-2.html?p=2,TPR products,The aerosols supply for industrial trade...,TPR products | TPR products | Video,23,108,8529,23b9d69f10428265.html
https://sprayway-tpr.com/en/product/brand/smart_thread_trimmer_machine-36.html,Smart Thread Trimmer Machine,The aerosols supply for industrial trade...,Smart Thread Trimmer Machine | TPR products | Video,20,101,8480,1e99d89f9d15e61d.html
https://sprayway-tpr.com/en/product/brand/pneumatic_vacuum_dust_collector-37.html,Pneumatic Vacuum Dust Collector,The aerosols supply for industrial trade...,Pneumatic Vacuum Dust Collector | TPR products | Video,18,97,8417,b7d62be9ac61c5dc.html
https://sprayway-tpr.com/cn/product/608/may-cat-chi-thong-minh-tpr-1088.html,MAY CAT CHI THONG MINH TPR-1088,The aerosols supply for industrial trade...,智能剪线机 | MÁY CẮT CHỈ THÔNG MINH TPR-1088 | Sản phẩm cùng loại | TPR products | Video,25,102,4652,3b073f4105f5d3a0.html
https://sprayway-tpr.com/cn/product/603/%E5%90%B8%E5%B0%98%E8%AE%BE%E5%A4%87_tpr1488.html,吸尘设备 TPR-1488,The aerosols supply for industrial trade...,气动吸尘设备 | 吸尘设备 TPR-1488 | Sản phẩm cùng loại | TPR products | Video,22,98,4585,88ad2581c8bb0b1c.html
https://sprayway-tpr.com/cn/product/602/%E5%89%AA%E7%BA%BF%E6%9C%BA_tpr1688.html,剪线机 TPR-1688,The aerosols supply for industrial trade...,智能剪线机 | 剪线机 TPR-1688 | Sản phẩm cùng loại | TPR products | Video,25,102,4627,12db5d77c71641f5.html
https://sprayway-tpr.com/cn/product/601/%E5%89%AA%E7%BA%BF%E6%9C%BA_tpr1388.html,剪线机 TPR-1388,The aerosols supply for industrial trade...,智能剪线机 | 剪线机 TPR-1388 | Sản phẩm cùng loại | TPR products | Video,24,102,4634,be6b866fcce14c95.html
https://sprayway-tpr.com/cn/product/570/chaixitmy830.html,Spot Lifter 830 去油喷雾,"强效去污。
对羊毛、棉花、丝绸、合成纤维等面料安全有效。
专门清洁织物上的油渍和污渍，喷洒清洁剂方便，且不会影响面料的颜色。非常适合裁缝使用。
使用方法：将喷嘴的箭头旋转至标记的位置以打开喷雾口。摇匀，向上或向下摇动，喷洒在污渍上，确保完全覆盖污渍。大约2分钟后，干粉会干燥，随后轻轻拍去干粉，污渍会消失，且不会留下痕迹，无需再用水清洗。",TPR products | Spot Lifter 830 去油喷雾 | Sản phẩm cùng loại | TPR products | Video,32,117,4953,98bba115042cb881.html
https://sprayway-tpr.com/cn/product/568/tpr063.html,喷雾去油污、胶水清洁剂 Sprayway TPR063,"专门用于清洁艺术设备、画作、绘画、纺织品等。
操作时安全，无需关闭机器——不会中断生产过程。
轻松去除油脂、墨水、新涂层、胶水等污渍。
快速干燥、难燃、低毒性，不留灰尘。
不适用于塑料材料的产品。",TPR products | 喷雾去油污、胶水清洁剂 Sprayway TPR063 | Sản phẩm cùng loại | TPR products | Video,32,117,4909,6274b807a85f65f7.html
https://sprayway-tpr.com/cn/product/500/%E5%8F%B7%E5%B9%B2%E6%BB%91%E7%A1%85%E9%85%AE%E5%96%B7%E5%89%82.html,945 TPR-号干滑硅酮喷剂,美国仕必威sprayway945号干滑硅酮喷剂，美国独特配方，产品符合美国环保局(EPA)发布的蒙特利尔协议(Montreal ...,TPR products | 945 TPR-号干滑硅酮喷剂 | Sản phẩm cùng loại | TPR products | Video,44,129,5072,1ffa96e383a396fa.html
https://sprayway-tpr.com/cn/product/499/%E5%8F%B7%E6%B2%B9%E6%B1%A1%E5%B9%B2%E6%B4%97%E5%89%82(%E6%97%A0%E6%B0%AF%E5%8C%96%E9%85%8D%E6%96%B9).html,833 TPR-号油污干洗剂(无氯化配方),● ...,TPR products | 833 TPR-号油污干洗剂(无氯化配方) | Sản phẩm cùng loại | TPR products | Video,34,119,4873,476809e33b5fe4e6.html
https://sprayway-tpr.com/cn/product/498/%E5%8F%B7%E5%8E%BB%E6%B2%B9%E5%96%B7%E5%89%82%EF%BC%88%E5%B7%A5%E4%B8%9A%E7%94%A8%E9%80%94%EF%BC%89.html,830 TPR-号去油喷剂（工业用途）,● 采用特殊配方，可用于多种织物布料；	● 彻底清除纤维纺织品上的油渍，快捷高效，不留圈痕；	● 使用简单方便，只需进行喷涂，速干 ...,TPR products | 830 TPR-号去油喷剂（工业用途） | Sản phẩm cùng loại | TPR products | Video,34,119,4890,851f003c2e893855.html
https://sprayway-tpr.com/cn/product/497/%E5%8F%B7%E5%9B%BE%E9%92%89%E9%80%9F%E7%B2%98%E5%96%B7%E8%83%B6.html,822 TPR-号图钉速粘喷胶,解决美术工艺工作者及印刷者在组合与定位之问题。			可重新定位，无皱，防热。			提高生产力，节约时间。			喷剂不会渗透进入纸样货品。,TPR products | 822 TPR-号图钉速粘喷胶 | Sản phẩm cùng loại | TPR products | Video,34,119,4836,b9faa735bd318552.html
https://sprayway-tpr.com/cn/product/496/088-tpr-%E5%8F%B7%E5%A4%9A%E5%8A%9F%E8%83%BD%E5%96%B7%E8%83%B6.html,088 TPR-号多功能喷胶,● 防热防水、渗透率低，多用途喷胶；	● 可用于临时和永久粘合；	● 粘性强，粘合强度高，粘合性更好；	● ...,TPR products | 088 TPR-号多功能喷胶 | Sản phẩm cùng loại | TPR products | Video,39,124,4846,6ef07c0cf052f33e.html
https://sprayway-tpr.com/cn/product/495/066-tpr-%E5%8F%B7%E9%9B%BE%E7%8A%B6%E5%96%B7%E8%83%B6.html,066 TPR-号雾状喷胶,可用于画室、印刷、图画装裱、丝网印刷、标牌、指示牌指制作场所、缝纫、木加工以及办公和工业场所			可防止母稿和印版移位			可用于快速及高枮,TPR products | 066 TPR-号雾状喷胶 | Sản phẩm cùng loại | TPR products | Video,39,124,4872,6438b96994bb90c0.html
